study_name	sample_id	disease_day	ECC_day
PRJEB8094	P8C90	Health_90	NA
PRJEB8094	P8C7	Health_7	NA
PRJEB8094	P8C0	Health_0	NA
PRJEB8094	P7C90	Health_90	NA
PRJEB8094	P7C7	Health_7	NA
PRJEB8094	P7C0	Health_0	NA
PRJEB8094	P6C90	Health_90	NA
PRJEB8094	P6C7	Health_7	NA
PRJEB8094	P6C0	Health_0	NA
PRJEB8094	P38C90	Health_90	NA
PRJEB8094	P38C7	Health_7	NA
PRJEB8094	P38C0	Health_0	NA
PRJEB8094	P25C90	Health_90	NA
PRJEB8094	P25C7	Health_7	NA
PRJEB8094	P25C0	Health_0	NA
PRJEB8094	P23C90	Health_90	NA
PRJEB8094	P23C7	Health_7	NA
PRJEB8094	P23C0	Health_0	NA
PRJEB8094	P9E90	Exposed_90	EN_90
PRJEB8094	P9E7	Exposed_7	EN_7
PRJEB8094	P9E0	Exposed_0	EN_0
PRJEB8094	P5E90	Exposed_90	EN_90
PRJEB8094	P5E7	Exposed_7	EN_7
PRJEB8094	P5E0	Exposed_0	EN_0
PRJEB8094	P4E90	Exposed_90	EN_90
PRJEB8094	P4E7	Exposed_7	EN_7
PRJEB8094	P4E0	Exposed_0	EN_0
PRJEB8094	P3E90	Exposed_90	EN_90
PRJEB8094	P3E7	Exposed_7	EN_7
PRJEB8094	P3E0	Exposed_0	EN_0
PRJEB8094	P2E90	Exposed_90	EN_90
PRJEB8094	P2E7	Exposed_7	EN_7
PRJEB8094	P2E0	Exposed_0	EN_0
PRJEB8094	P22E90	Exposed_90	EB_90
PRJEB8094	P22E7	Exposed_7	EB_7
PRJEB8094	P22E0	Exposed_0	EB_0
PRJEB8094	P21E90	Exposed_90	EN_90
PRJEB8094	P21E7	Exposed_7	EN_7
PRJEB8094	P21E0	Exposed_0	EN_0
PRJEB8094	P20E90	Exposed_90	EB_90
PRJEB8094	P20E7	Exposed_7	EB_7
PRJEB8094	P20E0	Exposed_0	EB_0
PRJEB8094	P1E90	Exposed_90	EN_90
PRJEB8094	P1E7	Exposed_7	EN_7
PRJEB8094	P1E0	Exposed_0	EN_0
PRJEB8094	P19E90	Exposed_90	EN_90
PRJEB8094	P19E7	Exposed_7	EN_7
PRJEB8094	P19E0	Exposed_0	EN_0
PRJEB8094	P18E90	Exposed_90	EB_90
PRJEB8094	P18E7	Exposed_7	EB_7
PRJEB8094	P18E0	Exposed_0	EB_0
PRJEB8094	P17E90	Exposed_90	EB_90
PRJEB8094	P17E7	Exposed_7	EB_7
PRJEB8094	P17E0	Exposed_0	EB_0
PRJEB8094	P15E90	Exposed_90	EN_90
PRJEB8094	P15E7	Exposed_7	EN_7
PRJEB8094	P15E0	Exposed_0	EN_0
PRJEB8094	P14E90	Exposed_90	EN_90
PRJEB8094	P14E7	Exposed_7	EN_7
PRJEB8094	P14E0	Exposed_0	EN_0
PRJEB8094	P13E90	Exposed_90	EN_90
PRJEB8094	P13E7	Exposed_7	EN_7
PRJEB8094	P13E0	Exposed_0	EN_0
PRJEB8094	P12E90	Exposed_90	EB_90
PRJEB8094	P12E7	Exposed_7	EB_7
PRJEB8094	P12E0	Exposed_0	EB_0
PRJEB8094	P11E90	Exposed_90	EB_90
PRJEB8094	P11E7	Exposed_7	EB_7
PRJEB8094	P11E0	Exposed_0	EB_0
PRJEB8094	P10E90	Exposed_90	EN_90
PRJEB8094	P10E7	Exposed_7	EN_7
PRJEB8094	P10E0	Exposed_0	EN_0
