study_name	sample_id	subject_id	body_site	antibiotics_current_use	study_condition	disease	age	infant_age	age_category	gender	country	non_westernized	sequencing_platform	DNA_extraction_kit	PMID	number_reads	number_bases	minimum_read_length	median_read_length	NCBI_accession	pregnant	lactating	curator	BMI	family	days_from_first_collection	family_role	born_method	feeding_practice	travel_destination	location	visit_number	premature	birth_weight	gestational_age	antibiotics_family	disease_subtype	days_after_onset	creatine	albumine	hscrp	ESR	treatment	ast	alt	globulin	urea_nitrogen	BASDAI	BASFI	alcohol	flg_genotype	population	menopausal_status	lifestyle	body_subsite	diet	tnm	triglycerides	hdl	ldl	hba1c	smoker	ever_smoker	dental_sample_type	history_of_periodontitis	PPD_M	PPD_B	PPD_D	PPD_L	fobt	disease_stage	disease_location	calprotectin	HBI	SCCAI	uncurated_metadata	mumps	cholesterol	c_peptide	glucose	creatinine	bilubirin	prothrombin_time	wbc	rbc	hemoglobinometry	remission	dyastolic_p	systolic_p	insulin_cat	adiponectin	glp_1	cd163	il_1	leptin	fgf_19	glutamate_decarboxylase_2_antibody	HLA	autoantibody_positive	age_seroconversion	age_T1D_diagnosis	hitchip_probe_class	fasting_insulin	fasting_glucose	protein_intake	stec_count	shigatoxin_2_elisa	stool_texture	anti_PD_1	mgs_richness	ferm_milk_prod_consumer	inr	ctp	birth_control_pil	c_section_type	ajcc	hla_drb12	hla_dqa12	hla_dqa11	hla_drb11	birth_order	age_twins_started_to_live_apart	zigosity	brinkman_index	alcohol_numeric	breastfeeding_duration	formula_first_day	ALT	eGFR
VogtmannE_2016	MMRS11288076ST-27-0-0	MMRS11288076ST-27-0-0	stool		control	Health	65.0		adult	male	USA	no	IlluminaHiSeq	Gnome	27171425	67924141	5793273464	1	89	ERR1293500;ERR1293499;ERR1293498;ERR1293497;ERR1293059;ERR1293058;ERR1293057;ERR1293056			Paolo_Manghi	23.49075518																																																																																																									
VogtmannE_2016	MMRS11664448ST-27-0-0	MMRS11664448ST-27-0-0	stool			Health			adult		USA	no	IlluminaHiSeq	Gnome	27171425	85820299	7389001007	45	90	ERR1293861;ERR1293860;ERR1293859;ERR1293858;ERR1293420;ERR1293419;ERR1293418;ERR1293417			Paolo_Manghi																																																																																																										
VogtmannE_2016	MMRS11932626ST-27-0-0	MMRS11932626ST-27-0-0	stool		control	Health	65.0		adult	male	USA	no	IlluminaHiSeq	Gnome	27171425	44412536	3583469911	5	85	ERR1293881;ERR1293880;ERR1293879;ERR1293878;ERR1293440;ERR1293439;ERR1293438;ERR1293437			Paolo_Manghi	29.5647689																																																																																																									
VogtmannE_2016	MMRS12272136ST-27-0-0	MMRS12272136ST-27-0-0	stool		CRC	CRC	51.0		adult	male	USA	no	IlluminaHiSeq	Gnome	27171425	67377964	5546605088	5	84	ERR1293877;ERR1293876;ERR1293875;ERR1293874;ERR1293436;ERR1293435;ERR1293434;ERR1293433			Paolo_Manghi	25.82185491																																																																																																									
VogtmannE_2016	MMRS14379078ST-27-0-0	MMRS14379078ST-27-0-0	stool		CRC	CRC	53.0		adult	male	USA	no	IlluminaHiSeq	Gnome	27171425	65466210	5623913419	2	88	ERR1293548;ERR1293547;ERR1293546;ERR1293545;ERR1293107;ERR1293106;ERR1293105;ERR1293104			Paolo_Manghi	25.01492195																																																																																																									
VogtmannE_2016	MMRS14602194ST-27-0-0	MMRS14602194ST-27-0-0	stool		CRC	CRC	84.0		senior	female	USA	no	IlluminaHiSeq	Gnome	27171425	79073471	6862241842	45	90	ERR1293813;ERR1293812;ERR1293811;ERR1293810;ERR1293372;ERR1293371;ERR1293370;ERR1293369			Paolo_Manghi																																																																																																										
VogtmannE_2016	MMRS15137911ST-27-0-0	MMRS15137911ST-27-0-0	stool		CRC	CRC	64.0		adult	female	USA	no	IlluminaHiSeq	Gnome	27171425	63838533	5707928435	45	93	ERR1293917;ERR1293916;ERR1293915;ERR1293914;ERR1293476;ERR1293475;ERR1293474;ERR1293473			Paolo_Manghi	35.69921875																																																																																																									
VogtmannE_2016	MMRS16644320ST-27-0-0	MMRS16644320ST-27-0-0	stool		CRC	CRC	53.0		adult	male	USA	no	IlluminaHiSeq	Gnome	27171425	93511487	8347390931	45	93	ERR1293741;ERR1293740;ERR1293739;ERR1293738;ERR1293300;ERR1293299;ERR1293298;ERR1293297			Paolo_Manghi	27.89129141																																																																																																									
VogtmannE_2016	MMRS17603756ST-27-0-0	MMRS17603756ST-27-0-0	stool		control	Health	63.0		adult	female	USA	no	IlluminaHiSeq	Gnome	27171425	73088108	6225130657	1	89	ERR1293817;ERR1293816;ERR1293815;ERR1293814;ERR1293376;ERR1293375;ERR1293374;ERR1293373			Paolo_Manghi	16.8251821																																																																																																									
VogtmannE_2016	MMRS17963147ST-27-0-0	MMRS17963147ST-27-0-0	stool		control	Health	69.0		senior	male	USA	no	IlluminaHiSeq	Gnome	27171425	67350332	5570729597	1	90	ERR1293621;ERR1293620;ERR1293619;ERR1293618;ERR1293180;ERR1293179;ERR1293178;ERR1293177			Paolo_Manghi	24.06826297																																																																																																									
VogtmannE_2016	MMRS18295921ST-27-0-0	MMRS18295921ST-27-0-0	stool		CRC	CRC	42.0		adult	male	USA	no	IlluminaHiSeq	Gnome	27171425	73085334	6384855556	45	90	ERR1293568;ERR1293567;ERR1293566;ERR1293565;ERR1293127;ERR1293126;ERR1293125;ERR1293124			Paolo_Manghi	22.03412021																																																																																																									
VogtmannE_2016	MMRS20257302ST-27-0-0	MMRS20257302ST-27-0-0	stool		control	Health	62.0		adult	female	USA	no	IlluminaHiSeq	Gnome	27171425	54403239	4649737800	45	90	ERR1293761;ERR1293760;ERR1293759;ERR1293758;ERR1293320;ERR1293319;ERR1293318;ERR1293317			Paolo_Manghi	20.6657128																																																																																																									
VogtmannE_2016	MMRS21365932ST-27-0-0	MMRS21365932ST-27-0-0	stool		control	Health	56.0		adult	male	USA	no	IlluminaHiSeq	Gnome	27171425	72103979	6082232011	1	89	ERR1293653;ERR1293652;ERR1293651;ERR1293650;ERR1293212;ERR1293211;ERR1293210;ERR1293209			Paolo_Manghi	22.95510204																																																																																																									
VogtmannE_2016	MMRS24340226ST-27-0-0	MMRS24340226ST-27-0-0	stool		CRC	CRC	70.0		senior	male	USA	no	IlluminaHiSeq	Gnome	27171425	61178584	5032904033	1	89	ERR1293584;ERR1293583;ERR1293582;ERR1293581;ERR1293143;ERR1293142;ERR1293141;ERR1293140			Paolo_Manghi	25.05680552																																																																																																									
VogtmannE_2016	MMRS25211151ST-27-0-0	MMRS25211151ST-27-0-0	stool		control	Health	60.0		adult	female	USA	no	IlluminaHiSeq	Gnome	27171425	63464027	5328950598	1	89	ERR1293705;ERR1293704;ERR1293703;ERR1293702;ERR1293264;ERR1293263;ERR1293262;ERR1293261			Paolo_Manghi	20.4660355																																																																																																									
VogtmannE_2016	MMRS25641480ST-27-0-0	MMRS25641480ST-27-0-0	stool		CRC	CRC	54.0		adult	female	USA	no	IlluminaHiSeq	Gnome	27171425	79793478	6848280508	45	90	ERR1293753;ERR1293752;ERR1293751;ERR1293750;ERR1293312;ERR1293311;ERR1293310;ERR1293309			Paolo_Manghi	23.49075518																																																																																																									
VogtmannE_2016	MMRS29805707ST-27-0-0	MMRS29805707ST-27-0-0	stool		control	Health	49.0		adult	male	USA	no	IlluminaHiSeq	Gnome	27171425	71948103	5859991267	6	84	ERR1293713;ERR1293712;ERR1293711;ERR1293710;ERR1293272;ERR1293271;ERR1293270;ERR1293269			Paolo_Manghi	33.37837838																																																																																																									
VogtmannE_2016	MMRS31306426ST-27-0-0	MMRS31306426ST-27-0-0	stool		CRC	CRC	73.0		senior	male	USA	no	IlluminaHiSeq	Gnome	27171425	49768008	4060847857	1	89	ERR1293677;ERR1293676;ERR1293675;ERR1293674;ERR1293236;ERR1293235;ERR1293234;ERR1293233			Paolo_Manghi	25.82185491																																																																																																									
VogtmannE_2016	MMRS32573774ST-27-0-0	MMRS32573774ST-27-0-0	stool		control	Health	82.0		senior	male	USA	no	IlluminaHiSeq	Gnome	27171425	73643733	6292002235	45	90	ERR1293673;ERR1293672;ERR1293671;ERR1293670;ERR1293232;ERR1293231;ERR1293230;ERR1293229			Paolo_Manghi	20.52443772																																																																																																									
VogtmannE_2016	MMRS33294861ST-27-0-0	MMRS33294861ST-27-0-0	stool		control	Health	48.0		adult	male	USA	no	IlluminaHiSeq	Gnome	27171425	61747617	5212757345	2	88	ERR1293669;ERR1293668;ERR1293667;ERR1293666;ERR1293228;ERR1293227;ERR1293226;ERR1293225			Paolo_Manghi	23.08594483																																																																																																									
VogtmannE_2016	MMRS34525504ST-27-0-0	MMRS34525504ST-27-0-0	stool		CRC	CRC	71.0		senior	male	USA	no	IlluminaHiSeq	Gnome	27171425	51489547	4201649457	1	89	ERR1293793;ERR1293792;ERR1293791;ERR1293790;ERR1293352;ERR1293351;ERR1293350;ERR1293349			Paolo_Manghi	24.74359546																																																																																																									
VogtmannE_2016	MMRS34569532ST-27-0-0	MMRS34569532ST-27-0-0	stool		control	Health	72.0		senior	male	USA	no	IlluminaHiSeq	Gnome	27171425	63114287	5357791641	1	89	ERR1293865;ERR1293864;ERR1293863;ERR1293862;ERR1293424;ERR1293423;ERR1293422;ERR1293421			Paolo_Manghi	23.14977187																																																																																																									
VogtmannE_2016	MMRS35808664ST-27-0-0	MMRS35808664ST-27-0-0	stool		control	Health	63.0		adult	male	USA	no	IlluminaHiSeq	Gnome	27171425	80491711	6946982549	45	90	ERR1293821;ERR1293820;ERR1293819;ERR1293818;ERR1293380;ERR1293379;ERR1293378;ERR1293377			Paolo_Manghi	31.58108108																																																																																																									
VogtmannE_2016	MMRS36405092ST-27-0-0	MMRS36405092ST-27-0-0	stool		control	Health	48.0		adult	male	USA	no	IlluminaHiSeq	Gnome	27171425	55086587	4746633428	45	90	ERR1293512;ERR1293511;ERR1293510;ERR1293509;ERR1293071;ERR1293070;ERR1293069;ERR1293068			Paolo_Manghi	26.39836735																																																																																																									
VogtmannE_2016	MMRS38861560ST-27-0-0	MMRS38861560ST-27-0-0	stool		control	Health	76.0		senior	female	USA	no	IlluminaHiSeq	Gnome	27171425	74602745	6492491491	45	91	ERR1293849;ERR1293848;ERR1293847;ERR1293846;ERR1293408;ERR1293407;ERR1293406;ERR1293405			Paolo_Manghi	22.14870825																																																																																																									
VogtmannE_2016	MMRS38954404ST-27-0-0	MMRS38954404ST-27-0-0	stool		control	Health	55.0		adult	female	USA	no	IlluminaHiSeq	Gnome	27171425	76618106	6583392217	45	90	ERR1293797;ERR1293796;ERR1293795;ERR1293794;ERR1293356;ERR1293355;ERR1293354;ERR1293353			Paolo_Manghi	23.80489116																																																																																																									
VogtmannE_2016	MMRS39415781ST-27-0-0	MMRS39415781ST-27-0-0	stool		control	Health	70.0		senior	female	USA	no	IlluminaHiSeq	Gnome	27171425	75955648	6478563154	1	89	ERR1293893;ERR1293892;ERR1293891;ERR1293890;ERR1293452;ERR1293451;ERR1293450;ERR1293449			Paolo_Manghi	28.6191716																																																																																																									
VogtmannE_2016	MMRS39582183ST-27-0-0	MMRS39582183ST-27-0-0	stool		control	Health	39.0		adult	male	USA	no	IlluminaHiSeq	Gnome	27171425	60689081	5259440959	45	90	ERR1293665;ERR1293664;ERR1293663;ERR1293662;ERR1293224;ERR1293223;ERR1293222;ERR1293221			Paolo_Manghi	23.46045525																																																																																																									
VogtmannE_2016	MMRS40913371ST-27-0-0	MMRS40913371ST-27-0-0	stool		control	Health	76.0		senior	female	USA	no	IlluminaHiSeq	Gnome	27171425	74921012	6430241030	45	89	ERR1293873;ERR1293872;ERR1293871;ERR1293870;ERR1293432;ERR1293431;ERR1293430;ERR1293429			Paolo_Manghi	26.88371488																																																																																																									
VogtmannE_2016	MMRS41266697ST-27-0-0	MMRS41266697ST-27-0-0	stool		CRC	CRC	54.0		adult	female	USA	no	IlluminaHiSeq	Gnome	27171425	63316536	5395765960	1	89	ERR1293801;ERR1293800;ERR1293799;ERR1293798;ERR1293360;ERR1293359;ERR1293358;ERR1293357			Paolo_Manghi	24.02119377																																																																																																									
VogtmannE_2016	MMRS41711735ST-27-0-0	MMRS41711735ST-27-0-0	stool		CRC	CRC	58.0		adult	male	USA	no	IlluminaHiSeq	Gnome	27171425	46357715	3741842627	1	89	ERR1293681;ERR1293680;ERR1293679;ERR1293678;ERR1293240;ERR1293239;ERR1293238;ERR1293237			Paolo_Manghi	21.10714956																																																																																																									
VogtmannE_2016	MMRS42570301ST-27-0-0	MMRS42570301ST-27-0-0	stool			Health			adult		USA	no	IlluminaHiSeq	Gnome	27171425	71317891	6062035752	1	89	ERR1293921;ERR1293920;ERR1293919;ERR1293918;ERR1293480;ERR1293479;ERR1293478;ERR1293477			Paolo_Manghi																																																																																																										
VogtmannE_2016	MMRS42780924ST-27-0-0	MMRS42780924ST-27-0-0	stool		CRC	CRC	65.0		adult	male	USA	no	IlluminaHiSeq	Gnome	27171425	142022929	12194557586	45	90	ERR1293897;ERR1293896;ERR1293895;ERR1293894;ERR1293456;ERR1293455;ERR1293454;ERR1293453			Paolo_Manghi	31.37770284																																																																																																									
VogtmannE_2016	MMRS43563715ST-27-0-0	MMRS43563715ST-27-0-0	stool		CRC	CRC	71.0		senior	male	USA	no	IlluminaHiSeq	Gnome	27171425	64152902	5506905773	45	90	ERR1293909;ERR1293908;ERR1293907;ERR1293906;ERR1293468;ERR1293467;ERR1293466;ERR1293465			Paolo_Manghi	22.59168242																																																																																																									
VogtmannE_2016	MMRS43939546ST-27-0-0	MMRS43939546ST-27-0-0	stool		CRC	CRC	63.0		adult	female	USA	no	IlluminaHiSeq	Gnome	27171425	82888126	7111161104	1	89	ERR1293729;ERR1293728;ERR1293727;ERR1293726;ERR1293288;ERR1293287;ERR1293286;ERR1293285			Paolo_Manghi	25.68279164																																																																																																									
VogtmannE_2016	MMRS44197125ST-27-0-0	MMRS44197125ST-27-0-0	stool		CRC	CRC	40.0		adult	male	USA	no	IlluminaHiSeq	Gnome	27171425	42592308	3816468984	45	94	ERR1293733;ERR1293732;ERR1293731;ERR1293730;ERR1293292;ERR1293291;ERR1293290;ERR1293289			Paolo_Manghi	17.43205713																																																																																																									
VogtmannE_2016	MMRS44203591ST-27-0-0	MMRS44203591ST-27-0-0	stool		CRC	CRC	59.0		adult	female	USA	no	IlluminaHiSeq	Gnome	27171425	49488216	4085910732	1	89	ERR1293625;ERR1293624;ERR1293623;ERR1293622;ERR1293184;ERR1293183;ERR1293182;ERR1293181			Paolo_Manghi	20.36911061																																																																																																									
VogtmannE_2016	MMRS44587603ST-27-0-0	MMRS44587603ST-27-0-0	stool		CRC	CRC	66.0		senior	female	USA	no	IlluminaHiSeq	Gnome	27171425	51105550	4466195763	45	90	ERR1293829;ERR1293828;ERR1293827;ERR1293826;ERR1293388;ERR1293387;ERR1293386;ERR1293385			Paolo_Manghi	31.47038567																																																																																																									
VogtmannE_2016	MMRS47662059ST-27-0-0	MMRS47662059ST-27-0-0	stool		CRC	CRC	74.0		senior	male	USA	no	IlluminaHiSeq	Gnome	27171425	51672949	4190960110	1	89	ERR1293580;ERR1293579;ERR1293578;ERR1293577;ERR1293139;ERR1293138;ERR1293137;ERR1293136			Paolo_Manghi	23.59606481																																																																																																									
VogtmannE_2016	MMRS47685461ST-27-0-0	MMRS47685461ST-27-0-0	stool		CRC	CRC	67.0		senior	male	USA	no	IlluminaHiSeq	Gnome	27171425	69825150	5982293477	45	90	ERR1293749;ERR1293748;ERR1293747;ERR1293746;ERR1293308;ERR1293307;ERR1293306;ERR1293305			Paolo_Manghi	33.19722222																																																																																																									
VogtmannE_2016	MMRS48639115ST-27-0-0	MMRS48639115ST-27-0-0	stool			Health			adult		USA	no	IlluminaHiSeq	Gnome	27171425	60277905	5265068825	45	90	ERR1293765;ERR1293764;ERR1293763;ERR1293762;ERR1293324;ERR1293323;ERR1293322;ERR1293321			Paolo_Manghi																																																																																																										
VogtmannE_2016	MMRS51307502ST-27-0-0	MMRS51307502ST-27-0-0	stool		control	Health	45.0		adult	female	USA	no	IlluminaHiSeq	Gnome	27171425	54790854	4596748294	45	90	ERR1293929;ERR1293928;ERR1293927;ERR1293926;ERR1293488;ERR1293487;ERR1293486;ERR1293485			Paolo_Manghi	22.6187877																																																																																																									
VogtmannE_2016	MMRS51410669ST-27-0-0	MMRS51410669ST-27-0-0	stool		CRC	CRC	65.0		adult	male	USA	no	IlluminaHiSeq	Gnome	27171425	69018505	5988805029	45	90	ERR1293617;ERR1293616;ERR1293615;ERR1293614;ERR1293613;ERR1293176;ERR1293175;ERR1293174;ERR1293173;ERR1293172			Paolo_Manghi	21.14167966																																																																																																									
VogtmannE_2016	MMRS51728985ST-27-0-0	MMRS51728985ST-27-0-0	stool		CRC	CRC	61.0		adult	male	USA	no	IlluminaHiSeq	Gnome	27171425	4117168	351027527	1	89	ERR1293560;ERR1293559;ERR1293558;ERR1293557;ERR1293119;ERR1293118;ERR1293117;ERR1293116			Paolo_Manghi	24.40972222																																																																																																									
VogtmannE_2016	MMRS51737257ST-27-0-0	MMRS51737257ST-27-0-0	stool		control	Health	63.0		adult	male	USA	no	IlluminaHiSeq	Gnome	27171425	91314946	7768037598	1	89	ERR1293612;ERR1293611;ERR1293610;ERR1293609;ERR1293171;ERR1293170;ERR1293169;ERR1293168			Paolo_Manghi	25.38107518																																																																																																									
VogtmannE_2016	MMRS54246132ST-27-0-0	MMRS54246132ST-27-0-0	stool		control	Health	63.0		adult	male	USA	no	IlluminaHiSeq	Gnome	27171425	73146538	6218351585	45	90	ERR1293697;ERR1293696;ERR1293695;ERR1293694;ERR1293256;ERR1293255;ERR1293254;ERR1293253			Paolo_Manghi	23.96057028																																																																																																									
VogtmannE_2016	MMRS54316675ST-27-0-0	MMRS54316675ST-27-0-0	stool		CRC	CRC	55.0		adult	male	USA	no	IlluminaHiSeq	Gnome	27171425	65561539	5552253678	1	89	ERR1293637;ERR1293636;ERR1293635;ERR1293634;ERR1293196;ERR1293195;ERR1293194;ERR1293193			Paolo_Manghi	29.64641003																																																																																																									
VogtmannE_2016	MMRS55294627ST-27-0-0	MMRS55294627ST-27-0-0	stool		CRC	CRC	43.0		adult	male	USA	no	IlluminaHiSeq	Gnome	27171425	74831192	6496395167	45	90	ERR1293725;ERR1293724;ERR1293723;ERR1293722;ERR1293284;ERR1293283;ERR1293282;ERR1293281			Paolo_Manghi	32.02555556																																																																																																									
VogtmannE_2016	MMRS56137463ST-27-0-0	MMRS56137463ST-27-0-0	stool		control	Health	51.0		adult	male	USA	no	IlluminaHiSeq	Gnome	27171425	74022262	6032135552	6	84	ERR1293757;ERR1293756;ERR1293755;ERR1293754;ERR1293316;ERR1293315;ERR1293314;ERR1293313			Paolo_Manghi	24.80655325																																																																																																									
VogtmannE_2016	MMRS57276462ST-27-0-0	MMRS57276462ST-27-0-0	stool		control	Health	67.0		senior	male	USA	no	IlluminaHiSeq	Gnome	27171425	67962913	5628908369	5	85	ERR1293596;ERR1293595;ERR1293594;ERR1293593;ERR1293155;ERR1293154;ERR1293153;ERR1293152			Paolo_Manghi	30.50206612																																																																																																									
VogtmannE_2016	MMRS57569834ST-27-0-0	MMRS57569834ST-27-0-0	stool		control	Health	58.0		adult	male	USA	no	IlluminaHiSeq	Gnome	27171425	64453684	5572277177	1	89	ERR1293600;ERR1293599;ERR1293598;ERR1293597;ERR1293159;ERR1293158;ERR1293157;ERR1293156			Paolo_Manghi	24.53076217																																																																																																									
VogtmannE_2016	MMRS59699117ST-27-0-0	MMRS59699117ST-27-0-0	stool		CRC	CRC	85.0		senior	male	USA	no	IlluminaHiSeq	Gnome	27171425	46687897	4035015942	45	90	ERR1293576;ERR1293575;ERR1293574;ERR1293573;ERR1293135;ERR1293134;ERR1293133;ERR1293132			Paolo_Manghi	22.8049308																																																																																																									
VogtmannE_2016	MMRS61683006ST-27-0-0	MMRS61683006ST-27-0-0	stool		control	Health	62.0		adult	female	USA	no	IlluminaHiSeq	Gnome	27171425	103681940	9042997520	45	90	ERR1293933;ERR1293932;ERR1293931;ERR1293930;ERR1293492;ERR1293491;ERR1293490;ERR1293489			Paolo_Manghi	25.82185491																																																																																																									
VogtmannE_2016	MMRS62192467ST-27-0-0	MMRS62192467ST-27-0-0	stool		control	Health	70.0		senior	female	USA	no	IlluminaHiSeq	Gnome	27171425	65000414	5271237884	6	84	ERR1293857;ERR1293856;ERR1293855;ERR1293854;ERR1293416;ERR1293415;ERR1293414;ERR1293413			Paolo_Manghi	31.17307175																																																																																																									
VogtmannE_2016	MMRS62376181ST-27-0-0	MMRS62376181ST-27-0-0	stool		CRC	CRC	69.0		senior	female	USA	no	IlluminaHiSeq	Gnome	27171425	74664715	6044911124	6	84	ERR1293540;ERR1293539;ERR1293538;ERR1293537;ERR1293099;ERR1293098;ERR1293097;ERR1293096			Paolo_Manghi	20.79881657																																																																																																									
VogtmannE_2016	MMRS62666492ST-27-0-0	MMRS62666492ST-27-0-0	stool		control	Health	60.0		adult	male	USA	no	IlluminaHiSeq	Gnome	27171425	53874212	4567726128	1	89	ERR1293552;ERR1293551;ERR1293550;ERR1293549;ERR1293111;ERR1293110;ERR1293109;ERR1293108			Paolo_Manghi	33.42836735																																																																																																									
VogtmannE_2016	MMRS64281211ST-27-0-0	MMRS64281211ST-27-0-0	stool		CRC	CRC	71.0		senior	male	USA	no	IlluminaHiSeq	Gnome	27171425	83394204	7182289591	45	90	ERR1293837;ERR1293836;ERR1293835;ERR1293834;ERR1293396;ERR1293395;ERR1293394;ERR1293393			Paolo_Manghi	27.83306122																																																																																																									
VogtmannE_2016	MMRS64281551ST-27-0-0	MMRS64281551ST-27-0-0	stool		control	Health	63.0		adult	female	USA	no	IlluminaHiSeq	Gnome	27171425	63172677	5165640049	5	84	ERR1293528;ERR1293527;ERR1293526;ERR1293525;ERR1293087;ERR1293086;ERR1293085;ERR1293084			Paolo_Manghi	28.3190918																																																																																																									
VogtmannE_2016	MMRS65205033ST-27-0-0	MMRS65205033ST-27-0-0	stool		CRC	CRC	89.0		senior	female	USA	no	IlluminaHiSeq	Gnome	27171425	49635258	4238286126	45	89	ERR1293532;ERR1293531;ERR1293530;ERR1293529;ERR1293091;ERR1293090;ERR1293089;ERR1293088			Paolo_Manghi	22.67170572																																																																																																									
VogtmannE_2016	MMRS65742083ST-27-0-0	MMRS65742083ST-27-0-0	stool		control	Health	63.0		adult	male	USA	no	IlluminaHiSeq	Gnome	27171425	74418717	6285843246	1	89	ERR1293701;ERR1293700;ERR1293699;ERR1293698;ERR1293260;ERR1293259;ERR1293258;ERR1293257			Paolo_Manghi	24.77702703																																																																																																									
VogtmannE_2016	MMRS65862658ST-27-0-0	MMRS65862658ST-27-0-0	stool		control	Health	72.0		senior	male	USA	no	IlluminaHiSeq	Gnome	27171425	70153826	6016069815	45	90	ERR1293913;ERR1293912;ERR1293911;ERR1293910;ERR1293472;ERR1293471;ERR1293470;ERR1293469			Paolo_Manghi	23.6252888																																																																																																									
VogtmannE_2016	MMRS65945127ST-27-0-0	MMRS65945127ST-27-0-0	stool		CRC	CRC	65.0		adult	male	USA	no	IlluminaHiSeq	Gnome	27171425	72466830	6219484929	45	90	ERR1293693;ERR1293692;ERR1293691;ERR1293690;ERR1293252;ERR1293251;ERR1293250;ERR1293249			Paolo_Manghi	32.07498512																																																																																																									
VogtmannE_2016	MMRS66868025ST-27-0-0	MMRS66868025ST-27-0-0	stool		control	Health	58.0		adult	male	USA	no	IlluminaHiSeq	Gnome	27171425	62429661	5325670657	45	91	ERR1293508;ERR1293507;ERR1293506;ERR1293505;ERR1293067;ERR1293066;ERR1293065;ERR1293064			Paolo_Manghi	26.77563975																																																																																																									
VogtmannE_2016	MMRS67096717ST-27-0-0	MMRS67096717ST-27-0-0	stool		control	Health	79.0		senior	male	USA	no	IlluminaHiSeq	Gnome	27171425	46356517	3665192704	5	85	ERR1293556;ERR1293555;ERR1293554;ERR1293553;ERR1293115;ERR1293114;ERR1293113;ERR1293112			Paolo_Manghi	35.18432617																																																																																																									
VogtmannE_2016	MMRS67247116ST-27-0-0	MMRS67247116ST-27-0-0	stool		CRC	CRC	53.0		adult	male	USA	no	IlluminaHiSeq	Gnome	27171425	97849642	8365936200	1	89	ERR1293657;ERR1293656;ERR1293655;ERR1293654;ERR1293216;ERR1293215;ERR1293214;ERR1293213			Paolo_Manghi	25.39408163																																																																																																									
VogtmannE_2016	MMRS67690541ST-27-0-0	MMRS67690541ST-27-0-0	stool			Health			adult		USA	no	IlluminaHiSeq	Gnome	27171425	79166738	6808102568	45	90	ERR1293645;ERR1293644;ERR1293643;ERR1293642;ERR1293204;ERR1293203;ERR1293202;ERR1293201			Paolo_Manghi																																																																																																										
VogtmannE_2016	MMRS68630931ST-27-0-0	MMRS68630931ST-27-0-0	stool		control	Health	59.0		adult	male	USA	no	IlluminaHiSeq	Gnome	27171425	65907709	5699453439	45	90	ERR1293629;ERR1293628;ERR1293627;ERR1293626;ERR1293188;ERR1293187;ERR1293186;ERR1293185			Paolo_Manghi	23.61596345																																																																																																									
VogtmannE_2016	MMRS68910755ST-27-0-0	MMRS68910755ST-27-0-0	stool		CRC	CRC	83.0		senior	female	USA	no	IlluminaHiSeq	Gnome	27171425	70008154	6241970109	45	93	ERR1293633;ERR1293632;ERR1293631;ERR1293630;ERR1293192;ERR1293191;ERR1293190;ERR1293189			Paolo_Manghi	16.8251821																																																																																																									
VogtmannE_2016	MMRS71238091ST-27-0-0	MMRS71238091ST-27-0-0	stool			Health			adult		USA	no	IlluminaHiSeq	Gnome	27171425	75079280	6462018811	1	89	ERR1293841;ERR1293840;ERR1293839;ERR1293838;ERR1293400;ERR1293399;ERR1293398;ERR1293397			Paolo_Manghi																																																																																																										
VogtmannE_2016	MMRS71762412ST-27-0-0	MMRS71762412ST-27-0-0	stool		CRC	CRC	44.0		adult	male	USA	no	IlluminaHiSeq	Gnome	27171425	68271684	6063509780	45	93	ERR1293608;ERR1293607;ERR1293606;ERR1293605;ERR1293167;ERR1293166;ERR1293165;ERR1293164			Paolo_Manghi	23.36486486																																																																																																									
VogtmannE_2016	MMRS72802364ST-27-0-0	MMRS72802364ST-27-0-0	stool		CRC	CRC	74.0		senior	male	USA	no	IlluminaHiSeq	Gnome	27171425	70941068	6093136794	45	90	ERR1293572;ERR1293571;ERR1293570;ERR1293569;ERR1293131;ERR1293130;ERR1293129;ERR1293128			Paolo_Manghi																																																																																																										
VogtmannE_2016	MMRS72980899ST-27-0-0	MMRS72980899ST-27-0-0	stool		CRC	CRC	63.0		adult	male	USA	no	IlluminaHiSeq	Gnome	27171425	73684315	6279219480	1	89	ERR1293769;ERR1293768;ERR1293767;ERR1293766;ERR1293328;ERR1293327;ERR1293326;ERR1293325			Paolo_Manghi	21.25472411																																																																																																									
VogtmannE_2016	MMRS73787048ST-27-0-0	MMRS73787048ST-27-0-0	stool		control	Health	47.0		adult	male	USA	no	IlluminaHiSeq	Gnome	27171425	75215034	6317074880	2	88	ERR1293773;ERR1293772;ERR1293771;ERR1293770;ERR1293332;ERR1293331;ERR1293330;ERR1293329			Paolo_Manghi	24.40487998																																																																																																									
VogtmannE_2016	MMRS77018926ST-27-0-0	MMRS77018926ST-27-0-0	stool		CRC	CRC	40.0		adult	male	USA	no	IlluminaHiSeq	Gnome	27171425	78074014	6671604868	45	91	ERR1293661;ERR1293660;ERR1293659;ERR1293658;ERR1293220;ERR1293219;ERR1293218;ERR1293217			Paolo_Manghi	23.73444192																																																																																																									
VogtmannE_2016	MMRS77321055ST-27-0-0	MMRS77321055ST-27-0-0	stool		CRC	CRC	31.0		adult	male	USA	no	IlluminaHiSeq	Gnome	27171425	66701830	5697551532	1	89	ERR1293520;ERR1293519;ERR1293518;ERR1293517;ERR1293079;ERR1293078;ERR1293077;ERR1293076			Paolo_Manghi	19.64189189																																																																																																									
VogtmannE_2016	MMRS77487595ST-27-0-0	MMRS77487595ST-27-0-0	stool		CRC	CRC	78.0		senior	male	USA	no	IlluminaHiSeq	Gnome	27171425	66299017	5623135530	45	90	ERR1293789;ERR1293788;ERR1293787;ERR1293786;ERR1293348;ERR1293347;ERR1293346;ERR1293345			Paolo_Manghi	22.55112497																																																																																																									
VogtmannE_2016	MMRS78791111ST-27-0-0	MMRS78791111ST-27-0-0	stool		CRC	CRC	65.0		adult	male	USA	no	IlluminaHiSeq	Gnome	27171425	66262955	5672062108	45	90	ERR1293833;ERR1293832;ERR1293831;ERR1293830;ERR1293392;ERR1293391;ERR1293390;ERR1293389			Paolo_Manghi	24.32525952																																																																																																									
VogtmannE_2016	MMRS79893829ST-27-0-0	MMRS79893829ST-27-0-0	stool		control	Health	66.0		senior	male	USA	no	IlluminaHiSeq	Gnome	27171425	50521344	4082068611	1	89	ERR1293717;ERR1293716;ERR1293715;ERR1293714;ERR1293276;ERR1293275;ERR1293274;ERR1293273			Paolo_Manghi	28.20679012																																																																																																									
VogtmannE_2016	MMRS80093644ST-27-0-0	MMRS80093644ST-27-0-0	stool		CRC	CRC	31.0		adult	male	USA	no	IlluminaHiSeq	Gnome	27171425	54735621	4661241979	45	90	ERR1293649;ERR1293648;ERR1293647;ERR1293646;ERR1293208;ERR1293207;ERR1293206;ERR1293205			Paolo_Manghi	19.57562932																																																																																																									
VogtmannE_2016	MMRS81130264ST-27-0-0	MMRS81130264ST-27-0-0	stool		control	Health	64.0		adult	male	USA	no	IlluminaHiSeq	Gnome	27171425	69352349	6039626590	45	90	ERR1293925;ERR1293924;ERR1293923;ERR1293922;ERR1293484;ERR1293483;ERR1293482;ERR1293481			Paolo_Manghi	32.35389804																																																																																																									
VogtmannE_2016	MMRS81135225ST-27-0-0	MMRS81135225ST-27-0-0	stool		control	Health	57.0		adult	male	USA	no	IlluminaHiSeq	Gnome	27171425	76074265	6486653317	1	89	ERR1293516;ERR1293515;ERR1293514;ERR1293513;ERR1293075;ERR1293074;ERR1293073;ERR1293072			Paolo_Manghi	25.10714286																																																																																																									
VogtmannE_2016	MMRS81194191ST-27-0-0	MMRS81194191ST-27-0-0	stool		CRC	CRC	54.0		adult	male	USA	no	IlluminaHiSeq	Gnome	27171425	54681123	4706882156	45	90	ERR1293885;ERR1293884;ERR1293883;ERR1293882;ERR1293444;ERR1293443;ERR1293442;ERR1293441			Paolo_Manghi	18.55945822																																																																																																									
VogtmannE_2016	MMRS81671217ST-27-0-0	MMRS81671217ST-27-0-0	stool		CRC	CRC	57.0		adult	male	USA	no	IlluminaHiSeq	Gnome	27171425	78372857	6677939705	1	89	ERR1293889;ERR1293888;ERR1293887;ERR1293886;ERR1293448;ERR1293447;ERR1293446;ERR1293445			Paolo_Manghi	26.38393695																																																																																																									
VogtmannE_2016	MMRS84085284ST-27-0-0	MMRS84085284ST-27-0-0	stool		control	Health	68.0		senior	male	USA	no	IlluminaHiSeq	Gnome	27171425	66511048	5337802561	6	84	ERR1293536;ERR1293535;ERR1293534;ERR1293533;ERR1293095;ERR1293094;ERR1293093;ERR1293092			Paolo_Manghi	22.14870825																																																																																																									
VogtmannE_2016	MMRS84159866ST-27-0-0	MMRS84159866ST-27-0-0	stool		control	Health	67.0		senior	female	USA	no	IlluminaHiSeq	Gnome	27171425	70787136	6063034193	45	90	ERR1293689;ERR1293688;ERR1293687;ERR1293686;ERR1293248;ERR1293247;ERR1293246;ERR1293245			Paolo_Manghi	18.63573965																																																																																																									
VogtmannE_2016	MMRS84954772ST-27-0-0	MMRS84954772ST-27-0-0	stool		CRC	CRC	56.0		adult	male	USA	no	IlluminaHiSeq	Gnome	27171425	78612846	6632142593	2	88	ERR1293905;ERR1293904;ERR1293903;ERR1293902;ERR1293464;ERR1293463;ERR1293462;ERR1293461			Paolo_Manghi	25.82185491																																																																																																									
VogtmannE_2016	MMRS85382779ST-27-0-0	MMRS85382779ST-27-0-0	stool		CRC	CRC	66.0		senior	male	USA	no	IlluminaHiSeq	Gnome	27171425	61382639	5352675319	45	90	ERR1293737;ERR1293736;ERR1293735;ERR1293734;ERR1293296;ERR1293295;ERR1293294;ERR1293293			Paolo_Manghi	21.56756757																																																																																																									
VogtmannE_2016	MMRS85438660ST-27-0-0	MMRS85438660ST-27-0-0	stool		control	Health	68.0		senior	male	USA	no	IlluminaHiSeq	Gnome	27171425	69808730	5863306918	2	88	ERR1293781;ERR1293780;ERR1293779;ERR1293778;ERR1293340;ERR1293339;ERR1293338;ERR1293337			Paolo_Manghi	23.01031541																																																																																																									
VogtmannE_2016	MMRS85548821ST-27-0-0	MMRS85548821ST-27-0-0	stool		control	Health	71.0		senior	male	USA	no	IlluminaHiSeq	Gnome	27171425	63845256	5557432761	45	90	ERR1293709;ERR1293708;ERR1293707;ERR1293706;ERR1293268;ERR1293267;ERR1293266;ERR1293265			Paolo_Manghi	23.24204082																																																																																																									
VogtmannE_2016	MMRS86168210ST-27-0-0	MMRS86168210ST-27-0-0	stool		control	Health	79.0		senior	male	USA	no	IlluminaHiSeq	Gnome	27171425	53381849	4658583485	45	93	ERR1293685;ERR1293684;ERR1293683;ERR1293682;ERR1293244;ERR1293243;ERR1293242;ERR1293241			Paolo_Manghi	21.28460208																																																																																																									
VogtmannE_2016	MMRS86178473ST-27-0-0	MMRS86178473ST-27-0-0	stool		CRC	CRC	65.0		adult	male	USA	no	IlluminaHiSeq	Gnome	27171425	67156071	5720982232	1	89	ERR1293524;ERR1293523;ERR1293522;ERR1293521;ERR1293083;ERR1293082;ERR1293081;ERR1293080			Paolo_Manghi	25.10216227																																																																																																									
VogtmannE_2016	MMRS86958796ST-27-0-0	MMRS86958796ST-27-0-0	stool		CRC	CRC	55.0		adult	female	USA	no	IlluminaHiSeq	Gnome	27171425	50955911	4185665260	1	90	ERR1293721;ERR1293720;ERR1293719;ERR1293718;ERR1293280;ERR1293279;ERR1293278;ERR1293277			Paolo_Manghi	31.61420118																																																																																																									
VogtmannE_2016	MMRS87723283ST-27-0-0	MMRS87723283ST-27-0-0	stool		control	Health	42.0		adult	male	USA	no	IlluminaHiSeq	Gnome	27171425	76214251	6500263337	1	89	ERR1293869;ERR1293868;ERR1293867;ERR1293866;ERR1293428;ERR1293427;ERR1293426;ERR1293425			Paolo_Manghi	27.6123785																																																																																																									
VogtmannE_2016	MMRS88581325ST-27-0-0	MMRS88581325ST-27-0-0	stool		control	Health	73.0		senior	female	USA	no	IlluminaHiSeq	Gnome	27171425	63842935	5554857561	45	90	ERR1293785;ERR1293784;ERR1293783;ERR1293782;ERR1293344;ERR1293343;ERR1293342;ERR1293341			Paolo_Manghi	23.92060491																																																																																																									
VogtmannE_2016	MMRS90191266ST-27-0-0	MMRS90191266ST-27-0-0	stool		CRC	CRC	37.0		adult	male	USA	no	IlluminaHiSeq	Gnome	27171425	65757163	5498902077	2	88	ERR1293777;ERR1293776;ERR1293775;ERR1293774;ERR1293336;ERR1293335;ERR1293334;ERR1293333			Paolo_Manghi	22.50086505																																																																																																									
VogtmannE_2016	MMRS91297590ST-27-0-0	MMRS91297590ST-27-0-0	stool		control	Health	36.0		adult	male	USA	no	IlluminaHiSeq	Gnome	27171425	53750027	4367662855	1	89	ERR1293588;ERR1293587;ERR1293586;ERR1293585;ERR1293147;ERR1293146;ERR1293145;ERR1293144			Paolo_Manghi	21.33683793																																																																																																									
VogtmannE_2016	MMRS92544445ST-27-0-0	MMRS92544445ST-27-0-0	stool		CRC	CRC	72.0		senior	female	USA	no	IlluminaHiSeq	Gnome	27171425	77094842	6621113804	45	90	ERR1293845;ERR1293844;ERR1293843;ERR1293842;ERR1293404;ERR1293403;ERR1293402;ERR1293401			Paolo_Manghi	27.79812695																																																																																																									
VogtmannE_2016	MMRS92546335ST-27-0-0	MMRS92546335ST-27-0-0	stool		control	Health	42.0		adult	female	USA	no	IlluminaHiSeq	Gnome	27171425	46608524	3731748843	2	88	ERR1293592;ERR1293591;ERR1293590;ERR1293589;ERR1293151;ERR1293150;ERR1293149;ERR1293148			Paolo_Manghi	27.2055899																																																																																																									
VogtmannE_2016	MMRS92727331ST-27-0-0	MMRS92727331ST-27-0-0	stool			Health			adult		USA	no	IlluminaHiSeq	Gnome	27171425	42388033	3371496572	1	89	ERR1293544;ERR1293543;ERR1293542;ERR1293541;ERR1293103;ERR1293102;ERR1293101;ERR1293100			Paolo_Manghi																																																																																																										
VogtmannE_2016	MMRS93508324ST-27-0-0	MMRS93508324ST-27-0-0	stool		CRC	CRC	71.0		senior	female	USA	no	IlluminaHiSeq	Gnome	27171425	66116247	5657915436	45	90	ERR1293641;ERR1293640;ERR1293639;ERR1293638;ERR1293200;ERR1293199;ERR1293198;ERR1293197			Paolo_Manghi																																																																																																										
VogtmannE_2016	MMRS93621581ST-27-0-0	MMRS93621581ST-27-0-0	stool		control	Health	60.0		adult	male	USA	no	IlluminaHiSeq	Gnome	27171425	84120338	7252089612	45	90	ERR1293809;ERR1293808;ERR1293807;ERR1293806;ERR1293368;ERR1293367;ERR1293366;ERR1293365			Paolo_Manghi	23.12088889																																																																																																									
VogtmannE_2016	MMRS94549160ST-27-0-0	MMRS94549160ST-27-0-0	stool		control	Health	76.0		senior	male	USA	no	IlluminaHiSeq	Gnome	27171425	70772737	6102492593	45	90	ERR1293745;ERR1293744;ERR1293743;ERR1293742;ERR1293304;ERR1293303;ERR1293302;ERR1293301			Paolo_Manghi	23.81591837																																																																																																									
VogtmannE_2016	MMRS95277876ST-27-0-0	MMRS95277876ST-27-0-0	stool		control	Health	48.0		adult	male	USA	no	IlluminaHiSeq	Gnome	27171425	40050229	3416777496	45	89	ERR1293901;ERR1293900;ERR1293899;ERR1293898;ERR1293460;ERR1293459;ERR1293458;ERR1293457			Paolo_Manghi	21.52040816																																																																																																									
VogtmannE_2016	MMRS95479054ST-27-0-0	MMRS95479054ST-27-0-0	stool		control	Health	45.0		adult	male	USA	no	IlluminaHiSeq	Gnome	27171425	71670402	5837169628	5	85	ERR1293805;ERR1293804;ERR1293803;ERR1293802;ERR1293364;ERR1293363;ERR1293362;ERR1293361			Paolo_Manghi	24.36357908																																																																																																									
VogtmannE_2016	MMRS95674036ST-27-0-0	MMRS95674036ST-27-0-0	stool		control	Health	68.0		senior	female	USA	no	IlluminaHiSeq	Gnome	27171425	45900502	3908205455	1	89	ERR1293604;ERR1293603;ERR1293602;ERR1293601;ERR1293163;ERR1293162;ERR1293161;ERR1293160			Paolo_Manghi	38.37115771																																																																																																									
VogtmannE_2016	MMRS96422329ST-27-0-0	MMRS96422329ST-27-0-0	stool		CRC	CRC	66.0		senior	male	USA	no	IlluminaHiSeq	Gnome	27171425	48055011	4141839835	45	90	ERR1293825;ERR1293824;ERR1293823;ERR1293822;ERR1293384;ERR1293383;ERR1293382;ERR1293381			Paolo_Manghi	22.31303313																																																																																																									
VogtmannE_2016	MMRS97052561ST-27-0-0	MMRS97052561ST-27-0-0	stool		CRC	CRC	69.0		senior	female	USA	no	IlluminaHiSeq	Gnome	27171425	87071216	7473988352	45	90	ERR1293564;ERR1293563;ERR1293562;ERR1293561;ERR1293123;ERR1293122;ERR1293121;ERR1293120			Paolo_Manghi	27.75971435																																																																																																									
VogtmannE_2016	MMRS97307143ST-27-0-0	MMRS97307143ST-27-0-0	stool		control	Health	56.0		adult	male	USA	no	IlluminaHiSeq	Gnome	27171425	63476444	5333346730	1	89	ERR1293853;ERR1293852;ERR1293851;ERR1293850;ERR1293412;ERR1293411;ERR1293410;ERR1293409			Paolo_Manghi	22.70773001																																																																																																									
VogtmannE_2016	MMRS97327636ST-27-0-0	MMRS97327636ST-27-0-0	stool		CRC	CRC	84.0		senior	male	USA	no	IlluminaHiSeq	Gnome	27171425	59648832	4852225968	5	85	ERR1293937;ERR1293936;ERR1293935;ERR1293934;ERR1293496;ERR1293495;ERR1293494;ERR1293493			Paolo_Manghi	23.47763075																																																																																																									
VogtmannE_2016	MMRS99045180ST-27-0-0	MMRS99045180ST-27-0-0	stool		CRC	CRC	67.0		senior	female	USA	no	IlluminaHiSeq	Gnome	27171425	43709835	3764480856	45	90	ERR1293504;ERR1293503;ERR1293502;ERR1293501;ERR1293063;ERR1293062;ERR1293061;ERR1293060			Paolo_Manghi	30.03540039																																																																																																									
