study_name	sample_id	subject_id	body_site	antibiotics_current_use	study_condition	disease	age	infant_age	age_category	gender	country	non_westernized	sequencing_platform	DNA_extraction_kit	PMID	number_reads	number_bases	minimum_read_length	median_read_length	NCBI_accession	pregnant	lactating	curator	BMI	family	days_from_first_collection	family_role	born_method	feeding_practice	travel_destination	location	visit_number	premature	birth_weight	gestational_age	antibiotics_family	disease_subtype	days_after_onset	creatine	albumine	hscrp	ESR	treatment	ast	alt	globulin	urea_nitrogen	BASDAI	BASFI	alcohol	flg_genotype	population	menopausal_status	lifestyle	body_subsite	diet	tnm	triglycerides	hdl	ldl	hba1c	smoker	ever_smoker	dental_sample_type	history_of_periodontitis	PPD_M	PPD_B	PPD_D	PPD_L	fobt	disease_stage	disease_location	calprotectin	HBI	SCCAI	uncurated_metadata	mumps	cholesterol	c_peptide	glucose	creatinine	bilubirin	prothrombin_time	wbc	rbc	hemoglobinometry	remission	dyastolic_p	systolic_p	insulin_cat	adiponectin	glp_1	cd163	il_1	leptin	fgf_19	glutamate_decarboxylase_2_antibody	HLA	autoantibody_positive	age_seroconversion	age_T1D_diagnosis	hitchip_probe_class	fasting_insulin	fasting_glucose	protein_intake	stec_count	shigatoxin_2_elisa	stool_texture	anti_PD_1	mgs_richness	ferm_milk_prod_consumer	inr	ctp	birth_control_pil	c_section_type	ajcc	hla_drb12	hla_dqa12	hla_dqa11	hla_drb11	birth_order	age_twins_started_to_live_apart	zigosity	brinkman_index	alcohol_numeric	breastfeeding_duration	formula_first_day	ALT	eGFR
NagySzakalD_2017	ESS-0542	ESS-0542	stool	no	control	Health	51.0		adult	female	USA	no	IlluminaHiSeq	KAMA_Hyper_Prep	28441964	31075458	2810291897	44	94	SRR6784403			Paolo_Manghi	28.80015117																																																																																																									
NagySzakalD_2017	ESS-0452	ESS-0452	stool		CFS	CFS	51.0		adult	female	USA	no	IlluminaHiSeq	KAMA_Hyper_Prep	28441964	119741522	11199161770	44	94	SRR6784404			Paolo_Manghi	24.85353535																																																																																																									
NagySzakalD_2017	ESS-0280	ESS-0280	stool		CFS	CFS	51.0		adult	female	USA	no	IlluminaHiSeq	KAMA_Hyper_Prep	28441964	214155964	19993067116	44	94	SRR6784405			Paolo_Manghi	18.25041655																																																																																																									
NagySzakalD_2017	ESS-0184	ESS-0184	stool	no	control	Health	51.0		adult	female	USA	no	IlluminaHiSeq	KAMA_Hyper_Prep	28441964	108052297	10156915918	94	94	SRR6784406			Paolo_Manghi	20.7790121																																																																																																									
NagySzakalD_2017	ESS-0513	ESS-0513	stool	no	control	Health	51.0		adult	female	USA	no	IlluminaHiSeq	KAMA_Hyper_Prep	28441964	24569154	2378138385	44	94	SRR6784408			Paolo_Manghi	25.57299805																																																																																																									
NagySzakalD_2017	ESS-0476	ESS-0476	stool		CFS	CFS	51.0		adult	female	USA	no	IlluminaHiSeq	KAMA_Hyper_Prep	28441964	43635487	4236675436	94	100	SRR6784409			Paolo_Manghi	37.41552734																																																																																																									
NagySzakalD_2017	ESS-0359	ESS-0359	stool	no	control	Health	51.0		adult	female	USA	no	IlluminaHiSeq	KAMA_Hyper_Prep	28441964	15977083	1550405632	94	100	SRR6784410			Paolo_Manghi	22.27134986																																																																																																									
NagySzakalD_2017	ESS-0335	ESS-0335	stool	no	control	Health	51.0		adult	female	USA	no	IlluminaHiSeq	KAMA_Hyper_Prep	28441964	21987547	2133148090	94	100	SRR6784411			Paolo_Manghi	33.08425161																																																																																																									
NagySzakalD_2017	ESS-0316	ESS-0316	stool		CFS	CFS	51.0		adult	female	USA	no	IlluminaHiSeq	KAMA_Hyper_Prep	28441964	36608389	3541708007	44	100	SRR6784412			Paolo_Manghi	19.57562932																																																																																																									
NagySzakalD_2017	ESS-0296	ESS-0296	stool		CFS	CFS	51.0		adult	male	USA	no	IlluminaHiSeq	KAMA_Hyper_Prep	28441964	55135201	5352352744	94	100	SRR6784413			Paolo_Manghi	24.68696845																																																																																																									
NagySzakalD_2017	ESS-0165	ESS-0165	stool	no	control	Health	51.0		adult	female	USA	no	IlluminaHiSeq	KAMA_Hyper_Prep	28441964	28090584	2716883123	44	100	SRR6784414			Paolo_Manghi	21.43110059																																																																																																									
NagySzakalD_2017	ESS-0603	ESS-0603	stool	no	control	Health	51.0		adult	male	USA	no	IlluminaHiSeq	KAMA_Hyper_Prep	28441964	117348345	10994748143	44	94	SRR6784510			Paolo_Manghi	22.51644737																																																																																																									
NagySzakalD_2017	ESS-0596	ESS-0596	stool	no	control	Health	51.0		adult	female	USA	no	IlluminaHiSeq	KAMA_Hyper_Prep	28441964	67004081	6298383614	94	94	SRR6784511			Paolo_Manghi	19.36639118																																																																																																									
NagySzakalD_2017	ESS-0590	ESS-0590	stool	no	control	Health	51.0		adult	male	USA	no	IlluminaHiSeq	KAMA_Hyper_Prep	28441964	206709501	19338278650	44	94	SRR6784512			Paolo_Manghi	31.31877163																																																																																																									
NagySzakalD_2017	ESS-0586	ESS-0586	stool	no	control	Health	51.0		adult	female	USA	no	IlluminaHiSeq	KAMA_Hyper_Prep	28441964	52767756	4960169064	94	94	SRR6784513			Paolo_Manghi	26.94361028																																																																																																									
NagySzakalD_2017	ESS-0578	ESS-0578	stool		CFS	CFS	51.0		adult	male	USA	no	IlluminaHiSeq	KAMA_Hyper_Prep	28441964	54363386	5110158284	94	94	SRR6784514			Paolo_Manghi	24.10285714																																																																																																									
NagySzakalD_2017	ESS-0569	ESS-0569	stool	no	control	Health	51.0		adult	female	USA	no	IlluminaHiSeq	KAMA_Hyper_Prep	28441964	35683075	3354209050	94	94	SRR6784515			Paolo_Manghi	21.7680998																																																																																																									
NagySzakalD_2017	ESS-0561	ESS-0561	stool	no	control	Health	51.0		adult	male	USA	no	IlluminaHiSeq	KAMA_Hyper_Prep	28441964	37531019	3527915786	94	94	SRR6784516			Paolo_Manghi	24.67673469																																																																																																									
NagySzakalD_2017	ESS-0555	ESS-0555	stool		CFS	CFS	51.0		adult	male	USA	no	IlluminaHiSeq	KAMA_Hyper_Prep	28441964	42862828	4010443689	44	94	SRR6784517			Paolo_Manghi	29.98313827																																																																																																									
NagySzakalD_2017	ESS-0550	ESS-0550	stool	no	control	Health	51.0		adult	female	USA	no	IlluminaHiSeq	KAMA_Hyper_Prep	28441964	90311244	8479846470	44	94	SRR6784518			Paolo_Manghi	23.02595112																																																																																																									
NagySzakalD_2017	ESS-0536	ESS-0536	stool		CFS	CFS	51.0		adult	female	USA	no	IlluminaHiSeq	KAMA_Hyper_Prep	28441964	38900315	3656629610	94	94	SRR6784519			Paolo_Manghi	29.45112426																																																																																																									
NagySzakalD_2017	ESS-0531	ESS-0531	stool		CFS	CFS	51.0		adult	female	USA	no	IlluminaHiSeq	KAMA_Hyper_Prep	28441964	26628121	2488383738	44	94	SRR6784520			Paolo_Manghi	24.61175922																																																																																																									
NagySzakalD_2017	ESS-0526	ESS-0526	stool		CFS	CFS	51.0		adult	female	USA	no	IlluminaHiSeq	KAMA_Hyper_Prep	28441964	70017829	6543035768	44	94	SRR6784521			Paolo_Manghi	29.84163265																																																																																																									
NagySzakalD_2017	ESS-0521	ESS-0521	stool		CFS	CFS	51.0		adult	female	USA	no	IlluminaHiSeq	KAMA_Hyper_Prep	28441964	40076953	3767233582	94	94	SRR6784522			Paolo_Manghi	34.55198488																																																																																																									
NagySzakalD_2017	ESS-0506	ESS-0506	stool	no	control	Health	51.0		adult	female	USA	no	IlluminaHiSeq	KAMA_Hyper_Prep	28441964	71505138	6721482972	94	94	SRR6784523			Paolo_Manghi	22.67132491																																																																																																									
NagySzakalD_2017	ESS-0501	ESS-0501	stool	no	control	Health	51.0		adult	female	USA	no	IlluminaHiSeq	KAMA_Hyper_Prep	28441964	110998182	10334349476	44	94	SRR6784524			Paolo_Manghi	21.74070069																																																																																																									
NagySzakalD_2017	ESS-0496	ESS-0496	stool	no	control	Health	51.0		adult	male	USA	no	IlluminaHiSeq	KAMA_Hyper_Prep	28441964	64947608	6059300728	44	94	SRR6784525			Paolo_Manghi	29.95029586																																																																																																									
NagySzakalD_2017	ESS-0489	ESS-0489	stool	no	control	Health	51.0		adult	female	USA	no	IlluminaHiSeq	KAMA_Hyper_Prep	28441964	122303890	11456966398	44	94	SRR6784526			Paolo_Manghi	22.31201172																																																																																																									
NagySzakalD_2017	ESS-0482	ESS-0482	stool		CFS	CFS	51.0		adult	female	USA	no	IlluminaHiSeq	KAMA_Hyper_Prep	28441964	56187386	5258116479	44	94	SRR6784527			Paolo_Manghi	21.03147763																																																																																																									
NagySzakalD_2017	ESS-0473	ESS-0473	stool	no	control	Health	51.0		adult	female	USA	no	IlluminaHiSeq	KAMA_Hyper_Prep	28441964	49175157	4606479396	44	94	SRR6784528			Paolo_Manghi	23.17016602																																																																																																									
NagySzakalD_2017	ESS-0467	ESS-0467	stool	no	control	Health	51.0		adult	female	USA	no	IlluminaHiSeq	KAMA_Hyper_Prep	28441964	55126826	5151827485	44	94	SRR6784529			Paolo_Manghi	27.33888889																																																																																																									
NagySzakalD_2017	ESS-0459	ESS-0459	stool		CFS	CFS	51.0		adult	female	USA	no	IlluminaHiSeq	KAMA_Hyper_Prep	28441964	63022878	5903534611	44	94	SRR6784530			Paolo_Manghi	21.60109739																																																																																																									
NagySzakalD_2017	ESS-0447	ESS-0447	stool	no	control	Health	51.0		adult	female	USA	no	IlluminaHiSeq	KAMA_Hyper_Prep	28441964	76186321	7161514174	94	94	SRR6784531			Paolo_Manghi	24.87200832																																																																																																									
NagySzakalD_2017	ESS-0441	ESS-0441	stool		CFS	CFS	51.0		adult	female	USA	no	IlluminaHiSeq	KAMA_Hyper_Prep	28441964	51629844	4793141804	44	94	SRR6784532			Paolo_Manghi	27.58344531																																																																																																									
NagySzakalD_2017	ESS-0435	ESS-0435	stool		CFS	CFS	51.0		adult	female	USA	no	IlluminaHiSeq	KAMA_Hyper_Prep	28441964	73607937	6887903816	44	94	SRR6784533			Paolo_Manghi	22.8049308																																																																																																									
NagySzakalD_2017	ESS-0430	ESS-0430	stool	no	control	Health	51.0		adult	female	USA	no	IlluminaHiSeq	KAMA_Hyper_Prep	28441964	83662701	7831669625	44	94	SRR6784534			Paolo_Manghi	22.59412305																																																																																																									
NagySzakalD_2017	ESS-0425	ESS-0425	stool	no	control	Health	51.0		adult	female	USA	no	IlluminaHiSeq	KAMA_Hyper_Prep	28441964	46399865	4348166090	44	94	SRR6784535			Paolo_Manghi	29.61751479																																																																																																									
NagySzakalD_2017	ESS-0419	ESS-0419	stool		CFS	CFS	51.0		adult	male	USA	no	IlluminaHiSeq	KAMA_Hyper_Prep	28441964	71687915	6701088390	44	94	SRR6784536			Paolo_Manghi	24.933391																																																																																																									
NagySzakalD_2017	ESS-0410	ESS-0410	stool		CFS	CFS	51.0		adult	female	USA	no	IlluminaHiSeq	KAMA_Hyper_Prep	28441964	81329728	7613110805	44	94	SRR6784537			Paolo_Manghi	38.18141236																																																																																																									
NagySzakalD_2017	ESS-0405	ESS-0405	stool		CFS	CFS	51.0		adult	female	USA	no	IlluminaHiSeq	KAMA_Hyper_Prep	28441964	79348734	7412525865	44	94	SRR6784538			Paolo_Manghi	30.09948764																																																																																																									
NagySzakalD_2017	ESS-0400	ESS-0400	stool		CFS	CFS	51.0		adult	female	USA	no	IlluminaHiSeq	KAMA_Hyper_Prep	28441964	82021533	7655851783	44	94	SRR6784539			Paolo_Manghi	20.63242604																																																																																																									
NagySzakalD_2017	ESS-0394	ESS-0394	stool	no	control	Health	51.0		adult	female	USA	no	IlluminaHiSeq	KAMA_Hyper_Prep	28441964	58808691	5494478689	44	94	SRR6784540			Paolo_Manghi	32.99113322																																																																																																									
NagySzakalD_2017	ESS-0386	ESS-0386	stool	no	control	Health	51.0		adult	female	USA	no	IlluminaHiSeq	KAMA_Hyper_Prep	28441964	58824796	5507397126	44	94	SRR6784541			Paolo_Manghi	24.27411265																																																																																																									
NagySzakalD_2017	ESS-0383	ESS-0383	stool		CFS	CFS	51.0		adult	male	USA	no	IlluminaHiSeq	KAMA_Hyper_Prep	28441964	38587701	3627243894	94	94	SRR6784542			Paolo_Manghi	30.53798173																																																																																																									
NagySzakalD_2017	ESS-0376	ESS-0376	stool		CFS	CFS	51.0		adult	male	USA	no	IlluminaHiSeq	KAMA_Hyper_Prep	28441964	50786950	4747298422	44	94	SRR6784543			Paolo_Manghi	26.54183673																																																																																																									
NagySzakalD_2017	ESS-0371	ESS-0371	stool		CFS	CFS	51.0		adult	female	USA	no	IlluminaHiSeq	KAMA_Hyper_Prep	28441964	83298994	7804542574	44	94	SRR6784544			Paolo_Manghi	22.27134986																																																																																																									
NagySzakalD_2017	ESS-0364	ESS-0364	stool	no	control	Health	51.0		adult	female	USA	no	IlluminaHiSeq	KAMA_Hyper_Prep	28441964	31889266	2969648800	44	94	SRR6784545			Paolo_Manghi	27.11767578																																																																																																									
NagySzakalD_2017	ESS-0353	ESS-0353	stool		CFS	CFS	51.0		adult	female	USA	no	IlluminaHiSeq	KAMA_Hyper_Prep	28441964	45750965	4279686827	44	94	SRR6784546			Paolo_Manghi	23.38290758																																																																																																									
NagySzakalD_2017	ESS-0347	ESS-0347	stool		CFS	CFS	51.0		adult	female	USA	no	IlluminaHiSeq	KAMA_Hyper_Prep	28441964	17055035	1590201101	44	94	SRR6784547			Paolo_Manghi	21.63076923																																																																																																									
NagySzakalD_2017	ESS-0338	ESS-0338	stool	no	control	Health	51.0		adult	male	USA	no	IlluminaHiSeq	KAMA_Hyper_Prep	28441964	52415140	4906061499	44	94	SRR6784548			Paolo_Manghi	24.40487998																																																																																																									
NagySzakalD_2017	ESS-0326	ESS-0326	stool		CFS	CFS	51.0		adult	female	USA	no	IlluminaHiSeq	KAMA_Hyper_Prep	28441964	92988652	8689783505	44	94	SRR6784549			Paolo_Manghi	23.38019652																																																																																																									
NagySzakalD_2017	ESS-0321	ESS-0321	stool		CFS	CFS	51.0		adult	female	USA	no	IlluminaHiSeq	KAMA_Hyper_Prep	28441964	41238253	3876395782	94	94	SRR6784550			Paolo_Manghi	30.47533972																																																																																																									
NagySzakalD_2017	ESS-0308	ESS-0308	stool	no	control	Health	51.0		adult	female	USA	no	IlluminaHiSeq	KAMA_Hyper_Prep	28441964	42812396	3994331418	44	94	SRR6784551			Paolo_Manghi	31.13817082																																																																																																									
NagySzakalD_2017	ESS-0302	ESS-0302	stool		CFS	CFS	51.0		adult	female	USA	no	IlluminaHiSeq	KAMA_Hyper_Prep	28441964	62277751	5854108594	94	94	SRR6784552			Paolo_Manghi	26.03423811																																																																																																									
NagySzakalD_2017	ESS-0290	ESS-0290	stool	no	control	Health	51.0		adult	male	USA	no	IlluminaHiSeq	KAMA_Hyper_Prep	28441964	215120558	20127176582	44	94	SRR6784553			Paolo_Manghi	26.30825617																																																																																																									
NagySzakalD_2017	ESS-0286	ESS-0286	stool	no	control	Health	51.0		adult	female	USA	no	IlluminaHiSeq	KAMA_Hyper_Prep	28441964	14761881	1387616814	94	94	SRR6784554			Paolo_Manghi	22.67132491																																																																																																									
NagySzakalD_2017	ESS-0272	ESS-0272	stool		CFS	CFS	51.0		adult	female	USA	no	IlluminaHiSeq	KAMA_Hyper_Prep	28441964	83052377	7806923438	94	94	SRR6784555			Paolo_Manghi	25.74462891																																																																																																									
NagySzakalD_2017	ESS-0268	ESS-0268	stool	no	control	Health	51.0		adult	female	USA	no	IlluminaHiSeq	KAMA_Hyper_Prep	28441964	133779591	12563296155	44	94	SRR6784556			Paolo_Manghi	22.46272189																																																																																																									
NagySzakalD_2017	ESS-0262	ESS-0262	stool		CFS	CFS	51.0		adult	female	USA	no	IlluminaHiSeq	KAMA_Hyper_Prep	28441964	58166953	5400567191	44	94	SRR6784557			Paolo_Manghi	25.54152249																																																																																																									
NagySzakalD_2017	ESS-0254	ESS-0254	stool	no	control	Health	51.0		adult	female	USA	no	IlluminaHiSeq	KAMA_Hyper_Prep	28441964	44503164	4162534834	44	94	SRR6784558			Paolo_Manghi	26.25952148																																																																																																									
NagySzakalD_2017	ESS-0251	ESS-0251	stool	no	control	Health	51.0		adult	male	USA	no	IlluminaHiSeq	KAMA_Hyper_Prep	28441964	39313540	3695472760	94	94	SRR6784559			Paolo_Manghi	21.69753086																																																																																																									
NagySzakalD_2017	ESS-0243	ESS-0243	stool	no	control	Health	51.0		adult	female	USA	no	IlluminaHiSeq	KAMA_Hyper_Prep	28441964	80897843	7484974148	44	94	SRR6784560			Paolo_Manghi	19.96686391																																																																																																									
NagySzakalD_2017	ESS-0237	ESS-0237	stool		CFS	CFS	51.0		adult	female	USA	no	IlluminaHiSeq	KAMA_Hyper_Prep	28441964	51374675	4815434722	44	94	SRR6784561			Paolo_Manghi	23.96023669																																																																																																									
NagySzakalD_2017	ESS-0231	ESS-0231	stool		CFS	CFS	51.0		adult	female	USA	no	IlluminaHiSeq	KAMA_Hyper_Prep	28441964	71478242	6718954748	94	94	SRR6784562			Paolo_Manghi	27.4609375																																																																																																									
NagySzakalD_2017	ESS-0224	ESS-0224	stool		CFS	CFS	51.0		adult	female	USA	no	IlluminaHiSeq	KAMA_Hyper_Prep	28441964	59915153	5632024382	94	94	SRR6784563			Paolo_Manghi	26.56840514																																																																																																									
NagySzakalD_2017	ESS-0219	ESS-0219	stool	no	control	Health	51.0		adult	female	USA	no	IlluminaHiSeq	KAMA_Hyper_Prep	28441964	33208389	3102790220	44	94	SRR6784564			Paolo_Manghi	24.37158203																																																																																																									
NagySzakalD_2017	ESS-0215	ESS-0215	stool		CFS	CFS	51.0		adult	male	USA	no	IlluminaHiSeq	KAMA_Hyper_Prep	28441964	59362907	5580113258	94	94	SRR6784565			Paolo_Manghi	28.7342128																																																																																																									
NagySzakalD_2017	ESS-0208	ESS-0208	stool	no	control	Health	51.0		adult	female	USA	no	IlluminaHiSeq	KAMA_Hyper_Prep	28441964	180072555	16833414556	44	94	SRR6784566			Paolo_Manghi	30.11085916																																																																																																									
NagySzakalD_2017	ESS-0202	ESS-0202	stool	no	control	Health	51.0		adult	female	USA	no	IlluminaHiSeq	KAMA_Hyper_Prep	28441964	55242421	5192787574	94	94	SRR6784567			Paolo_Manghi	21.60896951																																																																																																									
NagySzakalD_2017	ESS-0195	ESS-0195	stool		CFS	CFS	51.0		adult	female	USA	no	IlluminaHiSeq	KAMA_Hyper_Prep	28441964	61456271	5746258545	44	94	SRR6784568			Paolo_Manghi	28.559375																																																																																																									
NagySzakalD_2017	ESS-0188	ESS-0188	stool	no	control	Health	51.0		adult	female	USA	no	IlluminaHiSeq	KAMA_Hyper_Prep	28441964	36199323	3402736362	94	94	SRR6784569			Paolo_Manghi	30.73672222																																																																																																									
NagySzakalD_2017	ESS-0177	ESS-0177	stool	no	control	Health	51.0		adult	female	USA	no	IlluminaHiSeq	KAMA_Hyper_Prep	28441964	53652556	4989892380	44	94	SRR6784570			Paolo_Manghi	26.45609467																																																																																																									
NagySzakalD_2017	ESS-0172	ESS-0172	stool	no	control	Health	51.0		adult	female	USA	no	IlluminaHiSeq	KAMA_Hyper_Prep	28441964	29241595	2733345231	44	94	SRR6784571			Paolo_Manghi	42.24583767																																																																																																									
NagySzakalD_2017	ESS-0158	ESS-0158	stool		CFS	CFS	51.0		adult	female	USA	no	IlluminaHiSeq	KAMA_Hyper_Prep	28441964	69034020	6481711186	44	94	SRR6784572			Paolo_Manghi	22.70773001																																																																																																									
NagySzakalD_2017	ESS-0155	ESS-0155	stool		CFS	CFS	51.0		adult	female	USA	no	IlluminaHiSeq	KAMA_Hyper_Prep	28441964	32064789	3000047399	44	94	SRR6784573			Paolo_Manghi	21.04992274																																																																																																									
NagySzakalD_2017	ESS-0147	ESS-0147	stool	no	control	Health	51.0		adult	female	USA	no	IlluminaHiSeq	KAMA_Hyper_Prep	28441964	102147226	9530451056	44	94	SRR6784574			Paolo_Manghi	21.9458897																																																																																																									
NagySzakalD_2017	ESS-0141	ESS-0141	stool		CFS	CFS	51.0		adult	female	USA	no	IlluminaHiSeq	KAMA_Hyper_Prep	28441964	16424809	1535245823	44	94	SRR6784575			Paolo_Manghi	36.01915794																																																																																																									
NagySzakalD_2017	ESS-0136	ESS-0136	stool	no	control	Health	51.0		adult	female	USA	no	IlluminaHiSeq	KAMA_Hyper_Prep	28441964	145419241	13591354401	44	94	SRR6784576			Paolo_Manghi	30.22843322																																																																																																									
NagySzakalD_2017	ESS-0129	ESS-0129	stool		CFS	CFS	51.0		adult	female	USA	no	IlluminaHiSeq	KAMA_Hyper_Prep	28441964	62997211	5805227328	44	94	SRR6784577			Paolo_Manghi	30.56521739																																																																																																									
NagySzakalD_2017	ESS-0123	ESS-0123	stool	no	control	Health	51.0		adult	female	USA	no	IlluminaHiSeq	KAMA_Hyper_Prep	28441964	94005571	8768754785	44	94	SRR6784578			Paolo_Manghi	27.63114135																																																																																																									
NagySzakalD_2017	ESS-0119	ESS-0119	stool	no	control	Health	51.0		adult	female	USA	no	IlluminaHiSeq	KAMA_Hyper_Prep	28441964	90389121	8496577374	94	94	SRR6784579			Paolo_Manghi	20.25244141																																																																																																									
NagySzakalD_2017	ESS-0113	ESS-0113	stool		CFS	CFS	51.0		adult	female	USA	no	IlluminaHiSeq	KAMA_Hyper_Prep	28441964	51319231	4796626445	44	94	SRR6784580			Paolo_Manghi	32.39424																																																																																																									
NagySzakalD_2017	ESS-0104	ESS-0104	stool		CFS	CFS	51.0		adult	female	USA	no	IlluminaHiSeq	KAMA_Hyper_Prep	28441964	59811446	5622275924	94	94	SRR6784581			Paolo_Manghi	21.38520508																																																																																																									
NagySzakalD_2017	ESS-0098	ESS-0098	stool		CFS	CFS	51.0		adult	female	USA	no	IlluminaHiSeq	KAMA_Hyper_Prep	28441964	19373933	1821149702	94	94	SRR6784582			Paolo_Manghi	25.74462891																																																																																																									
NagySzakalD_2017	ESS-0093	ESS-0093	stool	no	control	Health	51.0		adult	female	USA	no	IlluminaHiSeq	KAMA_Hyper_Prep	28441964	97955089	9112181506	44	94	SRR6784583			Paolo_Manghi	25.60353798																																																																																																									
NagySzakalD_2017	ESS-0088	ESS-0088	stool		CFS	CFS	51.0		adult	female	USA	no	IlluminaHiSeq	KAMA_Hyper_Prep	28441964	56287808	5291053952	94	94	SRR6784584			Paolo_Manghi	34.32617188																																																																																																									
NagySzakalD_2017	ESS-0080	ESS-0080	stool	no	control	Health	51.0		adult	female	USA	no	IlluminaHiSeq	KAMA_Hyper_Prep	28441964	35297161	3317933134	94	94	SRR6784585			Paolo_Manghi	19.57562932																																																																																																									
NagySzakalD_2017	ESS-0077	ESS-0077	stool	no	control	Health	51.0		adult	male	USA	no	IlluminaHiSeq	KAMA_Hyper_Prep	28441964	103772195	9666764221	44	94	SRR6784586			Paolo_Manghi	24.13850309																																																																																																									
NagySzakalD_2017	ESS-0068	ESS-0068	stool	no	control	Health	51.0		adult	male	USA	no	IlluminaHiSeq	KAMA_Hyper_Prep	28441964	52229490	4888841646	44	94	SRR6784587			Paolo_Manghi	24.02119377																																																																																																									
NagySzakalD_2017	ESS-0062	ESS-0062	stool		CFS	CFS	51.0		adult	female	USA	no	IlluminaHiSeq	KAMA_Hyper_Prep	28441964	45927005	4317138470	94	94	SRR6784588			Paolo_Manghi	19.93460648																																																																																																									
NagySzakalD_2017	ESS-0058	ESS-0058	stool		CFS	CFS	51.0		adult	female	USA	no	IlluminaHiSeq	KAMA_Hyper_Prep	28441964	53652527	5043337538	94	94	SRR6784589			Paolo_Manghi	23.79384615																																																																																																									
NagySzakalD_2017	ESS-0053	ESS-0053	stool	no	control	Health	51.0		adult	female	USA	no	IlluminaHiSeq	KAMA_Hyper_Prep	28441964	85009033	7990849102	94	94	SRR6784590			Paolo_Manghi	25.90247271																																																																																																									
NagySzakalD_2017	ESS-0044	ESS-0044	stool	no	control	Health	51.0		adult	female	USA	no	IlluminaHiSeq	KAMA_Hyper_Prep	28441964	84035665	7820414337	44	94	SRR6784591			Paolo_Manghi	27.16706302																																																																																																									
NagySzakalD_2017	ESS-0039	ESS-0039	stool		CFS	CFS	51.0		adult	female	USA	no	IlluminaHiSeq	KAMA_Hyper_Prep	28441964	10728662	1008494228	94	94	SRR6784592			Paolo_Manghi	30.03540039																																																																																																									
NagySzakalD_2017	ESS-0035	ESS-0035	stool		CFS	CFS	51.0		adult	male	USA	no	IlluminaHiSeq	KAMA_Hyper_Prep	28441964	10997344	1032610797	44	94	SRR6784593			Paolo_Manghi	25.07236842																																																																																																									
NagySzakalD_2017	ESS-0026	ESS-0026	stool	no	control	Health	51.0		adult	female	USA	no	IlluminaHiSeq	KAMA_Hyper_Prep	28441964	37291012	3505355128	94	94	SRR6784594			Paolo_Manghi	21.28460208																																																																																																									
NagySzakalD_2017	ESS-0020	ESS-0020	stool		CFS	CFS	51.0		adult	female	USA	no	IlluminaHiSeq	KAMA_Hyper_Prep	28441964	44873829	4203190821	44	94	SRR6784595			Paolo_Manghi	27.96130073																																																																																																									
NagySzakalD_2017	ESS-0014	ESS-0014	stool		CFS	CFS	51.0		adult	male	USA	no	IlluminaHiSeq	KAMA_Hyper_Prep	28441964	76668802	7206867388	94	94	SRR6784596			Paolo_Manghi	31.4944																																																																																																									
NagySzakalD_2017	ESS-0010	ESS-0010	stool		CFS	CFS	51.0		adult	female	USA	no	IlluminaHiSeq	KAMA_Hyper_Prep	28441964	39985266	3758615004	94	94	SRR6784597			Paolo_Manghi	32.99795918																																																																																																									
NagySzakalD_2017	ESS-0005	ESS-0005	stool		CFS	CFS	51.0		adult	female	USA	no	IlluminaHiSeq	KAMA_Hyper_Prep	28441964	27046356	2542357464	94	94	SRR6784598			Paolo_Manghi	22.09428571																																																																																																									
