study_name	sample_id	subject_id	body_site	antibiotics_current_use	study_condition	disease	age	infant_age	age_category	gender	country	non_westernized	sequencing_platform	DNA_extraction_kit	PMID	number_reads	number_bases	minimum_read_length	median_read_length	NCBI_accession	pregnant	lactating	curator	BMI	family	days_from_first_collection	family_role	born_method	feeding_practice	travel_destination	location	visit_number	premature	birth_weight	gestational_age	antibiotics_family	disease_subtype	days_after_onset	creatine	albumine	hscrp	ESR	treatment	ast	alt	globulin	urea_nitrogen	BASDAI	BASFI	alcohol	flg_genotype	population	menopausal_status	lifestyle	body_subsite	diet	tnm	triglycerides	hdl	ldl	hba1c	smoker	ever_smoker	dental_sample_type	history_of_periodontitis	PPD_M	PPD_B	PPD_D	PPD_L	fobt	disease_stage	disease_location	calprotectin	HBI	SCCAI	uncurated_metadata	mumps	cholesterol	c_peptide	glucose	creatinine	bilubirin	prothrombin_time	wbc	rbc	hemoglobinometry	remission	dyastolic_p	systolic_p	insulin_cat	adiponectin	glp_1	cd163	il_1	leptin	fgf_19	glutamate_decarboxylase_2_antibody	HLA	autoantibody_positive	age_seroconversion	age_T1D_diagnosis	hitchip_probe_class	fasting_insulin	fasting_glucose	protein_intake	stec_count	shigatoxin_2_elisa	stool_texture	anti_PD_1	mgs_richness	ferm_milk_prod_consumer	inr	ctp	birth_control_pil	c_section_type	ajcc	hla_drb12	hla_dqa12	hla_dqa11	hla_drb11	birth_order	age_twins_started_to_live_apart	zigosity	brinkman_index	alcohol_numeric	breastfeeding_duration	formula_first_day	ALT	eGFR
ThomasAM_2019_c	mix1_N702-N505_CGTACTAG-GTAAGGAG	mix1_N702-N505_CGTACTAG-GTAAGGAG	stool		control	Health	66.0		senior	female	JPN	no	IlluminaHiSeq		30936548	56699592	8092368865	75	150				Giacomo_Damato;Paolo_Manghi	25.4108996539792																																																																																																									
ThomasAM_2019_c	mix3_N707-N505_CTCTCTAC-GTAAGGAG	mix3_N707-N505_CTCTCTAC-GTAAGGAG	stool		control	Health	77.0		senior	female	JPN	no	IlluminaHiSeq		30936548	52466237	7476566924	75	150				Giacomo_Damato;Paolo_Manghi	23.6340330075308																																																																																																									
ThomasAM_2019_c	mix3_N705-N506_GGACTCCT-ACTGCATA	mix3_N705-N506_GGACTCCT-ACTGCATA	stool		CRC	CRC	69.0		senior	female	JPN	no	IlluminaHiSeq		30936548	38301340	5444567853	75	150				Giacomo_Damato;Paolo_Manghi	25.6369171607114																																																																																												iii/iv													
ThomasAM_2019_c	mix3_N706-N506_TAGGCATG-ACTGCATA	mix3_N706-N506_TAGGCATG-ACTGCATA	stool		control	Health	73.0		senior	female	JPN	no	IlluminaHiSeq		30936548	52969206	7260060564	75	150				Giacomo_Damato;Paolo_Manghi	20.703125																																																																																																									
ThomasAM_2019_c	mix2_N707-N503_CTCTCTAC-TATCCTCT	mix2_N707-N503_CTCTCTAC-TATCCTCT	stool		control	Health	74.0		senior	male	JPN	no	IlluminaHiSeq		30936548	54782874	7892346245	75	150				Giacomo_Damato;Paolo_Manghi	20.6851502395123																																																																																																									
ThomasAM_2019_c	mix6_N707-N504_CTCTCTAC-AGAGTAGA	mix6_N707-N504_CTCTCTAC-AGAGTAGA	stool		CRC	CRC	51.0		adult	male	JPN	no	IlluminaHiSeq		30936548	47992936	7013851963	75	150				Giacomo_Damato;Paolo_Manghi	20.7612456747405																																																																																												iii/iv													
ThomasAM_2019_c	mix2_N708-N504_CAGAGAGG-AGAGTAGA	mix2_N708-N504_CAGAGAGG-AGAGTAGA	stool		control	Health	70.0		senior	male	JPN	no	IlluminaHiSeq		30936548	49237538	7167280424	75	150				Giacomo_Damato;Paolo_Manghi	23.6614386154678																																																																																																									
ThomasAM_2019_c	mix2_N711-N504_AAGAGGCA-AGAGTAGA	mix2_N711-N504_AAGAGGCA-AGAGTAGA	stool		CRC	CRC	55.0		adult	male	JPN	no	IlluminaHiSeq		30936548	46519722	6692999180	75	150				Giacomo_Damato;Paolo_Manghi	24.5778671518401																																																																																												iii/iv													
ThomasAM_2019_c	AHCT5GADXX.N703-S501_AGGCAGAA-TAGATCGC	AHCT5GADXX.N703-S501_AGGCAGAA-TAGATCGC	stool		CRC	CRC	62.0		adult	female	JPN	no	IlluminaHiSeq		30936548	14944862	2026501570	75	150				Giacomo_Damato;Paolo_Manghi	21.0828132906055																																																																																												iii/iv													
ThomasAM_2019_c	BHCNG3ADXX.N705-S502_GGACTCCT-CTCTCTAT	BHCNG3ADXX.N705-S502_GGACTCCT-CTCTCTAT	stool		control	Health	61.0		adult	male	JPN	no	IlluminaHiSeq		30936548	63257761	8959666507	75	150				Giacomo_Damato;Paolo_Manghi	26.2335558041742																																																																																																									
ThomasAM_2019_c	BHCNG3ADXX.N708-S502_CAGAGAGG-CTCTCTAT	BHCNG3ADXX.N708-S502_CAGAGAGG-CTCTCTAT	stool		CRC	CRC	78.0		senior	male	JPN	no	IlluminaHiSeq		30936548	14919620	2200274236	75	150				Giacomo_Damato;Paolo_Manghi	22.6799524092802																																																																																												iii/iv													
ThomasAM_2019_c	HGKT5ADXX_PG0662_09A0202_H2	HGKT5ADXX_PG0662_09A0202_H2	stool		control	Health	76.0		senior	male	JPN	no	IlluminaHiSeq		30936548	39794462	5853343782	75	150				Giacomo_Damato;Paolo_Manghi	22.1002895900015																																																																																																									
ThomasAM_2019_c	BHCNG3ADXX.N709-S502_GCTACGCT-CTCTCTAT	BHCNG3ADXX.N709-S502_GCTACGCT-CTCTCTAT	stool		CRC	CRC	30.0		adult	male	JPN	no	IlluminaHiSeq		30936548	74925301	10660532460	75	150				Giacomo_Damato;Paolo_Manghi	25.6895619253651																																																																																												iii/iv													
ThomasAM_2019_c	BHCNG3ADXX.N711-S502_AAGAGGCA-CTCTCTAT	BHCNG3ADXX.N711-S502_AAGAGGCA-CTCTCTAT	stool		CRC	CRC	69.0		senior	female	JPN	no	IlluminaHiSeq		30936548	57011467	7870207446	75	150				Giacomo_Damato;Paolo_Manghi	23.5555555555556																																																																																												iii/iv													
ThomasAM_2019_c	mix20-N702-S501_CGTACTAG-TAGATCGC	mix20-N702-S501_CGTACTAG-TAGATCGC	stool		control	Health	71.0		senior	female	JPN	no	IlluminaHiSeq		30936548	49830870	6545486895	75	149				Giacomo_Damato;Paolo_Manghi	18.0172064321427																																																																																																									
ThomasAM_2019_c	BHCNG3ADXX.N701-S503_TAAGGCGA-TATCCTCT	BHCNG3ADXX.N701-S503_TAAGGCGA-TATCCTCT	stool		CRC	CRC	59.0		adult	male	JPN	no	IlluminaHiSeq		30936548	43689354	6203986425	75	150				Giacomo_Damato;Paolo_Manghi	25.4580659041199																																																																																												iii/iv													
ThomasAM_2019_c	BHCNJJADXX.N703-S503_AGGCAGAA-TATCCTCT	BHCNJJADXX.N703-S503_AGGCAGAA-TATCCTCT	stool		CRC	CRC	57.0		adult	female	JPN	no	IlluminaHiSeq		30936548	58779552	8380917595	75	150				Giacomo_Damato;Paolo_Manghi	18.3690033747704																																																																																												iii/iv													
ThomasAM_2019_c	BHCNJJADXX.N705-S503_GGACTCCT-TATCCTCT	BHCNJJADXX.N705-S503_GGACTCCT-TATCCTCT	stool		CRC	CRC	38.0		adult	male	JPN	no	IlluminaHiSeq		30936548	51410939	7472384887	75	150				Giacomo_Damato;Paolo_Manghi	24.3910588392529																																																																																												iii/iv													
ThomasAM_2019_c	BHCNJJADXX.N708-S503_CAGAGAGG-TATCCTCT	BHCNJJADXX.N708-S503_CAGAGAGG-TATCCTCT	stool		control	Health	73.0		senior	male	JPN	no	IlluminaHiSeq		30936548	76551905	10944706076	75	150				Giacomo_Damato;Paolo_Manghi	25.8166302126286																																																																																																									
ThomasAM_2019_c	mix21_mix22-N705-S502_GGACTCCT-CTCTCTAT	mix21_mix22-N705-S502_GGACTCCT-CTCTCTAT	stool		control	Health	66.0		senior	male	JPN	no	IlluminaHiSeq		30936548	64394050	9052793608	75	150				Giacomo_Damato;Paolo_Manghi	23.6652443615762																																																																																																									
ThomasAM_2019_c	AHCNC2ADXX.N708_CAGAGAGG	AHCNC2ADXX.N708_CAGAGAGG	stool		CRC	CRC	64.0		adult	male	JPN	no	IlluminaHiSeq		30936548	59197060	8566556223	75	150				Giacomo_Damato;Paolo_Manghi	22.4600343506408																																																																																												iii/iv													
ThomasAM_2019_c	AHCNC2ADXX.N710_CGAGGCTG	AHCNC2ADXX.N710_CGAGGCTG	stool		CRC	CRC	66.0		senior	female	JPN	no	IlluminaHiSeq		30936548	45265026	6457902329	75	150				Giacomo_Damato;Paolo_Manghi	22.6002629848784																																																																																												iii/iv													
ThomasAM_2019_c	mix23_mix24-N703-S503_AGGCAGAA-TATCCTCT	mix23_mix24-N703-S503_AGGCAGAA-TATCCTCT	stool		control	Health	64.0		adult	female	JPN	no	IlluminaHiSeq		30936548	41531664	5927646089	75	150				Giacomo_Damato;Paolo_Manghi	23.191094619666																																																																																																									
ThomasAM_2019_c	BHCTGKADXX.N707-S505_CTCTCTAC-GTAAGGAG	BHCTGKADXX.N707-S505_CTCTCTAC-GTAAGGAG	stool		control	Health	45.0		adult	male	JPN	no	IlluminaHiSeq		30936548	27836202	4008571862	75	150				Giacomo_Damato;Paolo_Manghi	22.2222222222222																																																																																																									
ThomasAM_2019_c	BHCNFHADXX.N710-S505_CGAGGCTG-GTAAGGAG	BHCNFHADXX.N710-S505_CGAGGCTG-GTAAGGAG	stool		CRC	CRC	65.0		adult	male	JPN	no	IlluminaHiSeq		30936548	34545896	4987063225	75	150				Giacomo_Damato;Paolo_Manghi	21.3039485766758																																																																																												iii/iv													
ThomasAM_2019_c	BHCNK3ADXX.N711-S506_AAGAGGCA-ACTGCATA	BHCNK3ADXX.N711-S506_AAGAGGCA-ACTGCATA	stool		control	Health	64.0		adult	male	JPN	no	IlluminaHiSeq		30936548	27181152	3784860572	75	150				Giacomo_Damato;Paolo_Manghi	20.5191340925413																																																																																																									
ThomasAM_2019_c	BHCNK3ADXX.N712-S506_GTAGAGGA-ACTGCATA	BHCNK3ADXX.N712-S506_GTAGAGGA-ACTGCATA	stool		CRC	CRC	44.0		adult	female	JPN	no	IlluminaHiSeq		30936548	47580560	6605607645	75	150				Giacomo_Damato;Paolo_Manghi	26.6727632982777																																																																																												iii/iv													
ThomasAM_2019_c	mix29_mix30-N710_CGAGGCTG	mix29_mix30-N710_CGAGGCTG	stool		control	Health	44.0		adult	male	JPN	no	IlluminaHiSeq		30936548	36266354	5254404985	75	150				Giacomo_Damato;Paolo_Manghi	22.0521901834341																																																																																												0													
ThomasAM_2019_c	BHCNK3ADXX.N706-S507_TAGGCATG-AAGGAGTA	BHCNK3ADXX.N706-S507_TAGGCATG-AAGGAGTA	stool		control	Health	59.0		adult	female	JPN	no	IlluminaHiSeq		30936548	35607131	5261328729	75	150				Giacomo_Damato;Paolo_Manghi	20.0288415318058																																																																																																									
ThomasAM_2019_c	mix31_mix32-N702-S506_CGTACTAG-ACTGCATA	mix31_mix32-N702-S506_CGTACTAG-ACTGCATA	stool		control	Health	70.0		senior	male	JPN	no	IlluminaHiSeq		30936548	43863913	6244662788	75	150				Giacomo_Damato;Paolo_Manghi	25.7116620752984																																																																																																									
ThomasAM_2019_c	AHCNMFADXX.N709-S507_GCTACGCT-AAGGAGTA	AHCNMFADXX.N709-S507_GCTACGCT-AAGGAGTA	stool		CRC	CRC	70.0		senior	female	JPN	no	IlluminaHiSeq		30936548	63143577	8820156538	75	150				Giacomo_Damato;Paolo_Manghi	21.9075824577062																																																																																												iii/iv													
ThomasAM_2019_c	AHCNMFADXX.N712-S507_GTAGAGGA-AAGGAGTA	AHCNMFADXX.N712-S507_GTAGAGGA-AAGGAGTA	stool		control	Health	72.0		senior	male	JPN	no	IlluminaHiSeq		30936548	79164015	10912549716	75	150				Giacomo_Damato;Paolo_Manghi	22.1367397300044																																																																																																									
ThomasAM_2019_c	AHCNMFADXX.N703-S508_AGGCAGAA-CTAAGCCT	AHCNMFADXX.N703-S508_AGGCAGAA-CTAAGCCT	stool		CRC	CRC	61.0		adult	male	JPN	no	IlluminaHiSeq		30936548	61050723	8509340579	75	150				Giacomo_Damato;Paolo_Manghi	28.2933454051607																																																																																												iii/iv													
ThomasAM_2019_c	mix31_mix32-N705-S506_GGACTCCT-ACTGCATA	mix31_mix32-N705-S506_GGACTCCT-ACTGCATA	stool		control	Health	75.0		senior	male	JPN	no	IlluminaHiSeq		30936548	50912373	7188879827	75	150				Giacomo_Damato;Paolo_Manghi	22.3081499107674																																																																																																									
ThomasAM_2019_c	BHCNM7ADXX.N712-S508_GTAGAGGA-CTAAGCCT	BHCNM7ADXX.N712-S508_GTAGAGGA-CTAAGCCT	stool		control	Health	67.0		senior	female	JPN	no	IlluminaHiSeq		30936548	98446369	13885882588	75	150				Giacomo_Damato;Paolo_Manghi	26.0416666666667																																																																																																									
ThomasAM_2019_c	BHCNM7ADXX.N701-S511_TAAGGCGA-TCTCTCCG	BHCNM7ADXX.N701-S511_TAAGGCGA-TCTCTCCG	stool		control	Health	50.0		adult	female	JPN	no	IlluminaHiSeq		30936548	41154961	5902309698	75	150				Giacomo_Damato;Paolo_Manghi	20.3427977839335																																																																																																									
ThomasAM_2019_c	mix33_mix34-N711-S506_AAGAGGCA-ACTGCATA	mix33_mix34-N711-S506_AAGAGGCA-ACTGCATA	stool		control	Health	76.0		senior	male	JPN	no	IlluminaHiSeq		30936548	51991567	7361812201	75	150				Giacomo_Damato;Paolo_Manghi	23.7953599048186																																																																																																									
ThomasAM_2019_c	mix33_mix34-N712-S506_GTAGAGGA-ACTGCATA	mix33_mix34-N712-S506_GTAGAGGA-ACTGCATA	stool		control	Health	76.0		senior	male	JPN	no	IlluminaHiSeq		30936548	47914270	6786515087	75	150				Giacomo_Damato;Paolo_Manghi	25.8805706350208																																																																																																									
ThomasAM_2019_c	mix35_mix36-N712-S507_GTAGAGGA-AAGGAGTA	mix35_mix36-N712-S507_GTAGAGGA-AAGGAGTA	stool		CRC	CRC	28.0		adult	male	JPN	no	IlluminaHiSeq		30936548	47285169	6814535752	75	150				Giacomo_Damato;Paolo_Manghi	26.2975778546713																																																																																												iii/iv													
ThomasAM_2019_c	HGK7MADXX_PG0662_19A0305_H3_L001	HGK7MADXX_PG0662_19A0305_H3_L001	stool		CRC	CRC	46.0		adult	male	JPN	no	IlluminaHiSeq		30936548	44798316	6581904182	75	150				Giacomo_Damato;Paolo_Manghi	19.1511918197052																																																																																												iii/iv													
ThomasAM_2019_c	HGK7MADXX_PG0662_87A0503_H3_L002	HGK7MADXX_PG0662_87A0503_H3_L002	stool		CRC	CRC	70.0		senior	female	JPN	no	IlluminaHiSeq		30936548	39006953	5700128483	75	150				Giacomo_Damato;Paolo_Manghi	17.3484295105917																																																																																												iii/iv													
ThomasAM_2019_c	HGKMWADXX_PG0662_92A0617_H3_L001	HGKMWADXX_PG0662_92A0617_H3_L001	stool		CRC	CRC	63.0		adult	female	JPN	no	IlluminaHiSeq		30936548	43972509	6441364925	75	150				Giacomo_Damato;Paolo_Manghi	17.4817898022893																																																																																												iii/iv													
ThomasAM_2019_c	HGKMWADXX_PG0662_95A0604_H3_L002	HGKMWADXX_PG0662_95A0604_H3_L002	stool		control	Health	65.0		adult	female	JPN	no	IlluminaHiSeq		30936548	49002817	7155344076	75	150				Giacomo_Damato;Paolo_Manghi	19.818927075357																																																																																																									
ThomasAM_2019_c	HGKYVADXX_PG0662_98A0607_H3_L001	HGKYVADXX_PG0662_98A0607_H3_L001	stool		control	Health	78.0		senior	male	JPN	no	IlluminaHiSeq		30936548	45015592	6622800236	75	150				Giacomo_Damato;Paolo_Manghi	22.8623685413809																																																																																																									
ThomasAM_2019_c	HGKYVADXX_PG0662_104A0704_H3_L001	HGKYVADXX_PG0662_104A0704_H3_L001	stool		control	Health	65.0		adult	male	JPN	no	IlluminaHiSeq		30936548	40762782	5937308639	75	150				Giacomo_Damato;Paolo_Manghi	21.5645449137418																																																																																																									
ThomasAM_2019_c	HGKMWADXX_PG0662_166A0807_H3_L002	HGKMWADXX_PG0662_166A0807_H3_L002	stool		CRC	CRC	70.0		senior	male	JPN	no	IlluminaHiSeq		30936548	42472731	6223238339	75	150				Giacomo_Damato;Paolo_Manghi	20.5761316872428																																																																																												iii/iv													
ThomasAM_2019_c	HGKFCADXX_PG0662_168A0902_H3_L001	HGKFCADXX_PG0662_168A0902_H3_L001	stool		control	Health	66.0		senior	female	JPN	no	IlluminaHiSeq		30936548	31795549	4701764620	75	150				Giacomo_Damato;Paolo_Manghi	22.3477820880418																																																																																																									
ThomasAM_2019_c	HGK52ADXX_PG0662_172A0906_H3_L001	HGK52ADXX_PG0662_172A0906_H3_L001	stool		CRC	CRC	62.0		adult	male	JPN	no	IlluminaHiSeq		30936548	32410737	4762929673	75	150				Giacomo_Damato;Paolo_Manghi	24.6181037747759																																																																																												iii/iv													
ThomasAM_2019_c	HGKY7ADXX_PG0662_178A0104_H1_L002	HGKY7ADXX_PG0662_178A0104_H1_L002	stool		control	Health	76.0		senior	female	JPN	no	IlluminaHiSeq		30936548	37365403	5488973250	75	150				Giacomo_Damato;Paolo_Manghi	23.422090729783																																																																																																									
ThomasAM_2019_c	HGKY7ADXX_PG0662_179A0105_H1_L002	HGKY7ADXX_PG0662_179A0105_H1_L002	stool		control	Health	53.0		adult	female	JPN	no	IlluminaHiSeq		30936548	33940061	4999293110	75	150				Giacomo_Damato;Paolo_Manghi	18.6620146861942																																																																																																									
ThomasAM_2019_c	HGKY7ADXX_PG0662_182A0217_H1_L002	HGKY7ADXX_PG0662_182A0217_H1_L002	stool		CRC	CRC	48.0		adult	male	JPN	no	IlluminaHiSeq		30936548	33848668	4978457429	75	150				Giacomo_Damato;Paolo_Manghi	23.0300453514739																																																																																												iii/iv													
ThomasAM_2019_c	HGKY7ADXX_PG0662_239A0206_H1_L001	HGKY7ADXX_PG0662_239A0206_H1_L001	stool		CRC	CRC	45.0		adult	female	JPN	no	IlluminaHiSeq		30936548	30527703	4501055927	75	150				Giacomo_Damato;Paolo_Manghi	23.4223683617855																																																																																												iii/iv													
ThomasAM_2019_c	HGKYWADXX_PG0662_245A0305_H1_L002	HGKYWADXX_PG0662_245A0305_H1_L002	stool		CRC	CRC	59.0		adult	female	JPN	no	IlluminaHiSeq		30936548	32980110	4864004299	75	150				Giacomo_Damato;Paolo_Manghi	22.65625																																																																																												iii/iv													
ThomasAM_2019_c	HGKYWADXX_PG0662_249A0402_H1_L002	HGKYWADXX_PG0662_249A0402_H1_L002	stool		control	Health	45.0		adult	male	JPN	no	IlluminaHiSeq		30936548	34579923	5107707126	75	150				Giacomo_Damato;Paolo_Manghi	23.9512265931195																																																																																																									
ThomasAM_2019_c	HGKYWADXX_PG0662_255A0407_H1_L001	HGKYWADXX_PG0662_255A0407_H1_L001	stool		CRC	CRC	65.0		adult	male	JPN	no	IlluminaHiSeq		30936548	57290521	8421969551	75	150				Giacomo_Damato;Paolo_Manghi	21.3839419960573																																																																																												iii/iv													
ThomasAM_2019_c	HGKYWADXX_PG0662_259A0504_H1_L001	HGKYWADXX_PG0662_259A0504_H1_L001	stool		CRC	CRC	70.0		senior	male	JPN	no	IlluminaHiSeq		30936548	24661086	3625058781	75	150				Giacomo_Damato;Paolo_Manghi	18.9619274241523																																																																																												iii/iv													
ThomasAM_2019_c	HGKYVADXX_PG0662_320A0604_H1_L002	HGKYVADXX_PG0662_320A0604_H1_L002	stool		control	Health	75.0		senior	female	JPN	no	IlluminaHiSeq		30936548	40163977	5889437146	75	150				Giacomo_Damato;Paolo_Manghi	22.6666666666667																																																																																																									
ThomasAM_2019_c	HGKY5ADXX_PG0662_332A0817_H1_L001	HGKY5ADXX_PG0662_332A0817_H1_L001	stool		CRC	CRC	69.0		senior	male	JPN	no	IlluminaHiSeq		30936548	36273794	5323906020	75	150				Giacomo_Damato;Paolo_Manghi	21.5138585105239																																																																																												iii/iv													
ThomasAM_2019_c	HJK7MADXX_PG0783_04A0104_H1_L002	HJK7MADXX_PG0783_04A0104_H1_L002	stool		CRC	CRC	64.0		adult	male	JPN	no	IlluminaHiSeq		30936548	42299642	6233187350	75	150				Giacomo_Damato;Paolo_Manghi	23.1084345786212																																																																																												iii/iv													
ThomasAM_2019_c	HJKJJADXX_PG0783_14A0207_H1_L001	HJKJJADXX_PG0783_14A0207_H1_L001	stool		control	Health	76.0		senior	male	JPN	no	IlluminaHiSeq		30936548	36568983	5396372862	75	150				Giacomo_Damato;Paolo_Manghi	25.9695290858726																																																																																																									
ThomasAM_2019_c	HJKJ2ADXX_PG0783_19A0305_H1_L001	HJKJ2ADXX_PG0783_19A0305_H1_L001	stool		control	Health	40.0		adult	male	JPN	no	IlluminaHiSeq		30936548	42545246	6269767517	75	150				Giacomo_Damato;Paolo_Manghi	22.98190175237																																																																																																									
ThomasAM_2019_c	HJK7VADXX_PG0783_22A0417_H1_L001	HJK7VADXX_PG0783_22A0417_H1_L001	stool		CRC	CRC	49.0		adult	female	JPN	no	IlluminaHiSeq		30936548	40678877	5959735682	75	150				Giacomo_Damato;Paolo_Manghi	19.3821446936434																																																																																												iii/iv													
ThomasAM_2019_c	HJK7VADXX_PG0783_23A0402_H1_L002	HJK7VADXX_PG0783_23A0402_H1_L002	stool		CRC	CRC	67.0		senior	female	JPN	no	IlluminaHiSeq		30936548	36611284	5355918440	75	150				Giacomo_Damato;Paolo_Manghi	20.1745537476426																																																																																												iii/iv													
ThomasAM_2019_c	HJK7MADXX_PG0783_24A0403_H1_L001	HJK7MADXX_PG0783_24A0403_H1_L001	stool		control	Health	76.0		senior	male	JPN	no	IlluminaHiSeq		30936548	41722902	6154652868	75	150				Giacomo_Damato;Paolo_Manghi	21.7993079584775																																																																																																									
ThomasAM_2019_c	HJKJ2ADXX_PG0783_27A0405_H1_L001	HJKJ2ADXX_PG0783_27A0405_H1_L001	stool		CRC	CRC	70.0		senior	male	JPN	no	IlluminaHiSeq		30936548	42197959	6214343372	75	150				Giacomo_Damato;Paolo_Manghi	24.2424242424242																																																																																												iii/iv													
ThomasAM_2019_c	HJK7VADXX_PG0783_31A0502_H1_L002	HJK7VADXX_PG0783_31A0502_H1_L002	stool		control	Health	49.0		adult	female	JPN	no	IlluminaHiSeq		30936548	40211990	5915999540	75	150				Giacomo_Damato;Paolo_Manghi	22.3081499107674																																																																																																									
ThomasAM_2019_c	HJKHTADXX_PG0783_55A0104_H1_L001	HJKHTADXX_PG0783_55A0104_H1_L001	stool		control	Health	42.0		adult	male	JPN	no	IlluminaHiSeq		30936548	42003632	6174598304	75	150				Giacomo_Damato;Paolo_Manghi	26.1738325513103																																																																																																									
ThomasAM_2019_c	HJKHTADXX_PG0783_65A0205_H1_L002	HJKHTADXX_PG0783_65A0205_H1_L002	stool		CRC	CRC	59.0		adult	female	JPN	no	IlluminaHiSeq		30936548	46652800	6844815395	75	150				Giacomo_Damato;Paolo_Manghi	20.956607495069																																																																																												iii/iv													
ThomasAM_2019_c	HJKNLADXX_PG0783_67A0207_H1_L002	HJKNLADXX_PG0783_67A0207_H1_L002	stool		control	Health	49.0		adult	female	JPN	no	IlluminaHiSeq		30936548	41478685	6111554309	75	150				Giacomo_Damato;Paolo_Manghi	21.2305720237141																																																																																																									
ThomasAM_2019_c	HJKHJADXX_PG0783_75A0417_H1_L001	HJKHJADXX_PG0783_75A0417_H1_L001	stool		CRC	CRC	78.0		senior	male	JPN	no	IlluminaHiSeq		30936548	40492180	5973699847	75	150				Giacomo_Damato;Paolo_Manghi	25.9094569517874																																																																																												iii/iv													
ThomasAM_2019_c	HJKNLADXX_PG0783_82A0407_H1_L002	HJKNLADXX_PG0783_82A0407_H1_L002	stool		control	Health	63.0		adult	male	JPN	no	IlluminaHiSeq		30936548	60127551	8849707571	75	150				Giacomo_Damato;Paolo_Manghi	22.0580511886839																																																																																																									
ThomasAM_2019_c	HJKNLADXX_PG0783_89A0507_H1_L002	HJKNLADXX_PG0783_89A0507_H1_L002	stool		CRC	CRC	62.0		adult	male	JPN	no	IlluminaHiSeq		30936548	28065001	4132358579	75	150				Giacomo_Damato;Paolo_Manghi	25.5937370619895																																																																																												iii/iv													
ThomasAM_2019_c	HJKJJADXX_PG0783_92A0603_H1_L002	HJKJJADXX_PG0783_92A0603_H1_L002	stool		CRC	CRC	46.0		adult	female	JPN	no	IlluminaHiSeq		30936548	31822724	4688947953	75	150				Giacomo_Damato;Paolo_Manghi	17.4449267718772																																																																																												iii/iv													
ThomasAM_2019_c	HJKHJADXX_PG0783_98A0717_H1_L001	HJKHJADXX_PG0783_98A0717_H1_L001	stool		CRC	CRC	54.0		adult	female	JPN	no	IlluminaHiSeq		30936548	24779700	3652188908	75	150				Giacomo_Damato;Paolo_Manghi	20.5688066136624																																																																																												iii/iv													
ThomasAM_2019_c	HJK7NADXX_PG0783_110A0106_H1_L002	HJK7NADXX_PG0783_110A0106_H1_L002	stool		control	Health	42.0		adult	female	JPN	no	IlluminaHiSeq		30936548	70495315	10370504159	75	150				Giacomo_Damato;Paolo_Manghi	25.5937370619895																																																																																																									
ThomasAM_2019_c	HJKTNADXX_PG0783_113A0203_H1_L001	HJKTNADXX_PG0783_113A0203_H1_L001	stool		control	Health	49.0		adult	male	JPN	no	IlluminaHiSeq		30936548	48649739	7159844852	75	150				Giacomo_Damato;Paolo_Manghi	27.3981756824485																																																																																																									
ThomasAM_2019_c	HJK7NADXX_PG0783_128A0406_H1_L002	HJK7NADXX_PG0783_128A0406_H1_L002	stool		CRC	CRC	32.0		adult	female	JPN	no	IlluminaHiSeq		30936548	31362488	4610617009	75	150				Giacomo_Damato;Paolo_Manghi	22.3477820880418																																																																																												iii/iv													
ThomasAM_2019_c	HJKTNADXX_PG0783_132A0504_H1_L002	HJKTNADXX_PG0783_132A0504_H1_L002	stool		CRC	CRC	75.0		senior	female	JPN	no	IlluminaHiSeq		30936548	36890567	5403179147	75	150				Giacomo_Damato;Paolo_Manghi	22.2222222222222																																																																																												iii/iv													
ThomasAM_2019_c	HJKTNADXX_PG0783_145A0703_H1_L001	HJKTNADXX_PG0783_145A0703_H1_L001	stool		CRC	CRC	73.0		senior	female	JPN	no	IlluminaHiSeq		30936548	49742378	7264233751	75	150				Giacomo_Damato;Paolo_Manghi	20.5456936226167																																																																																												iii/iv													
ThomasAM_2019_c	HJKTNADXX_PG0783_147A0704_H1_L002	HJKTNADXX_PG0783_147A0704_H1_L002	stool		control	Health	51.0		adult	male	JPN	no	IlluminaHiSeq		30936548	43456246	6376081747	75	150				Giacomo_Damato;Paolo_Manghi	28.3848021613488																																																																																																									
