study_name	sample_id	subject_id	body_site	antibiotics_current_use	study_condition	disease	age	infant_age	age_category	gender	country	non_westernized	sequencing_platform	DNA_extraction_kit	PMID	number_reads	number_bases	minimum_read_length	median_read_length	NCBI_accession	pregnant	lactating	curator	BMI	family	treatment	days_from_first_collection	family_role	born_method	feeding_practice	location	diet	travel_destination	visit_number	premature	birth_weight	body_subsite	uncurated_metadata
LiSS_2016	FAT_020-22-0-0	FAT_020	stool	no	metabolic_syndrome	metabolic_syndrome			adult	male	NLD	no	IlluminaHiSeq		27126044	61874666.0	5055917030	2.0	88.0	ERR1297832;ERR1297737;ERR1297694;ERR1297693;ERR1297636;ERR1297585;ERR1297515;ERR1297437			Paolo_Manghi,Marisa_Metzger				0.0											
LiSS_2016	FAT_020-22-14-0	FAT_020	stool	no	FMT	metabolic_syndrome			adult	male	NLD	no	IlluminaHiSeq		27126044	85873397.0	6951548393	2.0	88.0	ERR1297798;ERR1297699;ERR1297671;ERR1297661;ERR1297569;ERR1297513;ERR1297510;ERR1297425			Paolo_Manghi,Marisa_Metzger				14.0											
LiSS_2016	FAT_020-22-2-0	FAT_020	stool	no	FMT	metabolic_syndrome			adult	male	NLD	no	IlluminaHiSeq		27126044	47553566.0	3555723225	45.0	77.0	ERR1297746;ERR1297728;ERR1297721;ERR1297655;ERR1297584;ERR1297572;ERR1297551;ERR1297463			Paolo_Manghi,Marisa_Metzger				2.0											
LiSS_2016	FAT_020-22-42-0	FAT_020	stool	no	FMT	metabolic_syndrome			adult	male	NLD	no	IlluminaHiSeq		27126044	24840820.0	1810214592	45.0	74.0	ERR1297762;ERR1297712;ERR1297706;ERR1297692;ERR1297578;ERR1297512;ERR1297485;ERR1297473			Paolo_Manghi,Marisa_Metzger				42.0											
LiSS_2016	FAT_020-22-84-0	FAT_020	stool	no	FMT	metabolic_syndrome			adult	male	NLD	no	IlluminaHiSeq		27126044	102118057.0	8698121859	45.0	93.0	ERR1297845;ERR1297770;ERR1297726;ERR1297657;ERR1297604;ERR1297590;ERR1297462;ERR1297453			Paolo_Manghi,Marisa_Metzger				84.0											
LiSS_2016	FAT_008-22-0-0	FAT_008	stool	no	metabolic_syndrome	metabolic_syndrome			adult	male	NLD	no	IlluminaHiSeq		27126044	51095058.0	3853521715	45.0	78.0	ERR1297682;ERR1297681;ERR1297662;ERR1297645;ERR1297612;ERR1297570;ERR1297517;ERR1297446			Paolo_Manghi,Marisa_Metzger				0.0											
LiSS_2016	FAT_008-22-14-0	FAT_008	stool	no	FMT	metabolic_syndrome			adult	male	NLD	no	IlluminaHiSeq		27126044	75702660.0	5781590034	45.0	79.0	ERR1297818;ERR1297789;ERR1297768;ERR1297705;ERR1297602;ERR1297562;ERR1297436;ERR1297429			Paolo_Manghi,Marisa_Metzger				14.0											
LiSS_2016	FAT_008-22-2-0	FAT_008	stool	no	FMT	metabolic_syndrome			adult	male	NLD	no	IlluminaHiSeq		27126044	66845795.0	5523398846	2.0	88.0	ERR1297769;ERR1297724;ERR1297718;ERR1297690;ERR1297631;ERR1297607;ERR1297458;ERR1297434			Paolo_Manghi,Marisa_Metzger				2.0											
LiSS_2016	FAT_008-22-42-0	FAT_008	stool	no	FMT	metabolic_syndrome			adult	male	NLD	no	IlluminaHiSeq		27126044	55459352.0	4534730152	1.0	89.0	ERR1297831;ERR1297827;ERR1297802;ERR1297669;ERR1297624;ERR1297516;ERR1297503;ERR1297435			Paolo_Manghi,Marisa_Metzger				42.0											
LiSS_2016	FAT_008-22-84-0	FAT_008	stool	no	FMT	metabolic_syndrome			adult	male	NLD	no	IlluminaHiSeq		27126044	45005222.0	3330487652	45.0	76.0	ERR1297814;ERR1297731;ERR1297673;ERR1297653;ERR1297626;ERR1297546;ERR1297483;ERR1297449			Paolo_Manghi,Marisa_Metzger				84.0											
LiSS_2016	FAT_015-22-0-0	FAT_015	stool	no	metabolic_syndrome	metabolic_syndrome			adult	male	NLD	no	IlluminaHiSeq		27126044	69224674.0	5749076986	1.0	89.0	ERR1297809;ERR1297756;ERR1297725;ERR1297691;ERR1297613;ERR1297574;ERR1297493;ERR1297470			Paolo_Manghi,Marisa_Metzger				0.0											
LiSS_2016	FAT_015-22-14-0	FAT_015	stool	no	FMT	metabolic_syndrome			adult	male	NLD	no	IlluminaHiSeq		27126044	57354219.0	4374907621	45.0	80.0	ERR1297828;ERR1297782;ERR1297714;ERR1297683;ERR1297605;ERR1297600;ERR1297553;ERR1297482			Paolo_Manghi,Marisa_Metzger				14.0											
LiSS_2016	FAT_015-22-2-0	FAT_015	stool	no	FMT	metabolic_syndrome			adult	male	NLD	no	IlluminaHiSeq		27126044	78627869.0	6497075914	1.0	89.0	ERR1297765;ERR1297709;ERR1297707;ERR1297658;ERR1297609;ERR1297537;ERR1297505;ERR1297431			Paolo_Manghi,Marisa_Metzger				2.0											
LiSS_2016	FAT_015-22-42-0	FAT_015	stool	no	FMT	metabolic_syndrome			adult	male	NLD	no	IlluminaHiSeq		27126044	87414860.0	7055025112	1.0	89.0	ERR1297771;ERR1297754;ERR1297729;ERR1297667;ERR1297567;ERR1297471;ERR1297464;ERR1297445			Paolo_Manghi,Marisa_Metzger				42.0											
LiSS_2016	FAT_015-22-84-0	FAT_015	stool	no	FMT	metabolic_syndrome			adult	male	NLD	no	IlluminaHiSeq		27126044	50802631.0	4063153646	2.0	88.0	ERR1297834;ERR1297708;ERR1297677;ERR1297577;ERR1297530;ERR1297514			Paolo_Manghi,Marisa_Metzger				84.0											
LiSS_2016	FAT_006-22-0-0	FAT_006	stool	no	metabolic_syndrome	metabolic_syndrome			adult	male	NLD	no	IlluminaHiSeq		27126044	81764786.0	6024279220	45.0	74.0	ERR1297836;ERR1297797;ERR1297781;ERR1297773;ERR1297542;ERR1297502;ERR1297480;ERR1297459			Paolo_Manghi,Marisa_Metzger				0.0											
LiSS_2016	FAT_006-22-14-0	FAT_006	stool	no	FMT	metabolic_syndrome			adult	male	NLD	no	IlluminaHiSeq		27126044	41981251.0	3086519983	45.0	76.0	ERR1297791;ERR1297750;ERR1297739;ERR1297644;ERR1297568;ERR1297535;ERR1297524;ERR1297466			Paolo_Manghi,Marisa_Metzger				14.0											
LiSS_2016	FAT_006-22-2-0	FAT_006	stool	no	FMT	metabolic_syndrome			adult	male	NLD	no	IlluminaHiSeq		27126044	40591864.0	3049237258	45.0	77.0	ERR1297830;ERR1297780;ERR1297760;ERR1297757;ERR1297599;ERR1297550;ERR1297489;ERR1297477			Paolo_Manghi,Marisa_Metzger				2.0											
LiSS_2016	FAT_006-22-42-0	FAT_006	stool	no	FMT	metabolic_syndrome			adult	male	NLD	no	IlluminaHiSeq		27126044	64432409.0	5536211619	45.0	93.0	ERR1297796;ERR1297786;ERR1297710;ERR1297680;ERR1297575;ERR1297544;ERR1297521;ERR1297476			Paolo_Manghi,Marisa_Metzger				42.0											
LiSS_2016	FAT_006-22-84-0	FAT_006	stool	no	FMT	metabolic_syndrome			adult	male	NLD	no	IlluminaHiSeq		27126044	24379482.0	2006019761	45.0	91.0	ERR1297779;ERR1297775;ERR1297764;ERR1297761;ERR1297633;ERR1297603;ERR1297595;ERR1297519			Paolo_Manghi,Marisa_Metzger				84.0											
LiSS_2016	FAT_012-22-0-0	FAT_012	stool	no	metabolic_syndrome	metabolic_syndrome			adult	male	NLD	no	IlluminaHiSeq		27126044	88257175.0	7262837240	2.0	88.0	ERR1297787;ERR1297772;ERR1297734;ERR1297672;ERR1297591;ERR1297523;ERR1297501;ERR1297497			Paolo_Manghi,Marisa_Metzger				0.0											
LiSS_2016	FAT_012-22-14-0	FAT_012	stool	no	FMT	metabolic_syndrome			adult	male	NLD	no	IlluminaHiSeq		27126044	92244420.0	7825382527	45.0	92.0	ERR1297806;ERR1297805;ERR1297744;ERR1297670;ERR1297606;ERR1297579;ERR1297561;ERR1297481			Paolo_Manghi,Marisa_Metzger				14.0											
LiSS_2016	FAT_012-22-2-0	FAT_012	stool	no	FMT	metabolic_syndrome			adult	male	NLD	no	IlluminaHiSeq		27126044	71918091.0	5349961941	1.0	87.0	ERR1297826;ERR1297821;ERR1297804;ERR1297650;ERR1297558;ERR1297541;ERR1297484;ERR1297465			Paolo_Manghi,Marisa_Metzger				2.0											
LiSS_2016	FAT_012-22-42-0	FAT_012	stool	no	FMT	metabolic_syndrome			adult	male	NLD	no	IlluminaHiSeq		27126044	56976050.0	4804309432	45.0	93.0	ERR1297743;ERR1297742;ERR1297689;ERR1297621;ERR1297491;ERR1297457			Paolo_Manghi,Marisa_Metzger				42.0											
LiSS_2016	FAT_012-22-84-0	FAT_012	stool	no	FMT	metabolic_syndrome			adult	male	NLD	no	IlluminaHiSeq		27126044	59885075.0	4629967884	45.0	82.0	ERR1297799;ERR1297722;ERR1297688;ERR1297666;ERR1297608;ERR1297566;ERR1297486;ERR1297469			Paolo_Manghi,Marisa_Metzger				84.0											
