study_name	sample_id	subject_id	body_site	antibiotics_current_use	study_condition	disease	age	infant_age	age_category	gender	country	non_westernized	sequencing_platform	DNA_extraction_kit	PMID	number_reads	number_bases	minimum_read_length	median_read_length	NCBI_accession	pregnant	lactating	curator	BMI	family	days_from_first_collection	family_role	born_method	feeding_practice	travel_destination	location	visit_number	premature	birth_weight	gestational_age	antibiotics_family	disease_subtype	days_after_onset	creatine	albumine	hscrp	ESR	treatment	ast	alt	globulin	urea_nitrogen	BASDAI	BASFI	alcohol	flg_genotype	population	menopausal_status	lifestyle	body_subsite	diet	tnm	triglycerides	hdl	ldl	hba1c	smoker	ever_smoker	dental_sample_type	history_of_periodontitis	PPD_M	PPD_B	PPD_D	PPD_L	fobt	disease_stage	disease_location	calprotectin	HBI	SCCAI	uncurated_metadata	mumps	cholesterol	c_peptide	glucose	creatinine	bilubirin	prothrombin_time	wbc	rbc	hemoglobinometry	remission	dyastolic_p	systolic_p	insulin_cat	adiponectin	glp_1	cd163	il_1	leptin	fgf_19	glutamate_decarboxylase_2_antibody	HLA	autoantibody_positive	age_seroconversion	age_T1D_diagnosis	hitchip_probe_class	fasting_insulin	fasting_glucose	protein_intake	stec_count	shigatoxin_2_elisa	stool_texture	anti_PD_1	mgs_richness	ferm_milk_prod_consumer	inr	ctp	birth_control_pil	c_section_type	ajcc	hla_drb12	hla_dqa12	hla_dqa11	hla_drb11	birth_order	age_twins_started_to_live_apart	zigosity	brinkman_index	alcohol_numeric	breastfeeding_duration	formula_first_day	ALT	eGFR
ZellerG_2014	CCIS00146684ST-4-0	FR-726	stool		control	Health	72.0		senior	female	FRA	no	IlluminaHiSeq	Gnome	25432777	76003628	6512170482	45	91	ERR480457;ERR480456;ERR480455;ERR480454;ERR478959;ERR478958;ERR478960;ERR478961			Paolo_Manghi	25.0																																														no																																																											
ZellerG_2014	CCIS00281083ST-3-0	FR-060	stool		control	Health	53.0		adult	male	FRA	no	IlluminaHiSeq	Gnome	25432777	47190574	3298640533	45	69	ERR480459;ERR480458;ERR478962;ERR478963			Paolo_Manghi	32.0																																														no																																																											
ZellerG_2014	CCIS02124300ST-4-0	FR-568	stool		control	Health	35.0		adult	male	FRA	no	IlluminaHiSeq	Gnome	25432777	87631061	7846466205	45	94	ERR480463;ERR480462;ERR480461;ERR480460;ERR478967;ERR478966;ERR478965;ERR478964			Paolo_Manghi	23.0																																														no																																																											
ZellerG_2014	CCIS02856720ST-4-0	FR-027	stool		control	Health	74.0		senior	male	FRA	no	IlluminaHiSeq	Gnome	25432777	73567419	6190369807	1	89	ERR480469;ERR480468;ERR480467;ERR480466;ERR478973;ERR478972;ERR478971;ERR478970			Paolo_Manghi	27.0																																														yes																																																											
ZellerG_2014	CCIS03473770ST-4-0	FR-192	stool		control	Health	29.0		adult	male	FRA	no	IlluminaHiSeq	Gnome	25432777	46217866	3733212784	45	91	ERR480471;ERR480470;ERR478975;ERR478974			Paolo_Manghi	24.0																																														no																																																											
ZellerG_2014	CCIS03857607ST-4-0	FR-349	stool		control	Health	61.0		adult	male	FRA	no	IlluminaHiSeq	Gnome	25432777	63911163	5403961311	1	89	ERR480475;ERR480473;ERR480472;ERR480474;ERR478976;ERR478979;ERR478978;ERR478977			Paolo_Manghi	23.0																																														no																																																											
ZellerG_2014	CCIS05314658ST-4-0	FR-169	stool		control	Health	65.0		adult	female	FRA	no	IlluminaHiSeq	Gnome	25432777	61688036	5175146179	1	89	ERR480479;ERR480478;ERR480477;ERR480476;ERR478980;ERR478983;ERR478982;ERR478981			Paolo_Manghi	24.0																																														no																																																											
ZellerG_2014	CCIS07277498ST-4-0	FR-276	stool		control	Health	63.0		adult	male	FRA	no	IlluminaHiSeq	Gnome	25432777	66936604	5667757614	1	89	ERR480485;ERR480484;ERR480482;ERR480483;ERR478989;ERR478988;ERR478987;ERR478986			Paolo_Manghi																																																																																																										
ZellerG_2014	CCIS07539127ST-4-0	FR-460	stool		control	Health	77.0		senior	female	FRA	no	IlluminaHiSeq	Gnome	25432777	68406226	5817465348	45	90	ERR480489;ERR480488;ERR480487;ERR480486;ERR478993;ERR478992;ERR478991;ERR478990			Paolo_Manghi	22.0																																														no																																																											
ZellerG_2014	CCIS07648107ST-4-0	FR-053	stool		control	Health	62.0		adult	female	FRA	no	IlluminaHiSeq	Gnome	25432777	66245949	5739043252	45	91	ERR480493;ERR480492;ERR480491;ERR480490;ERR478997;ERR478996;ERR478994;ERR478995			Paolo_Manghi	21.0																																														no																																																											
ZellerG_2014	CCIS08668806ST-3-0	FR-214	stool		adenoma	adenoma	63.0		adult	male	FRA	no	IlluminaHiSeq	Gnome	25432777	20580422	1560454141	1	86	ERR480495;ERR480494;ERR478999;ERR478998			Paolo_Manghi	26.0													smalladenoma																																	no																																																											
ZellerG_2014	CCIS09568613ST-4-0	FR-400	stool		control	Health	67.0		senior	male	FRA	no	IlluminaHiSeq	Gnome	25432777	75876874	6488989235	45	91	ERR480499;ERR480498;ERR480497;ERR480496;ERR479001;ERR479000;ERR479003;ERR479002			Paolo_Manghi	21.0																																														no																																																											
ZellerG_2014	CCIS10706551ST-3-0	FR-193	stool		control	Health	25.0		adult	male	FRA	no	IlluminaHiSeq	Gnome	25432777	65983849	5152050233	1	89	ERR480501;ERR480500;ERR479004;ERR479005			Paolo_Manghi	24.0																																														no																																																											
ZellerG_2014	CCIS10793554ST-4-0	FR-606	stool		adenoma	adenoma	64.0		adult	male	FRA	no	IlluminaHiSeq	Gnome	25432777	40445720	3369353210	45	92	ERR480505;ERR480504;ERR480503;ERR480502;ERR479008;ERR479007;ERR479006;ERR479009			Paolo_Manghi	26.0													smalladenoma																																	no																																																											
ZellerG_2014	CCIS11019776ST-4-0	FR-548	stool		adenoma	adenoma	58.0		adult	male	FRA	no	IlluminaHiSeq	Gnome	25432777	54114916	4310576345	45	90	ERR480509;ERR480508;ERR479013;ERR479012			Paolo_Manghi	22.0													largeadenoma																																	no																																																											
ZellerG_2014	CCIS11354283ST-4-0	FR-212	stool		control	Health	67.0		senior	male	FRA	no	IlluminaHiSeq	Gnome	25432777	62234037	5296232853	45	91	ERR480513;ERR480512;ERR480511;ERR480510;ERR479017;ERR479016;ERR479015;ERR479014			Paolo_Manghi	27.0																																														no																																																											
ZellerG_2014	CCIS11362406ST-4-0	FR-398	stool		control	Health	44.0		adult	female	FRA	no	IlluminaHiSeq	Gnome	25432777	103363989	8334068161	1	89	ERR480516;ERR480515;ERR480514;ERR480517;ERR479021;ERR479018;ERR479020;ERR479019			Paolo_Manghi	26.0																																														no																																																											
ZellerG_2014	CCIS11558985ST-4-0	FR-902	stool		control	Health	56.0		adult	female	FRA	no	IlluminaHiSeq	Gnome	25432777	37988049	3229069072	45	92	ERR480519;ERR480518;ERR479023;ERR479022			Paolo_Manghi																																															no																																																											
ZellerG_2014	CCIS13047523ST-4-0	FR-003	stool		control	Health	70.0		senior	male	FRA	no	IlluminaHiSeq	Gnome	25432777	62891719	5363998665	45	90	ERR480532;ERR480529;ERR480531;ERR480530;ERR479036;ERR479034;ERR479035;ERR479033			Paolo_Manghi	22.0																																														no																																																											
ZellerG_2014	CCIS15794887ST-4-0	FR-024	stool		control	Health	37.0		adult	female	FRA	no	IlluminaHiSeq	Gnome	25432777	45764894	3698892069	45	92	ERR480538;ERR480537;ERR479042;ERR479041			Paolo_Manghi	18.0																																														no																																																											
ZellerG_2014	CCIS16326685ST-4-0	FR-542	stool		control	Health	46.0		adult	female	FRA	no	IlluminaHiSeq	Gnome	25432777	53344597	4547422592	45	96	ERR480540;ERR480539;ERR479043;ERR479044			Paolo_Manghi	29.0																																														no																																																											
ZellerG_2014	CCIS16383318ST-4-0	FR-139	stool		control	Health	61.0		adult	female	FRA	no	IlluminaHiSeq	Gnome	25432777	78085760	6621569027	45	90	ERR480541;ERR480544;ERR480543;ERR480542;ERR479045;ERR479048;ERR479047;ERR479046			Paolo_Manghi	24.0																																														no																																																											
ZellerG_2014	CCIS16561622ST-4-0	FR-030	stool		control	Health	54.0		adult	male	FRA	no	IlluminaHiSeq	Gnome	25432777	87807063	7453752248	45	90	ERR480548;ERR480547;ERR480546;ERR480545;ERR479052;ERR479051;ERR479050;ERR479049			Paolo_Manghi	26.0																																														no																																																											
ZellerG_2014	CCIS19142497ST-3-0	FR-051	stool		adenoma	adenoma	68.0		senior	male	FRA	no	IlluminaHiSeq	Gnome	25432777	33262702	2287755331	45	68	ERR480553;ERR480554;ERR479057;ERR479058			Paolo_Manghi	23.0													largeadenoma																																	no																																																											
ZellerG_2014	CCIS20795251ST-4-0	FR-221	stool		control	Health	71.0		senior	female	FRA	no	IlluminaHiSeq	Gnome	25432777	55286215	4611051584	1	89	ERR480556;ERR480558;ERR480557;ERR480555;ERR479062;ERR479061;ERR479060;ERR479059			Paolo_Manghi	23.0																																														no																																																											
ZellerG_2014	CCIS21126322ST-4-0	FR-121	stool		control	Health	59.0		adult	male	FRA	no	IlluminaHiSeq	Gnome	25432777	82207625	6704190994	45	91	ERR480560;ERR480559;ERR479064;ERR479063			Paolo_Manghi	25.0																																														no																																																											
ZellerG_2014	CCIS22275061ST-4-0	FR-191	stool		adenoma	adenoma	62.0		adult	male	FRA	no	IlluminaHiSeq	Gnome	25432777	92672216	7763227111	45	92	ERR480566;ERR480565;ERR480564;ERR480563;ERR479070;ERR479068;ERR479069;ERR479067			Paolo_Manghi	29.0													largeadenoma																																	no																																																											
ZellerG_2014	CCIS22906510ST-20-0	FR-826	stool		adenoma	adenoma	77.0		senior	male	FRA	no	IlluminaHiSeq	Gnome	25432777	85806932	7634935649	45	95	ERR480571;ERR480572;ERR479075;ERR479076			Paolo_Manghi	23.0													smalladenoma																																	yes																																																											
ZellerG_2014	CCIS23164343ST-4-0	FR-316	stool		control	Health	62.0		adult	male	FRA	no	IlluminaHiSeq	Gnome	25432777	68712649	5871764899	45	90	ERR480577;ERR480575;ERR480578;ERR480576;ERR479081;ERR479080;ERR479082;ERR479079			Paolo_Manghi	23.0																																														no																																																											
ZellerG_2014	CCIS24898163ST-4-0	FR-282	stool		adenoma	adenoma	59.0		adult	male	FRA	no	IlluminaHiSeq	Gnome	25432777	12960596	1062478244	45	92	ERR480582;ERR480581;ERR480583;ERR479087;ERR479086;ERR479085			Paolo_Manghi	31.0													smalladenoma																																	no																																																											
ZellerG_2014	CCIS25399172ST-4-0	FR-419	stool		adenoma	adenoma	60.0		adult	male	FRA	no	IlluminaHiSeq	Gnome	25432777	29867294	2474388952	45	91	ERR480585;ERR480584;ERR480586;ERR479089;ERR479088;ERR479090			Paolo_Manghi	27.0													smalladenoma																																	no																																																											
ZellerG_2014	CCIS27304052ST-3-0	FR-001	stool		control	Health	52.0		adult	female	FRA	no	IlluminaHiSeq	Gnome	25432777	48552680	3405411697	45	69	ERR480588;ERR480587;ERR479092;ERR479091			Paolo_Manghi	20.0																																														no																																																											
ZellerG_2014	CCIS27927933ST-4-0	FR-115	stool		control	Health	72.0		senior	male	FRA	no	IlluminaHiSeq	Gnome	25432777	97043260	7788532840	5	85	ERR480592;ERR480591;ERR480590;ERR480589;ERR479095;ERR479096;ERR479094;ERR479093			Paolo_Manghi	24.0																																														no																																																											
ZellerG_2014	CCIS28384594ST-4-0	FR-382	stool		adenoma	adenoma	89.0		senior	male	FRA	no	IlluminaHiSeq	Gnome	25432777	54550110	4629074799	45	92	ERR480594;ERR480593;ERR479098;ERR479097			Paolo_Manghi	24.0													largeadenoma																																	no																																																											
ZellerG_2014	CCIS29210128ST-4-0	FR-166	stool		control	Health	64.0		adult	male	FRA	no	IlluminaHiSeq	Gnome	25432777	48275455	3986872657	45	92	ERR480596;ERR480595;ERR479100;ERR479099			Paolo_Manghi	27.0																																														no																																																											
ZellerG_2014	CCIS29688262ST-20-0	FR-305	stool		control	Health	50.0		adult	male	FRA	no	IlluminaHiSeq	Gnome	25432777	81666867	7382792447	45	96	ERR480598;ERR480597;ERR479101;ERR479102			Paolo_Manghi	25.0																																														no																																																											
ZellerG_2014	CCIS31434951ST-20-0	FR-643	stool		adenoma	adenoma	66.0		senior	male	FRA	no	IlluminaHiSeq	Gnome	25432777	29591263	2620882999	45	95	ERR480600;ERR480599;ERR479104;ERR479103			Paolo_Manghi	24.0													smalladenoma																																	no																																																											
ZellerG_2014	CCIS32105356ST-4-0	FR-510	stool		adenoma	adenoma	53.0		adult	male	FRA	no	IlluminaHiSeq	Gnome	25432777	52824987	4392664436	45	93	ERR480602;ERR480601;ERR479106;ERR479105			Paolo_Manghi	30.0													smalladenoma																																	no																																																											
ZellerG_2014	CCIS32452666ST-4-0	FR-105	stool		control	Health	68.0		senior	male	FRA	no	IlluminaHiSeq	Gnome	25432777	53858804	4440407460	45	91	ERR480606;ERR480604;ERR480605;ERR480603;ERR479107;ERR479110;ERR479109;ERR479108			Paolo_Manghi	26.0																																														no																																																											
ZellerG_2014	CCIS34604008ST-4-0	FR-129	stool		control	Health	63.0		adult	female	FRA	no	IlluminaHiSeq	Gnome	25432777	71147118	6044922649	1	89	ERR480615;ERR480614;ERR480617;ERR480616;ERR479120;ERR479118;ERR479119;ERR479121			Paolo_Manghi	27.0																																														no																																																											
ZellerG_2014	CCIS35092938ST-4-0	FR-500	stool		adenoma	adenoma	62.0		adult	female	FRA	no	IlluminaHiSeq	Gnome	25432777	46553845	3817577484	45	92	ERR480618;ERR480619;ERR479123;ERR479122			Paolo_Manghi	21.0													smalladenoma																																	no																																																											
ZellerG_2014	CCIS36699628ST-4-0	FR-142	stool		control	Health	68.0		senior	female	FRA	no	IlluminaHiSeq	Gnome	25432777	66456701	5731938297	45	91	ERR480627;ERR480626;ERR480625;ERR480624;ERR479131;ERR479130;ERR479129;ERR479128			Paolo_Manghi	25.0																																														no																																																											
ZellerG_2014	CCIS36797902ST-4-0	FR-198	stool		control	Health	63.0		adult	male	FRA	no	IlluminaHiSeq	Gnome	25432777	43056463	3608044435	45	90	ERR480629;ERR480628;ERR480631;ERR480630;ERR479135;ERR479132;ERR479134;ERR479133			Paolo_Manghi	25.0																																														no																																																											
ZellerG_2014	CCIS37250421ST-4-0	FR-496	stool		adenoma	adenoma	59.0		adult	female	FRA	no	IlluminaHiSeq	Gnome	25432777	52179172	4298774503	45	92	ERR480632;ERR480633;ERR479137;ERR479136			Paolo_Manghi	21.0													smalladenoma																																	yes																																																											
ZellerG_2014	CCIS41692898ST-4-0	FR-558	stool		control	Health	67.0		senior	female	FRA	no	IlluminaHiSeq	Gnome	25432777	75046271	6490271467	45	90	ERR480649;ERR480648;ERR480647;ERR480646;ERR479151;ERR479150;ERR479153;ERR479152			Paolo_Manghi	28.0																																														no																																																											
ZellerG_2014	CCIS41806458ST-4-0	FR-664	stool		adenoma	adenoma	59.0		adult	female	FRA	no	IlluminaHiSeq	Gnome	25432777	61160335	4887131910	45	92	ERR480651;ERR480650;ERR480652;ERR479156;ERR479155;ERR479154			Paolo_Manghi														smalladenoma																																	yes																																																											
ZellerG_2014	CCIS44093303ST-4-0	FR-721	stool		control	Health	62.0		adult	female	FRA	no	IlluminaHiSeq	Gnome	25432777	73343518	6267951889	45	90	ERR480654;ERR480653;ERR480655;ERR480656;ERR479160;ERR479159;ERR479158;ERR479157			Paolo_Manghi	20.0																																														yes																																																											
ZellerG_2014	CCIS44676181ST-4-0	FR-161	stool		adenoma	adenoma	48.0		adult	female	FRA	no	IlluminaHiSeq	Gnome	25432777	42157335	3614755975	45	92	ERR480657;ERR479161			Paolo_Manghi	21.0													smalladenoma																																	no																																																											
ZellerG_2014	CCIS44743950ST-4-0	FR-596	stool		adenoma	adenoma	66.0		senior	male	FRA	no	IlluminaHiSeq	Gnome	25432777	83383804	6695072003	45	92	ERR480658;ERR480660;ERR480659;ERR479164;ERR479163;ERR479162			Paolo_Manghi	22.0													smalladenoma																																	no																																																											
ZellerG_2014	CCIS45571137ST-3-0	FR-116	stool		control	Health	55.0		adult	female	FRA	no	IlluminaHiSeq	Gnome	25432777	37805003	2643933782	45	69	ERR480664;ERR480663;ERR479167;ERR479168			Paolo_Manghi	20.0																																														no																																																											
ZellerG_2014	CCIS45793747ST-4-0	FR-684	stool		control	Health	67.0		senior	male	FRA	no	IlluminaHiSeq	Gnome	25432777	84805529	7119073064	1	89	ERR480668;ERR480666;ERR480665;ERR480667;ERR479172;ERR479171;ERR479170;ERR479169			Paolo_Manghi	25.0																																														no																																																											
ZellerG_2014	CCIS47745468ST-4-0	FR-054	stool		adenoma	adenoma	63.0		adult	male	FRA	no	IlluminaHiSeq	Gnome	25432777	75963441	6650230179	45	92	ERR480678;ERR480677;ERR479182;ERR479181			Paolo_Manghi	27.0													largeadenoma																																	no																																																											
ZellerG_2014	CCIS48174381ST-4-0	FR-751	stool		control	Health	66.0		senior	male	FRA	no	IlluminaHiSeq	Gnome	25432777	51253211	4358945393	1	89	ERR480682;ERR480681;ERR480680;ERR480679;ERR479184;ERR479186;ERR479185;ERR479183			Paolo_Manghi	25.0																																														no																																																											
ZellerG_2014	CCIS48507077ST-4-0	FR-507	stool		adenoma	adenoma	72.0		senior	female	FRA	no	IlluminaHiSeq	Gnome	25432777	58318794	4621474821	45	91	ERR480685;ERR480683;ERR480684;ERR479188;ERR479189;ERR479187			Paolo_Manghi	32.0													smalladenoma																																	no																																																											
ZellerG_2014	CCIS48579360ST-4-0	FR-829	stool		adenoma	adenoma	52.0		adult	female	FRA	no	IlluminaHiSeq	Gnome	25432777	34233614	2772292441	45	89	ERR480687;ERR480686;ERR480688;ERR479192;ERR479191;ERR479190			Paolo_Manghi	23.0													smalladenoma																																	no																																																											
ZellerG_2014	CCIS50003399ST-4-0	FR-194	stool		control	Health	66.0		senior	female	FRA	no	IlluminaHiSeq	Gnome	25432777	63416533	5408998961	45	90	ERR480692;ERR480691;ERR480694;ERR480693;ERR479198;ERR479196;ERR479195;ERR479197			Paolo_Manghi	28.0																																														no																																																											
ZellerG_2014	CCIS50369211ST-20-0	FR-215	stool		adenoma	adenoma	53.0		adult	female	FRA	no	IlluminaHiSeq	Gnome	25432777	20912144	1875556820	45	97	ERR480698;ERR480697;ERR479202;ERR479201			Paolo_Manghi	33.0													smalladenoma																																	no																																																											
ZellerG_2014	CCIS50471204ST-4-0	FR-213	stool		control	Health	61.0		adult	female	FRA	no	IlluminaHiSeq	Gnome	25432777	81465089	6959611519	45	90	ERR480701;ERR480702;ERR480700;ERR480699;ERR479206;ERR479205;ERR479204;ERR479203			Paolo_Manghi	23.0																																														no																																																											
ZellerG_2014	CCIS50561855ST-4-0	FR-474	stool		adenoma	adenoma	60.0		adult	female	FRA	no	IlluminaHiSeq	Gnome	25432777	36741705	2999673577	45	92	ERR480703;ERR480704;ERR479208;ERR479207			Paolo_Manghi	26.0													largeadenoma																																	no																																																											
ZellerG_2014	CCIS51595129ST-4-0	FR-399	stool		control	Health	63.0		adult	female	FRA	no	IlluminaHiSeq	Gnome	25432777	59350393	5016717280	1	89	ERR480705;ERR480708;ERR480707;ERR480706;ERR479212;ERR479211;ERR479210;ERR479209			Paolo_Manghi	22.0																																														no																																																											
ZellerG_2014	CCIS51667829ST-4-0	FR-113	stool		adenoma	adenoma	63.0		adult	male	FRA	no	IlluminaHiSeq	Gnome	25432777	80732841	6298057148	5	85	ERR480712;ERR480710;ERR480709;ERR480711;ERR479215;ERR479214;ERR479213;ERR479216			Paolo_Manghi	26.0													smalladenoma																																	no																																																											
ZellerG_2014	CCIS52234160ST-4-0	FR-473	stool		adenoma	adenoma	64.0		adult	male	FRA	no	IlluminaHiSeq	Gnome	25432777	51200510	4130244845	45	91	ERR480714;ERR480713;ERR479218;ERR479217			Paolo_Manghi	28.0													largeadenoma																																	no																																																											
ZellerG_2014	CCIS53557295ST-4-0	FR-666	stool		adenoma	adenoma	45.0		adult	male	FRA	no	IlluminaHiSeq	Gnome	25432777	31774168	2588976210	45	90	ERR480726;ERR480725;ERR480724;ERR480723;ERR479229;ERR479228;ERR479227;ERR479230			Paolo_Manghi	24.0													smalladenoma																																	no																																																											
ZellerG_2014	CCIS54027808ST-4-0	FR-835	stool		adenoma	adenoma	52.0		adult	male	FRA	no	IlluminaHiSeq	Gnome	25432777	46913589	3917549022	45	92	ERR480728;ERR480727;ERR480730;ERR480729;ERR479233;ERR479232;ERR479231;ERR479234			Paolo_Manghi	33.0													smalladenoma																																	yes																																																											
ZellerG_2014	CCIS55531770ST-4-0	FR-790	stool		adenoma	adenoma	45.0		adult	female	FRA	no	IlluminaHiSeq	Gnome	25432777	23061446	1805826811	45	85	ERR480736;ERR480735;ERR480734;ERR479239;ERR479240;ERR479238			Paolo_Manghi	24.0													smalladenoma																																	no																																																											
ZellerG_2014	CCIS56503244ST-3-0	FR-162	stool		adenoma	adenoma	68.0		senior	male	FRA	no	IlluminaHiSeq	Gnome	25432777	31477687	2438528318	1	89	ERR480737;ERR480738;ERR479241;ERR479242			Paolo_Manghi	21.0													largeadenoma																																	no																																																											
ZellerG_2014	CCIS59903910ST-4-0	FR-820	stool		adenoma	adenoma	76.0		senior	female	FRA	no	IlluminaHiSeq	Gnome	25432777	56045312	4576724560	45	91	ERR480746;ERR480745;ERR479249;ERR479250			Paolo_Manghi	34.0													smalladenoma																																	no																																																											
ZellerG_2014	CCIS63448910ST-4-0	FR-390	stool		control	Health	61.0		adult	female	FRA	no	IlluminaHiSeq	Gnome	25432777	61901654	5241560072	1	89	ERR480758;ERR480756;ERR480755;ERR480757;ERR479260;ERR479259;ERR479262;ERR479261			Paolo_Manghi	34.0																																														no																																																											
ZellerG_2014	CCIS63468405ST-4-0	FR-132	stool		control	Health	69.0		senior	female	FRA	no	IlluminaHiSeq	Gnome	25432777	67395395	5705040835	45	90	ERR480760;ERR480762;ERR480761;ERR480759;ERR479266;ERR479265;ERR479264;ERR479263			Paolo_Manghi	25.0																																														no																																																											
ZellerG_2014	CCIS63910149ST-4-0	FR-719	stool		control	Health	49.0		adult	female	FRA	no	IlluminaHiSeq	Gnome	25432777	24843993	1992837785	45	88	ERR480765;ERR480764;ERR480763;ERR479269;ERR479268;ERR479267			Paolo_Manghi	23.0																																														no																																																											
ZellerG_2014	CCIS64773582ST-4-0	FR-195	stool		control	Health	63.0		adult	female	FRA	no	IlluminaHiSeq	Gnome	25432777	91118209	7966706877	45	93	ERR480769;ERR480766;ERR480768;ERR480767;ERR479273;ERR479272;ERR479271;ERR479270			Paolo_Manghi	23.0																																														no																																																											
ZellerG_2014	CCIS64785924ST-20-0	FR-173	stool		control	Health	59.0		adult	female	FRA	no	IlluminaHiSeq	Gnome	25432777	12636839	1128108433	45	95	ERR480771;ERR480770;ERR479275;ERR479274			Paolo_Manghi	25.0																																														no																																																											
ZellerG_2014	CCIS70398272ST-4-0	FR-792	stool		adenoma	adenoma	55.0		adult	male	FRA	no	IlluminaHiSeq	Gnome	25432777	78352675	6568369799	45	89	ERR480779;ERR480776;ERR480778;ERR480777;ERR479282;ERR479281;ERR479280;ERR479283			Paolo_Manghi	24.0													smalladenoma																																	no																																																											
ZellerG_2014	CCIS71578391ST-4-0	FR-187	stool		control	Health	70.0		senior	male	FRA	no	IlluminaHiSeq	Gnome	25432777	74021867	6260894901	45	90	ERR480784;ERR480783;ERR480785;ERR480782;ERR479289;ERR479288;ERR479287;ERR479286			Paolo_Manghi	25.0																																														no																																																											
ZellerG_2014	CCIS74239020ST-4-0	FR-156	stool		control	Health	62.0		adult	male	FRA	no	IlluminaHiSeq	Gnome	25432777	60489281	5138705109	45	90	ERR480790;ERR480793;ERR480792;ERR480791;ERR479297;ERR479296;ERR479295;ERR479294			Paolo_Manghi	24.0																																														no																																																											
ZellerG_2014	CCIS74726977ST-3-0	FR-026	stool		adenoma	adenoma	66.0		senior	male	FRA	no	IlluminaHiSeq	Gnome	25432777	140945980	11663668391	45	90	ERR480794;ERR479298			Paolo_Manghi	24.0													smalladenoma																																	no																																																											
ZellerG_2014	CCIS76563044ST-4-0	FR-672	stool		adenoma	adenoma	68.0		senior	male	FRA	no	IlluminaHiSeq	Gnome	25432777	76593756	6214540074	45	92	ERR480797;ERR480796;ERR480795;ERR479301;ERR479300;ERR479299			Paolo_Manghi	36.0													smalladenoma																																	no																																																											
ZellerG_2014	CCIS77100899ST-4-0	FR-211	stool		adenoma	adenoma	73.0		senior	male	FRA	no	IlluminaHiSeq	Gnome	25432777	69103733	5675017036	45	90	ERR480803;ERR480802;ERR480801;ERR480800;ERR479307;ERR479304;ERR479306;ERR479305			Paolo_Manghi	26.0													largeadenoma																																	no																																																											
ZellerG_2014	CCIS78100604ST-4-0	FR-728	stool		control	Health	64.0		adult	female	FRA	no	IlluminaHiSeq	Gnome	25432777	78150540	6619013691	1	89	ERR480811;ERR480810;ERR480809;ERR480808;ERR479313;ERR479312;ERR479314;ERR479315			Paolo_Manghi	30.0																																														no																																																											
ZellerG_2014	CCIS79210440ST-3-0	FR-039	stool		control	Health	65.0		adult	male	FRA	no	IlluminaHiSeq	Gnome	25432777	44022141	3056783044	45	68	ERR480816;ERR480815;ERR479319;ERR479320			Paolo_Manghi	30.0																																														yes																																																											
ZellerG_2014	CCIS80834637ST-4-0	FR-716	stool		control	Health	60.0		adult	female	FRA	no	IlluminaHiSeq	Gnome	25432777	95462023	8078577899	45	90	ERR480820;ERR480819;ERR480818;ERR480817;ERR479323;ERR479324;ERR479321;ERR479322			Paolo_Manghi	28.0																																														no																																																											
ZellerG_2014	CCIS81139242ST-4-0	FR-118	stool		control	Health	64.0		adult	female	FRA	no	IlluminaHiSeq	Gnome	25432777	66773170	5713080966	45	96	ERR480822;ERR480821;ERR479326;ERR479325			Paolo_Manghi	20.0																																														no																																																											
ZellerG_2014	CCIS81710917ST-20-0	FR-539	stool		adenoma	adenoma	49.0		adult	male	FRA	no	IlluminaHiSeq	Gnome	25432777	103695516	9060668209	45	96	ERR480824;ERR480823;ERR479328;ERR479327			Paolo_Manghi	20.0													smalladenoma																																	no																																																											
ZellerG_2014	CCIS81735969ST-20-0	FR-312	stool		adenoma	adenoma	68.0		senior	male	FRA	no	IlluminaHiSeq	Gnome	25432777	73658101	6621069584	45	96	ERR480826;ERR480825;ERR479330;ERR479329			Paolo_Manghi	26.0													largeadenoma																																	no																																																											
ZellerG_2014	CCIS82507866ST-3-0	FR-040	stool		control	Health	57.0		adult	male	FRA	no	IlluminaHiSeq	Gnome	25432777	45388199	3180717679	45	69	ERR480836;ERR480835;ERR479339;ERR479340			Paolo_Manghi	24.0																																														no																																																											
ZellerG_2014	CCIS82944710ST-20-0	FR-730	stool		control	Health	38.0		adult	female	FRA	no	IlluminaHiSeq	Gnome	25432777	8890877	803852416	45	96	ERR480838;ERR480837;ERR479342;ERR479341			Paolo_Manghi	22.0																																														no																																																											
ZellerG_2014	CCIS83445808ST-4-0	FR-495	stool		adenoma	adenoma	66.0		senior	male	FRA	no	IlluminaHiSeq	Gnome	25432777	43316779	3640432033	45	92	ERR480841;ERR480840;ERR480839;ERR479345;ERR479344;ERR479343			Paolo_Manghi	29.0													smalladenoma																																	no																																																											
ZellerG_2014	CCIS83574003ST-4-0	FR-241	stool		adenoma	adenoma	60.0		adult	male	FRA	no	IlluminaHiSeq	Gnome	25432777	80482805	7038083357	45	93	ERR480842;ERR480843;ERR479346;ERR479347			Paolo_Manghi	24.0													largeadenoma																																	yes																																																											
ZellerG_2014	CCIS87290971ST-4-0	FR-196	stool		adenoma	adenoma	71.0		senior	male	FRA	no	IlluminaHiSeq	Gnome	25432777	59042659	4753470798	45	87	ERR480861;ERR480860;ERR480859;ERR480858;ERR479363;ERR479365;ERR479364;ERR479362			Paolo_Manghi	29.0													largeadenoma																																	no																																																											
ZellerG_2014	CCIS88007743ST-4-0	FR-393	stool		control	Health	67.0		senior	female	FRA	no	IlluminaHiSeq	Gnome	25432777	62698501	5261700925	1	89	ERR480869;ERR480867;ERR480868;ERR480866;ERR479373;ERR479372;ERR479371;ERR479370			Paolo_Manghi	23.0																																														no																																																											
ZellerG_2014	CCIS88317640ST-4-0	FR-759	stool		control	Health	74.0		senior	male	FRA	no	IlluminaHiSeq	Gnome	25432777	72027798	6089304969	1	89	ERR480870;ERR480873;ERR480872;ERR480871;ERR479376;ERR479375;ERR479374;ERR479377			Paolo_Manghi	27.0																																														no																																																											
ZellerG_2014	CCIS90164298ST-4-0	FR-294	stool		control	Health	84.0		senior	male	FRA	no	IlluminaHiSeq	Gnome	25432777	64903644	5520171452	45	90	ERR480877;ERR480876;ERR480875;ERR480874;ERR479381;ERR479380;ERR479379;ERR479378			Paolo_Manghi	23.0																																														no																																																											
ZellerG_2014	CCIS90166425ST-4-0	FR-449	stool		adenoma	adenoma	78.0		senior	female	FRA	no	IlluminaHiSeq	Gnome	25432777	62472516	5146118151	45	93	ERR480878;ERR480879;ERR479383;ERR479382			Paolo_Manghi	23.0													largeadenoma																																	no																																																											
ZellerG_2014	CCIS90443472ST-4-0	FR-249	stool		adenoma	adenoma	63.0		adult	male	FRA	no	IlluminaHiSeq	Gnome	25432777	71798343	5613567382	45	87	ERR480881;ERR480880;ERR480882;ERR479386;ERR479385;ERR479384			Paolo_Manghi	30.0													largeadenoma																																	no																																																											
ZellerG_2014	CCIS90903952ST-3-0	FR-218	stool		adenoma	adenoma	71.0		senior	female	FRA	no	IlluminaHiSeq	Gnome	25432777	53724201	4099922459	1	89	ERR480884;ERR480883;ERR479388;ERR479387			Paolo_Manghi	22.0													largeadenoma																																	no																																																											
ZellerG_2014	CCIS93040568ST-20-0	FR-682	stool		control	Health	65.0		adult	male	FRA	no	IlluminaHiSeq	Gnome	25432777	13523536	1233826155	45	97	ERR480888;ERR480887;ERR479392;ERR479391			Paolo_Manghi	30.0																																														no																																																											
ZellerG_2014	CCIS94417875ST-3-0	FR-110	stool		control	Health	59.0		adult	female	FRA	no	IlluminaHiSeq	Gnome	25432777	44052987	3132363570	45	70	ERR480889;ERR480890;ERR479394;ERR479393			Paolo_Manghi	25.0																																														no																																																											
ZellerG_2014	CCIS94496512ST-4-0	FR-229	stool		adenoma	adenoma	64.0		adult	male	FRA	no	IlluminaHiSeq	Gnome	25432777	40204072	3230104037	2	88	ERR480892;ERR480891;ERR479395;ERR479396			Paolo_Manghi	28.0													smalladenoma																																	no																																																											
ZellerG_2014	CCIS94603952ST-4-0	FR-025	stool		control	Health	80.0		senior	female	FRA	no	IlluminaHiSeq	Gnome	25432777	69804753	5868133832	1	89	ERR480895;ERR480894;ERR480893;ERR480896;ERR479400;ERR479399;ERR479398;ERR479397			Paolo_Manghi	21.0																																														no																																																											
ZellerG_2014	CCIS95097901ST-4-0	FR-696	stool		control	Health	52.0		adult	male	FRA	no	IlluminaHiSeq	Gnome	25432777	51567166	4271802257	45	91	ERR480900;ERR480897;ERR480899;ERR480898;ERR479401;ERR479404;ERR479403;ERR479402			Paolo_Manghi	24.0																																														no																																																											
ZellerG_2014	CCIS95409808ST-4-0	FR-152	stool		control	Health	63.0		adult	female	FRA	no	IlluminaHiSeq	Gnome	25432777	66865743	5931273309	45	94	ERR480904;ERR480903;ERR480902;ERR480901;ERR479408;ERR479405;ERR479407;ERR479406			Paolo_Manghi	21.0																																														no																																																											
ZellerG_2014	CCIS96387239ST-4-0	FR-626	stool		adenoma	adenoma	66.0		senior	male	FRA	no	IlluminaHiSeq	Gnome	25432777	34953403	2752039312	2	88	ERR480908;ERR480907;ERR480905;ERR480906;ERR479412;ERR479411;ERR479409;ERR479410			Paolo_Manghi	20.0													smalladenoma																																	no																																																											
ZellerG_2014	CCIS98482370ST-3-0	FR-052	stool		control	Health	53.0		adult	female	FRA	no	IlluminaHiSeq	Gnome	25432777	45190917	3154490787	45	69	ERR480909;ERR480910;ERR479414;ERR479413			Paolo_Manghi	30.0																																														no																																																											
