study_name	sample_id	subject_id	body_site	antibiotics_current_use	study_condition	disease	age	infant_age	age_category	gender	country	non_westernized	sequencing_platform	DNA_extraction_kit	PMID	number_reads	number_bases	minimum_read_length	median_read_length	NCBI_accession	pregnant	lactating	curator	BMI	family	days_from_first_collection	family_role	born_method	feeding_practice	travel_destination	location	visit_number	premature	birth_weight	gestational_age	antibiotics_family	disease_subtype	days_after_onset	creatine	albumine	hscrp	ESR	treatment	ast	alt	globulin	urea_nitrogen	BASDAI	BASFI	alcohol	flg_genotype	population	menopausal_status	lifestyle	body_subsite	diet	tnm	triglycerides	hdl	ldl	hba1c	smoker	ever_smoker	dental_sample_type	history_of_periodontitis	PPD_M	PPD_B	PPD_D	PPD_L	fobt	disease_stage	disease_location	calprotectin	HBI	SCCAI	uncurated_metadata	mumps	cholesterol	c_peptide	glucose	creatinine	bilubirin	prothrombin_time	wbc	rbc	hemoglobinometry	remission	dyastolic_p	systolic_p	insulin_cat	adiponectin	glp_1	cd163	il_1	leptin	fgf_19	glutamate_decarboxylase_2_antibody	HLA	autoantibody_positive	age_seroconversion	age_T1D_diagnosis	hitchip_probe_class	fasting_insulin	fasting_glucose	protein_intake	stec_count	shigatoxin_2_elisa	stool_texture	anti_PD_1	mgs_richness	ferm_milk_prod_consumer	inr	ctp	birth_control_pil	c_section_type	ajcc	hla_drb12	hla_dqa12	hla_dqa11	hla_drb11	birth_order	age_twins_started_to_live_apart	zigosity	brinkman_index	alcohol_numeric	breastfeeding_duration	formula_first_day	ALT	eGFR
HanniganGD_2017	MG100180	HanniganGD_2017_H30	stool	no	control	Health	63.0		adult	female	USA	no	IlluminaHiSeq	MoBio	30459201	21182166	2636134209	75	126	SRR5665122			Paolo_Manghi	32.8125							Boston																																							no																																																											
HanniganGD_2017	MG100179	HanniganGD_2017_H29	stool	no	control	Health	51.0		adult	female	USA	no	IlluminaHiSeq	MoBio	30459201	10855718	1349678317	75	126	SRR5665186			Paolo_Manghi	29.7210791							Boston																																							no																																																											
HanniganGD_2017	MG100178	HanniganGD_2017_H28	stool	no	control	Health	46.0		adult	female	USA	no	IlluminaHiSeq	MoBio	30459201	18102008	2256749848	75	126	SRR5665187			Paolo_Manghi	21.33821064							Boston																																							no																																																											
HanniganGD_2017	MG100177	HanniganGD_2017_H26	stool	no	control	Health	49.0		adult	male	USA	no	IlluminaHiSeq	MoBio	30459201	4072828	506367839	75	126	SRR5665178			Paolo_Manghi	24.93074792							Houston																																							no																																																											
HanniganGD_2017	MG100176	HanniganGD_2017_H25	stool	no	control	Health	42.0		adult	male	USA	no	IlluminaHiSeq	MoBio	30459201	5679008	705484441	75	126	SRR5665179			Paolo_Manghi	27.71768524							Houston																																							no																																																											
HanniganGD_2017	MG100175	HanniganGD_2017_H24	stool	no	control	Health	51.0		adult	male	USA	no	IlluminaHiSeq	MoBio	30459201	11241278	1399435776	75	126	SRR5665180			Paolo_Manghi	21.10726644							Houston																																							no																																																											
HanniganGD_2017	MG100174	HanniganGD_2017_H23	stool	no	control	Health	56.0		adult	female	USA	no	IlluminaHiSeq	MoBio	30459201	7801592	971871839	75	126	SRR5665181			Paolo_Manghi	21.1552942							Houston																																							no																																																											
HanniganGD_2017	MG100173	HanniganGD_2017_H22	stool	no	control	Health	58.0		adult	male	USA	no	IlluminaHiSeq	MoBio	30459201	11886888	1475010313	75	126	SRR5665182			Paolo_Manghi	29.04657027							Houston																																							no																																																											
HanniganGD_2017	MG100172	HanniganGD_2017_H21	stool	no	control	Health	61.0		adult	male	USA	no	IlluminaHiSeq	MoBio	30459201	5352832	667010718	75	126	SRR5665183			Paolo_Manghi	24.81632653							Houston																																							no																																																											
HanniganGD_2017	MG100171	HanniganGD_2017_H20	stool	no	control	Health	75.0		adult	female	USA	no	IlluminaHiSeq	MoBio	30459201	9336134	1162883767	75	126	SRR5665184			Paolo_Manghi	23.52941176							AnnArbor																																							no																																																											
HanniganGD_2017	MG100170	HanniganGD_2017_H19	stool	no	control	Health	54.0		adult	female	USA	no	IlluminaHiSeq	MoBio	30459201	5920646	736381301	75	126	SRR5665185			Paolo_Manghi	33.56401384							AnnArbor																																							no																																																											
HanniganGD_2017	MG100169	HanniganGD_2017_H17	stool	no	control	Health	65.0		adult	male	USA	no	IlluminaHiSeq	MoBio	30459201	3029258	377191200	75	126	SRR5665156			Paolo_Manghi	33.05785124							AnnArbor																																							no																																																											
HanniganGD_2017	MG100168	HanniganGD_2017_H16	stool	no	control	Health	57.0		adult	female	USA	no	IlluminaHiSeq	MoBio	30459201	7524086	935525057	75	126	SRR5665155			Paolo_Manghi	23.80540166							Houston																																							no																																																											
HanniganGD_2017	MG100167	HanniganGD_2017_H15	stool	no	control	Health	51.0		adult	female	USA	no	IlluminaHiSeq	MoBio	30459201	6041774	752036731	75	126	SRR5665164			Paolo_Manghi	21.33821064							AnnArbor																																							no																																																											
HanniganGD_2017	MG100166	HanniganGD_2017_H14	stool	no	control	Health	61.0		adult	female	USA	no	IlluminaHiSeq	MoBio	30459201	8698664	1082359356	75	126	SRR5665163			Paolo_Manghi	20.74755019							Boston																																							no																																																											
HanniganGD_2017	MG100165	HanniganGD_2017_H13	stool	no	control	Health	45.0		adult	female	USA	no	IlluminaHiSeq	MoBio	30459201	11712932	1460009052	75	126	SRR5665162			Paolo_Manghi	33.15043439							AnnArbor																																							no																																																											
HanniganGD_2017	MG100164	HanniganGD_2017_H12	stool	no	control	Health	51.0		adult	female	USA	no	IlluminaHiSeq	MoBio	30459201	2521950	314344000	75	126	SRR5665161			Paolo_Manghi	30.42184965							AnnArbor																																							no																																																											
HanniganGD_2017	MG100163	HanniganGD_2017_H11	stool	no	control	Health	55.0		adult	female	USA	no	IlluminaHiSeq	MoBio	30459201	330750	41203287	75	126	SRR5665160			Paolo_Manghi	37.78272346							Houston																																							no																																																											
HanniganGD_2017	MG100162	HanniganGD_2017_H10	stool	no	control	Health	51.0		adult	male	USA	no	IlluminaHiSeq	MoBio	30459201	2294514	285954703	75	126	SRR5665159			Paolo_Manghi	25.0995016							Houston																																							no																																																											
HanniganGD_2017	MG100161	HanniganGD_2017_H09	stool	no	control	Health	35.0		adult	female	USA	no	IlluminaHiSeq	MoBio	30459201	5793618	719074030	75	126	SRR5665158			Paolo_Manghi	35.49786654							Houston																																							no																																																											
HanniganGD_2017	MG100160	HanniganGD_2017_H08	stool	no	control	Health	65.0		adult	male	CAN	no	IlluminaHiSeq	MoBio	30459201	2959348	368712290	75	126	SRR5665157			Paolo_Manghi	26.56683975							Toronto																																							no																																																											
HanniganGD_2017	MG100159	HanniganGD_2017_H07	stool	no	control	Health	52.0		adult	male	USA	no	IlluminaHiSeq	MoBio	30459201	9031080	1122607451	75	126	SRR5665049			Paolo_Manghi	24.76756592							Houston																																							no																																																											
HanniganGD_2017	MG100158	HanniganGD_2017_H06	stool	no	control	Health	75.0		adult	male	USA	no	IlluminaHiSeq	MoBio	30459201	7233984	899865279	75	126	SRR5665050			Paolo_Manghi	25.25951557							Houston																																							no																																																											
HanniganGD_2017	MG100157	HanniganGD_2017_H05	stool	no	control	Health	52.0		adult	female	USA	no	IlluminaHiSeq	MoBio	30459201	6078718	756831578	75	126	SRR5665047			Paolo_Manghi	20.56932966							Houston																																							no																																																											
HanniganGD_2017	MG100156	HanniganGD_2017_H04	stool	no	control	Health	44.0		adult	female	USA	no	IlluminaHiSeq	MoBio	30459201	5064770	629428694	75	126	SRR5665048			Paolo_Manghi	25.96952909							Houston																																							no																																																											
HanniganGD_2017	MG100155	HanniganGD_2017_H03	stool	no	control	Health	54.0		adult	male	USA	no	IlluminaHiSeq	MoBio	30459201	3659936	456010285	75	126	SRR5665045			Paolo_Manghi	31.60011491							Houston																																							no																																																											
HanniganGD_2017	MG100154	HanniganGD_2017_H02	stool	no	control	Health	69.0		adult	female	CAN	no	IlluminaHiSeq	MoBio	30459201	10295240	1281380024	75	126	SRR5665046			Paolo_Manghi	18.66201469							Toronto																																							no																																																											
HanniganGD_2017	MG100153	HanniganGD_2017_H01	stool	no	control	Health	65.0		adult	female	CAN	no	IlluminaHiSeq	MoBio	30459201	10217384	1267666004	75	126	SRR5665043			Paolo_Manghi	21.51385851							Toronto																																							no																																																											
HanniganGD_2017	MG100152	HanniganGD_2017_C30	stool	no	CRC	CRC	57.0		adult	male	CAN	no	IlluminaHiSeq	MoBio	30459201	6964066	866112898	75	126	SRR5665044			Paolo_Manghi	34.47772096							Toronto																																							yes																																																											
HanniganGD_2017	MG100151	HanniganGD_2017_C29	stool	no	CRC	CRC	59.0		adult	male	USA	no	IlluminaHiSeq	MoBio	30459201	7611462	946733673	75	126	SRR5665041			Paolo_Manghi	23.082542							Boston																																							yes																																																											
HanniganGD_2017	MG100150	HanniganGD_2017_C28	stool	no	CRC	CRC	73.0		adult	female	CAN	no	IlluminaHiSeq	MoBio	30459201	5317176	661376565	75	126	SRR5665042			Paolo_Manghi	21.62064772							Toronto																																							no																																																											
HanniganGD_2017	MG100149	HanniganGD_2017_C27	stool	no	CRC	CRC	59.0		adult	female	USA	no	IlluminaHiSeq	MoBio	30459201	4678900	581571081	75	126	SRR5665033			Paolo_Manghi	29.75206612							Boston																																							yes																																																											
HanniganGD_2017	MG100148	HanniganGD_2017_C26	stool	no	CRC	CRC	43.0		adult	male	USA	no	IlluminaHiSeq	MoBio	30459201	3292898	409314397	75	126	SRR5665032			Paolo_Manghi	46.36734694							AnnArbor																																							no																																																											
HanniganGD_2017	MG100147	HanniganGD_2017_C25	stool	no	CRC	CRC	60.0		adult	female	USA	no	IlluminaHiSeq	MoBio	30459201	6285516	780091878	75	126	SRR5665029			Paolo_Manghi	27.82931354							Houston																																							no																																																											
HanniganGD_2017	MG100146	HanniganGD_2017_C24	stool	no	CRC	CRC	48.0		adult	male	USA	no	IlluminaHiSeq	MoBio	30459201	6928748	860991653	75	126	SRR5665028			Paolo_Manghi	32.90665379							Boston																																							yes																																																											
HanniganGD_2017	MG100145	HanniganGD_2017_C23	stool	no	CRC	CRC	64.0		adult	female	USA	no	IlluminaHiSeq	MoBio	30459201	9724858	1211600787	75	126	SRR5665031			Paolo_Manghi	24.38237298							Houston																																							no																																																											
HanniganGD_2017	MG100144	HanniganGD_2017_C22	stool	no	CRC	CRC	51.0		adult	female	USA	no	IlluminaHiSeq	MoBio	30459201	9621882	1193404715	75	126	SRR5665030			Paolo_Manghi	23.66143862							Boston																																							no																																																											
HanniganGD_2017	MG100143	HanniganGD_2017_C20	stool	no	CRC	CRC	58.0		adult	male	USA	no	IlluminaHiSeq	MoBio	30459201	4836288	602503697	75	126	SRR5665025			Paolo_Manghi	29.68495643							Houston																																							no																																																											
HanniganGD_2017	MG100142	HanniganGD_2017_C19	stool	no	CRC	CRC	71.0		adult	male	USA	no	IlluminaHiSeq	MoBio	30459201	17146	2086283	75	125	SRR5665024			Paolo_Manghi	32.32323232							AnnArbor																																							yes																																																											
HanniganGD_2017	MG100141	HanniganGD_2017_C18	stool	no	CRC	CRC	52.0		adult	male	USA	no	IlluminaHiSeq	MoBio	30459201	7718414	958957029	75	126	SRR5665027			Paolo_Manghi	28.7037037							AnnArbor																																							no																																																											
HanniganGD_2017	MG100140	HanniganGD_2017_C17	stool	no	CRC	CRC	43.0		adult	male	USA	no	IlluminaHiSeq	MoBio	30459201	4833608	602192124	75	126	SRR5665026			Paolo_Manghi	23.87543253							Houston																																							no																																																											
HanniganGD_2017	MG100139	HanniganGD_2017_C16	stool	no	CRC	CRC	63.0		adult	male	USA	no	IlluminaHiSeq	MoBio	30459201	6661922	830453874	75	126	SRR5665103			Paolo_Manghi	30.83653053							Houston																																							yes																																																											
HanniganGD_2017	MG100138	HanniganGD_2017_C15	stool	no	CRC	CRC	61.0		adult	male	USA	no	IlluminaHiSeq	MoBio	30459201	5941034	739942965	75	126	SRR5665053			Paolo_Manghi	34.90026578							AnnArbor																																							yes																																																											
HanniganGD_2017	MG100137	HanniganGD_2017_C14	stool	no	CRC	CRC	49.0		adult	male	USA	no	IlluminaHiSeq	MoBio	30459201	4370134	541601310	75	126	SRR5665058			Paolo_Manghi								AnnArbor																																							yes																																																											
HanniganGD_2017	MG100136	HanniganGD_2017_C13	stool	no	CRC	CRC	55.0		adult	male	USA	no	IlluminaHiSeq	MoBio	30459201	6787334	845085642	75	126	SRR5665059			Paolo_Manghi	57.46349378							Boston																																							no																																																											
HanniganGD_2017	MG100134	HanniganGD_2017_C11	stool	no	CRC	CRC	47.0		adult	female	USA	no	IlluminaHiSeq	MoBio	30459201	6105000	758910268	75	126	SRR5665061			Paolo_Manghi	26.37023814							Boston																																							no																																																											
HanniganGD_2017	MG100133	HanniganGD_2017_C10	stool	no	CRC	CRC	69.0		adult	male	USA	no	IlluminaHiSeq	MoBio	30459201	9707904	1208505568	75	126	SRR5665054			Paolo_Manghi	26.70362358							Boston																																							no																																																											
HanniganGD_2017	MG100132	HanniganGD_2017_C09	stool	no	CRC	CRC	51.0		adult	female	USA	no	IlluminaHiSeq	MoBio	30459201	14630940	1816500218	75	126	SRR5665055			Paolo_Manghi	35.49786654							Houston																																							no																																																											
HanniganGD_2017	MG100131	HanniganGD_2017_C08	stool	no	CRC	CRC	56.0		adult	male	USA	no	IlluminaHiSeq	MoBio	30459201	5569662	693577210	75	126	SRR5665056			Paolo_Manghi	32.65306122							Houston																																							yes																																																											
HanniganGD_2017	MG100130	HanniganGD_2017_C06	stool	no	CRC	CRC	69.0		adult	male	USA	no	IlluminaHiSeq	MoBio	30459201	5011214	623336859	75	126	SRR5665057			Paolo_Manghi	26.2345679							Houston																																							no																																																											
HanniganGD_2017	MG100129	HanniganGD_2017_C05	stool	no	CRC	CRC	37.0		adult	male	USA	no	IlluminaHiSeq	MoBio	30459201	7180402	891959475	75	126	SRR5665052			Paolo_Manghi	35.11123879							Houston																																							yes																																																											
HanniganGD_2017	MG100128	HanniganGD_2017_C04	stool	no	CRC	CRC	88.0		adult	male	USA	no	IlluminaHiSeq	MoBio	30459201	6329070	787577657	75	126	SRR5665051			Paolo_Manghi	26.29656684							Houston																																							no																																																											
HanniganGD_2017	MG100127	HanniganGD_2017_C03	stool	no	CRC	CRC	69.0		adult	male	USA	no	IlluminaHiSeq	MoBio	30459201	4969190	618186207	75	126	SRR5665035			Paolo_Manghi	27.75748722							Houston																																							no																																																											
HanniganGD_2017	MG100126	HanniganGD_2017_C02	stool	no	CRC	CRC	59.0		adult	male	USA	no	IlluminaHiSeq	MoBio	30459201	5023590	624867363	75	126	SRR5665034			Paolo_Manghi	28.73469388							Boston																																							no																																																											
HanniganGD_2017	MG100125	HanniganGD_2017_C01	stool	no	CRC	CRC	70.0		adult	male	USA	no	IlluminaHiSeq	MoBio	30459201	5090156	634385981	75	126	SRR5665144			Paolo_Manghi	23.30668005							Houston																																							no																																																											
