s__Methanobacterium_formicicum	p__Euryarchaeota
s__Methanobacterium_sp_MB1	p__Euryarchaeota
s__Methanobrevibacter_arboriphilus	p__Euryarchaeota
s__Methanobrevibacter_oralis	p__Euryarchaeota
s__Methanobrevibacter_ruminantium	p__Euryarchaeota
s__Methanobrevibacter_smithii	p__Euryarchaeota
s__Methanobrevibacter_sp_87_7	p__Euryarchaeota
s__Methanobrevibacter_sp_AbM4	p__Euryarchaeota
s__Methanobrevibacter_thaueri	p__Euryarchaeota
s__Methanobrevibacter_woesei	p__Euryarchaeota
s__Methanosphaera_cuniculi	p__Euryarchaeota
s__Methanosphaera_sp_rholeuAM74	p__Euryarchaeota
s__Methanosphaera_sp_SHI1033	p__Euryarchaeota
s__Methanosphaera_stadtmanae	p__Euryarchaeota
s__Pyrococcus_yayanosii	p__Euryarchaeota
s__Candidatus_Methanomethylophilus_sp_1R26	p__Euryarchaeota
s__Candidatus_Methanomassiliicoccus_intestinalis	p__Euryarchaeota
s__Methanomassiliicoccales_archaeon_RumEn_M1	p__Euryarchaeota
s__Candidatus_Nitrosocosmicus_oleophilus	p__Thaumarchaeota
s__Actinobaculum_massiliense	p__Actinobacteria
s__Actinobaculum_sp_oral_taxon_183	p__Actinobacteria
s__Actinomyces_cardiffensis	p__Actinobacteria
s__Actinomyces_denticolens	p__Actinobacteria
s__Actinomyces_europaeus	p__Actinobacteria
s__Actinomyces_georgiae	p__Actinobacteria
s__Actinomyces_graevenitzii	p__Actinobacteria
s__Actinomyces_hongkongensis	p__Actinobacteria
s__Actinomyces_hordeovulneris	p__Actinobacteria
s__Actinomyces_johnsonii	p__Actinobacteria
s__Actinomyces_massiliensis	p__Actinobacteria
s__Actinomyces_meyeri	p__Actinobacteria
s__Actinomyces_naeslundii	p__Actinobacteria
s__Actinomyces_neuii	p__Actinobacteria
s__Actinomyces_odontolyticus	p__Actinobacteria
s__Actinomyces_oris	p__Actinobacteria
s__Actinomyces_radicidentis	p__Actinobacteria
s__Actinomyces_radingae	p__Actinobacteria
s__Actinomyces_sp_HMSC035G02	p__Actinobacteria
s__Actinomyces_sp_HPA0247	p__Actinobacteria
s__Actinomyces_sp_ICM47	p__Actinobacteria
s__Actinomyces_sp_oral_taxon_170	p__Actinobacteria
s__Actinomyces_sp_oral_taxon_180	p__Actinobacteria
s__Actinomyces_sp_oral_taxon_181	p__Actinobacteria
s__Actinomyces_sp_oral_taxon_414	p__Actinobacteria
s__Actinomyces_sp_oral_taxon_448	p__Actinobacteria
s__Actinomyces_sp_oral_taxon_897	p__Actinobacteria
s__Actinomyces_sp_S6_Spd3	p__Actinobacteria
s__Actinomyces_turicensis	p__Actinobacteria
s__Actinomyces_urogenitalis	p__Actinobacteria
s__Actinomyces_viscosus	p__Actinobacteria
s__Actinotignum_schaalii	p__Actinobacteria
s__Actinotignum_timonense	p__Actinobacteria
s__Actinotignum_urinale	p__Actinobacteria
s__Arcanobacterium_haemolyticum	p__Actinobacteria
s__Mobiluncus_curtisii	p__Actinobacteria
s__Mobiluncus_mulieris	p__Actinobacteria
s__Trueperella_bernardiae	p__Actinobacteria
s__Varibaculum_cambriense	p__Actinobacteria
s__Aeriscardovia_aeriphila	p__Actinobacteria
s__Alloscardovia_omnicolens	p__Actinobacteria
s__Bifidobacterium_actinocoloniiforme	p__Actinobacteria
s__Bifidobacterium_adolescentis	p__Actinobacteria
s__Bifidobacterium_angulatum	p__Actinobacteria
s__Bifidobacterium_animalis	p__Actinobacteria
s__Bifidobacterium_anseris	p__Actinobacteria
s__Bifidobacterium_aquikefiri	p__Actinobacteria
s__Bifidobacterium_asteroides	p__Actinobacteria
s__Bifidobacterium_bifidum	p__Actinobacteria
s__Bifidobacterium_bohemicum	p__Actinobacteria
s__Bifidobacterium_breve	p__Actinobacteria
s__Bifidobacterium_catenulatum	p__Actinobacteria
s__Bifidobacterium_choerinum	p__Actinobacteria
s__Bifidobacterium_dentium	p__Actinobacteria
s__Bifidobacterium_gallicum	p__Actinobacteria
s__Bifidobacterium_gallinarum	p__Actinobacteria
s__Bifidobacterium_indicum	p__Actinobacteria
s__Bifidobacterium_kashiwanohense	p__Actinobacteria
s__Bifidobacterium_longum	p__Actinobacteria
s__Bifidobacterium_magnum	p__Actinobacteria
s__Bifidobacterium_merycicum	p__Actinobacteria
s__Bifidobacterium_minimum	p__Actinobacteria
s__Bifidobacterium_mongoliense	p__Actinobacteria
s__Bifidobacterium_moukalabense	p__Actinobacteria
s__Bifidobacterium_pseudocatenulatum	p__Actinobacteria
s__Bifidobacterium_pseudolongum	p__Actinobacteria
s__Bifidobacterium_psychraerophilum	p__Actinobacteria
s__Bifidobacterium_pullorum	p__Actinobacteria
s__Bifidobacterium_ruminantium	p__Actinobacteria
s__Bifidobacterium_saeculare	p__Actinobacteria
s__Bifidobacterium_scardovii	p__Actinobacteria
s__Bifidobacterium_stellenboschense	p__Actinobacteria
s__Bifidobacterium_thermacidophilum	p__Actinobacteria
s__Bifidobacterium_tsurumiense	p__Actinobacteria
s__Gardnerella_vaginalis	p__Actinobacteria
s__Parascardovia_denticolens	p__Actinobacteria
s__Scardovia_inopinata	p__Actinobacteria
s__Scardovia_wiggsiae	p__Actinobacteria
s__Corynebacterium_accolens	p__Actinobacteria
s__Corynebacterium_afermentans	p__Actinobacteria
s__Corynebacterium_ammoniagenes	p__Actinobacteria
s__Corynebacterium_amycolatum	p__Actinobacteria
s__Corynebacterium_appendicis	p__Actinobacteria
s__Corynebacterium_argentoratense	p__Actinobacteria
s__Corynebacterium_atypicum	p__Actinobacteria
s__Corynebacterium_aurimucosum	p__Actinobacteria
s__Corynebacterium_auriscanis	p__Actinobacteria
s__Corynebacterium_callunae	p__Actinobacteria
s__Corynebacterium_casei	p__Actinobacteria
s__Corynebacterium_coyleae	p__Actinobacteria
s__Corynebacterium_diphtheriae	p__Actinobacteria
s__Corynebacterium_doosanense	p__Actinobacteria
s__Corynebacterium_durum	p__Actinobacteria
s__Corynebacterium_efficiens	p__Actinobacteria
s__Corynebacterium_falsenii	p__Actinobacteria
s__Corynebacterium_flavescens	p__Actinobacteria
s__Corynebacterium_frankenforstense	p__Actinobacteria
s__Corynebacterium_freneyi	p__Actinobacteria
s__Corynebacterium_genitalium	p__Actinobacteria
s__Corynebacterium_glaucum	p__Actinobacteria
s__Corynebacterium_glucuronolyticum	p__Actinobacteria
s__Corynebacterium_glutamicum	p__Actinobacteria
s__Corynebacterium_glyciniphilum	p__Actinobacteria
s__Corynebacterium_hadale	p__Actinobacteria
s__Corynebacterium_imitans	p__Actinobacteria
s__Corynebacterium_jeikeium	p__Actinobacteria
s__Corynebacterium_kefirresidentii	p__Actinobacteria
s__Corynebacterium_kroppenstedtii	p__Actinobacteria
s__Corynebacterium_lipophiloflavum	p__Actinobacteria
s__Corynebacterium_lowii	p__Actinobacteria
s__Corynebacterium_mastitidis	p__Actinobacteria
s__Corynebacterium_matruchotii	p__Actinobacteria
s__Corynebacterium_minutissimum	p__Actinobacteria
s__Corynebacterium_mustelae	p__Actinobacteria
s__Corynebacterium_nuruki	p__Actinobacteria
s__Corynebacterium_oculi	p__Actinobacteria
s__Corynebacterium_otitidis	p__Actinobacteria
s__Corynebacterium_provencense	p__Actinobacteria
s__Corynebacterium_pseudodiphtheriticum	p__Actinobacteria
s__Corynebacterium_pseudogenitalium	p__Actinobacteria
s__Corynebacterium_pyruviciproducens	p__Actinobacteria
s__Corynebacterium_resistens	p__Actinobacteria
s__Corynebacterium_riegelii	p__Actinobacteria
s__Corynebacterium_simulans	p__Actinobacteria
s__Corynebacterium_singulare	p__Actinobacteria
s__Corynebacterium_sp_BCW_4722	p__Actinobacteria
s__Corynebacterium_sp_CNJ_954	p__Actinobacteria
s__Corynebacterium_sp_HMSC04H06	p__Actinobacteria
s__Corynebacterium_sp_HMSC058E07	p__Actinobacteria
s__Corynebacterium_sp_HMSC078H07	p__Actinobacteria
s__Corynebacterium_sp_HMSC08A12	p__Actinobacteria
s__Corynebacterium_sp_HMSC29G08	p__Actinobacteria
s__Corynebacterium_sp_NML130628	p__Actinobacteria
s__Corynebacterium_sp_NML140438	p__Actinobacteria
s__Corynebacterium_stationis	p__Actinobacteria
s__Corynebacterium_striatum	p__Actinobacteria
s__Corynebacterium_tuberculostearicum	p__Actinobacteria
s__Corynebacterium_tuscaniense	p__Actinobacteria
s__Corynebacterium_urealyticum	p__Actinobacteria
s__Corynebacterium_ureicelerivorans	p__Actinobacteria
s__Corynebacterium_variabile	p__Actinobacteria
s__Corynebacterium_vitaeruminis	p__Actinobacteria
s__Corynebacterium_xerosis	p__Actinobacteria
s__Lawsonella_clevelandensis	p__Actinobacteria
s__Dietzia_alimentaria	p__Actinobacteria
s__Dietzia_cinnamea	p__Actinobacteria
s__Dietzia_maris	p__Actinobacteria
s__Dietzia_natronolimnaea	p__Actinobacteria
s__Dietzia_psychralcaliphila	p__Actinobacteria
s__Dietzia_sp_JS16_p6b	p__Actinobacteria
s__Dietzia_timorensis	p__Actinobacteria
s__Gordonia_aichiensis	p__Actinobacteria
s__Gordonia_alkanivorans	p__Actinobacteria
s__Gordonia_amicalis	p__Actinobacteria
s__Gordonia_bronchialis	p__Actinobacteria
s__Gordonia_iterans	p__Actinobacteria
s__Gordonia_jacobaea	p__Actinobacteria
s__Gordonia_lacunae	p__Actinobacteria
s__Gordonia_otitidis	p__Actinobacteria
s__Gordonia_paraffinivorans	p__Actinobacteria
s__Gordonia_polyisoprenivorans	p__Actinobacteria
s__Gordonia_soli	p__Actinobacteria
s__Gordonia_sputi	p__Actinobacteria
s__Gordonia_terrae	p__Actinobacteria
s__Mycobacterium_avium	p__Actinobacteria
s__Mycobacterium_canettii	p__Actinobacteria
s__Mycobacterium_gordonae	p__Actinobacteria
s__Mycobacterium_grossiae	p__Actinobacteria
s__Mycobacterium_lepraemurium	p__Actinobacteria
s__Mycobacterium_sp_IS_1590	p__Actinobacteria
s__Mycobacterium_sp_Root265	p__Actinobacteria
s__Mycobacterium_syngnathidarum	p__Actinobacteria
s__Mycobacterium_timonense	p__Actinobacteria
s__Mycobacterium_tuberculosis	p__Actinobacteria
s__Mycobacteroides_abscessus	p__Actinobacteria
s__Mycobacteroides_chelonae	p__Actinobacteria
s__Mycobacteroides_immunogenum	p__Actinobacteria
s__Mycolicibacterium_bacteremicum	p__Actinobacteria
s__Mycolicibacterium_chlorophenolicum	p__Actinobacteria
s__Mycolicibacterium_chubuense	p__Actinobacteria
s__Mycolicibacterium_conceptionense	p__Actinobacteria
s__Mycolicibacterium_doricum	p__Actinobacteria
s__Mycolicibacterium_fortuitum	p__Actinobacteria
s__Mycolicibacterium_gilvum	p__Actinobacteria
s__Mycolicibacterium_iranicum	p__Actinobacteria
s__Mycolicibacterium_monacense	p__Actinobacteria
s__Mycolicibacterium_mucogenicum	p__Actinobacteria
s__Mycolicibacterium_novocastrense	p__Actinobacteria
s__Mycolicibacterium_obuense	p__Actinobacteria
s__Mycolicibacterium_peregrinum	p__Actinobacteria
s__Mycolicibacterium_rhodesiae	p__Actinobacteria
s__Mycolicibacterium_rufum	p__Actinobacteria
s__Mycolicibacterium_senegalense	p__Actinobacteria
s__Mycolicibacterium_tokaiense	p__Actinobacteria
s__Mycolicibacterium_tusciae	p__Actinobacteria
s__Mycolicibacter_arupensis	p__Actinobacteria
s__Mycolicibacter_heraklionensis	p__Actinobacteria
s__Nocardia_farcinica	p__Actinobacteria
s__Rhodococcus_erythropolis	p__Actinobacteria
s__Rhodococcus_fascians	p__Actinobacteria
s__Rhodococcus_gordoniae	p__Actinobacteria
s__Rhodococcus_hoagii	p__Actinobacteria
s__Rhodococcus_kroppenstedtii	p__Actinobacteria
s__Rhodococcus_pyridinivorans	p__Actinobacteria
s__Rhodococcus_qingshengii	p__Actinobacteria
s__Tsukamurella_pulmonis	p__Actinobacteria
s__Tsukamurella_tyrosinosolvens	p__Actinobacteria
s__Williamsia_marianensis	p__Actinobacteria
s__Williamsia_sp_1138	p__Actinobacteria
s__Williamsia_sp_Leaf354	p__Actinobacteria
s__Antricoccus_suffuscus	p__Actinobacteria
s__Blastococcus_aggregatus	p__Actinobacteria
s__Blastococcus_sp_DSM_44205	p__Actinobacteria
s__Blastococcus_sp_DSM_44268	p__Actinobacteria
s__Geodermatophilus_obscurus	p__Actinobacteria
s__Geodermatophilus_sp_DSM_45219	p__Actinobacteria
s__Modestobacter_marinus	p__Actinobacteria
s__Georgenia_satyanarayanai	p__Actinobacteria
s__Brevibacterium_aurantiacum	p__Actinobacteria
s__Brevibacterium_casei	p__Actinobacteria
s__Brevibacterium_iodinum	p__Actinobacteria
s__Brevibacterium_linens	p__Actinobacteria
s__Brevibacterium_luteolum	p__Actinobacteria
s__Brevibacterium_mcbrellneri	p__Actinobacteria
s__Brevibacterium_paucivorans	p__Actinobacteria
s__Brevibacterium_ravenspurgense	p__Actinobacteria
s__Brachybacterium_alimentarium	p__Actinobacteria
s__Brachybacterium_muris	p__Actinobacteria
s__Brachybacterium_nesterenkovii	p__Actinobacteria
s__Brachybacterium_sp_UMB0905	p__Actinobacteria
s__Dermabacter_hominis	p__Actinobacteria
s__Dermabacter_vaginalis	p__Actinobacteria
s__Calidifontibacter_indicus	p__Actinobacteria
s__Dermacoccus_nishinomiyaensis	p__Actinobacteria
s__Dermacoccus_sp_PE3	p__Actinobacteria
s__Kytococcus_aerolatus	p__Actinobacteria
s__Kytococcus_schroeteri	p__Actinobacteria
s__Kytococcus_sedentarius	p__Actinobacteria
s__Luteipulveratus_halotolerans	p__Actinobacteria
s__Janibacter_hoylei	p__Actinobacteria
s__Janibacter_indicus	p__Actinobacteria
s__Janibacter_melonis	p__Actinobacteria
s__Janibacter_sp_HTCC2649	p__Actinobacteria
s__Janibacter_sp_Soil728	p__Actinobacteria
s__Janibacter_terrae	p__Actinobacteria
s__Knoellia_aerolata	p__Actinobacteria
s__Knoellia_flava	p__Actinobacteria
s__Ornithinimicrobium_pekingense	p__Actinobacteria
s__Ornithinimicrobium_sp_AMA3305	p__Actinobacteria
s__Serinicoccus_sp_JLT9	p__Actinobacteria
s__Tetrasphaera_australiensis	p__Actinobacteria
s__Tetrasphaera_elongata	p__Actinobacteria
s__Tetrasphaera_remsis	p__Actinobacteria
s__Agreia_sp_VKM_Ac_1783	p__Actinobacteria
s__Agrococcus_jejuensis	p__Actinobacteria
s__Agrococcus_pavilionensis	p__Actinobacteria
s__Clavibacter_cf_michiganensis_LMG_26808	p__Actinobacteria
s__Clavibacter_michiganensis	p__Actinobacteria
s__Cryobacterium_arcticum	p__Actinobacteria
s__Curtobacterium_flaccumfaciens	p__Actinobacteria
s__Curtobacterium_sp_MCLR17_032	p__Actinobacteria
s__Curtobacterium_sp_MR_MD2014	p__Actinobacteria
s__Frigoribacterium_sp_Leaf164	p__Actinobacteria
s__Frigoribacterium_sp_Leaf186	p__Actinobacteria
s__Frigoribacterium_sp_Leaf8	p__Actinobacteria
s__Leifsonia_sp_Root112D2	p__Actinobacteria
s__Leucobacter_komagatae	p__Actinobacteria
s__Leucobacter_sp_7_1	p__Actinobacteria
s__Leucobacter_sp_UCD_THU	p__Actinobacteria
s__Microbacterium_aurum	p__Actinobacteria
s__Microbacterium_chocolatum	p__Actinobacteria
s__Microbacterium_laevaniformans	p__Actinobacteria
s__Microbacterium_oxydans	p__Actinobacteria
s__Microbacterium_paraoxydans	p__Actinobacteria
s__Microbacterium_pygmaeum	p__Actinobacteria
s__Microbacterium_sp_CSI_V	p__Actinobacteria
s__Microbacterium_sp_H83	p__Actinobacteria
s__Microbacterium_sp_MYb45	p__Actinobacteria
s__Microbacterium_sp_Root553	p__Actinobacteria
s__Microbacterium_sp_SZ1	p__Actinobacteria
s__Plantibacter_flavus	p__Actinobacteria
s__Arthrobacter_agilis	p__Actinobacteria
s__Arthrobacter_alpinus	p__Actinobacteria
s__Arthrobacter_pityocampae	p__Actinobacteria
s__Arthrobacter_sp_7749	p__Actinobacteria
s__Arthrobacter_sp_EPSL27	p__Actinobacteria
s__Arthrobacter_sp_Leaf234	p__Actinobacteria
s__Citricoccus_muralis	p__Actinobacteria
s__Glutamicibacter_mysorens	p__Actinobacteria
s__Glutamicibacter_soli	p__Actinobacteria
s__Glutamicibacter_sp	p__Actinobacteria
s__Kocuria_indica	p__Actinobacteria
s__Kocuria_kristinae	p__Actinobacteria
s__Kocuria_marina	p__Actinobacteria
s__Kocuria_palustris	p__Actinobacteria
s__Kocuria_polaris	p__Actinobacteria
s__Kocuria_rhizophila	p__Actinobacteria
s__Kocuria_rosea	p__Actinobacteria
s__Kocuria_varians	p__Actinobacteria
s__Micrococcus_aloeverae	p__Actinobacteria
s__Micrococcus_luteus	p__Actinobacteria
s__Micrococcus_lylae	p__Actinobacteria
s__Micrococcus_terreus	p__Actinobacteria
s__Nesterenkonia_jeotgali	p__Actinobacteria
s__Nesterenkonia_sandarakina	p__Actinobacteria
s__Pseudarthrobacter_phenanthrenivorans	p__Actinobacteria
s__Pseudoglutamicibacter_albus	p__Actinobacteria
s__Pseudoglutamicibacter_cumminsii	p__Actinobacteria
s__Rothia_aeria	p__Actinobacteria
s__Rothia_dentocariosa	p__Actinobacteria
s__Rothia_mucilaginosa	p__Actinobacteria
s__Rothia_sp	p__Actinobacteria
s__Tersicoccus_sp_Bi_70	p__Actinobacteria
s__Tropheryma_whipplei	p__Actinobacteria
s__Cellulosimicrobium_aquatile	p__Actinobacteria
s__Cellulosimicrobium_cellulans	p__Actinobacteria
s__Sanguibacter_sp_Leaf3	p__Actinobacteria
s__Nakamurella_silvestris	p__Actinobacteria
s__Friedmanniella_sagamiharensis	p__Actinobacteria
s__Marmoricola_scoriae	p__Actinobacteria
s__Marmoricola_sp_Leaf446	p__Actinobacteria
s__Micropruina_glycogenica	p__Actinobacteria
s__Nocardioides_alpinus	p__Actinobacteria
s__Nocardioides_currus	p__Actinobacteria
s__Nocardioides_exalbidus	p__Actinobacteria
s__Nocardioides_lianchengensis	p__Actinobacteria
s__Nocardioides_szechwanensis	p__Actinobacteria
s__Acidipropionibacterium_acidipropionici	p__Actinobacteria
s__Cutibacterium_acnes	p__Actinobacteria
s__Cutibacterium_avidum	p__Actinobacteria
s__Cutibacterium_granulosum	p__Actinobacteria
s__Propionibacterium_humerusii	p__Actinobacteria
s__Propionibacterium_namnetense	p__Actinobacteria
s__Microlunatus_phosphovorus	p__Actinobacteria
s__Microlunatus_soli	p__Actinobacteria
s__Propionibacteriaceae_bacterium_NML_130396	p__Actinobacteria
s__Propionibacterium_acidifaciens	p__Actinobacteria
s__Propionibacterium_freudenreichii	p__Actinobacteria
s__Propionibacterium_sp_oral_taxon_192	p__Actinobacteria
s__Propionimicrobium_lymphophilum	p__Actinobacteria
s__Pseudopropionibacterium_propionicum	p__Actinobacteria
s__Tessaracoccus_flavescens	p__Actinobacteria
s__Actinomycetospora_cinnamomea	p__Actinobacteria
s__Amycolatopsis_niigatensis	p__Actinobacteria
s__Prauserella_sp_Am3	p__Actinobacteria
s__Pseudonocardia_alni	p__Actinobacteria
s__Pseudonocardia_ammonioxydans	p__Actinobacteria
s__Pseudonocardia_autotrophica	p__Actinobacteria
s__Saccharopolyspora_flava	p__Actinobacteria
s__Streptomyces_albus	p__Actinobacteria
s__Streptomyces_griseorubiginosus	p__Actinobacteria
s__Streptomyces_purpurogeneiscleroticus	p__Actinobacteria
s__Streptomyces_sp_PT12	p__Actinobacteria
s__Nocardiopsis_alba	p__Actinobacteria
s__Nocardiopsis_dassonvillei	p__Actinobacteria
s__Nocardiopsis_sp_L17_MgMaSL7	p__Actinobacteria
s__Atopobium_deltae	p__Actinobacteria
s__Atopobium_minutum	p__Actinobacteria
s__Atopobium_parvulum	p__Actinobacteria
s__Atopobium_rimae	p__Actinobacteria
s__Atopobium_vaginae	p__Actinobacteria
s__Olsenella_scatoligenes	p__Actinobacteria
s__Olsenella_uli	p__Actinobacteria
s__Collinsella_aerofaciens	p__Actinobacteria
s__Collinsella_intestinalis	p__Actinobacteria
s__Collinsella_massiliensis	p__Actinobacteria
s__Enorma_massiliensis	p__Actinobacteria
s__Adlercreutzia_equolifaciens	p__Actinobacteria
s__Asaccharobacter_celatus	p__Actinobacteria
s__Denitrobacterium_detoxificans	p__Actinobacteria
s__Eggerthella_lenta	p__Actinobacteria
s__Enterorhabdus_caecimuris	p__Actinobacteria
s__Gordonibacter_pamelaeae	p__Actinobacteria
s__Slackia_exigua	p__Actinobacteria
s__Slackia_isoflavoniconvertens	p__Actinobacteria
s__Rubrobacter_radiotolerans	p__Actinobacteria
s__Patulibacter_medicamentivorans	p__Actinobacteria
s__Thermoleophilum_album	p__Actinobacteria
s__Bacteroidetes_bacterium_oral_taxon_272	p__Bacteroidetes
s__Bacteroidetes_oral_taxon_274	p__Bacteroidetes
s__Bacteroides_caccae	p__Bacteroidetes
s__Bacteroides_caecimuris	p__Bacteroidetes
s__Bacteroides_cellulosilyticus	p__Bacteroidetes
s__Bacteroides_clarus	p__Bacteroidetes
s__Bacteroides_coprocola	p__Bacteroidetes
s__Bacteroides_coprophilus	p__Bacteroidetes
s__Bacteroides_dorei	p__Bacteroidetes
s__Bacteroides_eggerthii	p__Bacteroidetes
s__Bacteroides_faecichinchillae	p__Bacteroidetes
s__Bacteroides_faecis	p__Bacteroidetes
s__Bacteroides_faecis_CAG_32	p__Bacteroidetes
s__Bacteroides_finegoldii	p__Bacteroidetes
s__Bacteroides_fluxus	p__Bacteroidetes
s__Bacteroides_fragilis	p__Bacteroidetes
s__Bacteroides_galacturonicus	p__Bacteroidetes
s__Bacteroides_graminisolvens	p__Bacteroidetes
s__Bacteroides_heparinolyticus	p__Bacteroidetes
s__Bacteroides_intestinalis	p__Bacteroidetes
s__Bacteroides_massiliensis	p__Bacteroidetes
s__Bacteroides_nordii	p__Bacteroidetes
s__Bacteroides_oleiciplenus	p__Bacteroidetes
s__Bacteroides_ovatus	p__Bacteroidetes
s__Bacteroides_plebeius	p__Bacteroidetes
s__Bacteroides_pyogenes	p__Bacteroidetes
s__Bacteroides_reticulotermitis	p__Bacteroidetes
s__Bacteroides_salanitronis	p__Bacteroidetes
s__Bacteroides_salyersiae	p__Bacteroidetes
s__Bacteroides_sartorii	p__Bacteroidetes
s__Bacteroides_sp_43_108	p__Bacteroidetes
s__Bacteroides_sp_An322	p__Bacteroidetes
s__Bacteroides_sp_CAG_144	p__Bacteroidetes
s__Bacteroides_sp_CAG_443	p__Bacteroidetes
s__Bacteroides_sp_CAG_462	p__Bacteroidetes
s__Bacteroides_sp_CAG_530	p__Bacteroidetes
s__Bacteroides_sp_CAG_598	p__Bacteroidetes
s__Bacteroides_sp_CAG_633	p__Bacteroidetes
s__Bacteroides_sp_CAG_661	p__Bacteroidetes
s__Bacteroides_sp_CAG_927	p__Bacteroidetes
s__Bacteroides_sp_D2	p__Bacteroidetes
s__Bacteroides_sp_OM05_12	p__Bacteroidetes
s__Bacteroides_sp_OM08_11	p__Bacteroidetes
s__Bacteroides_stercorirosoris	p__Bacteroidetes
s__Bacteroides_stercoris	p__Bacteroidetes
s__Bacteroides_thetaiotaomicron	p__Bacteroidetes
s__Bacteroides_uniformis	p__Bacteroidetes
s__Bacteroides_vulgatus	p__Bacteroidetes
s__Bacteroides_xylanisolvens	p__Bacteroidetes
s__Bacteroides_xylanolyticus	p__Bacteroidetes
s__Bacteroides_zoogleoformans	p__Bacteroidetes
s__Mediterranea_sp_An20	p__Bacteroidetes
s__Bacteroidales_bacterium_KA00251	p__Bacteroidetes
s__Bacteroidales_bacterium_KA00344	p__Bacteroidetes
s__Barnesiella_intestinihominis	p__Bacteroidetes
s__Barnesiella_sp_An22	p__Bacteroidetes
s__Barnesiella_sp_An55	p__Bacteroidetes
s__Barnesiella_viscericola	p__Bacteroidetes
s__Coprobacter_fastidiosus	p__Bacteroidetes
s__Coprobacter_secundus	p__Bacteroidetes
s__Coprobacter_sp	p__Bacteroidetes
s__Dysgonomonas_gadei	p__Bacteroidetes
s__Dysgonomonas_mossii	p__Bacteroidetes
s__Dysgonomonas_sp_37_18	p__Bacteroidetes
s__Muribaculaceae_bacterium_DSM_103720	p__Bacteroidetes
s__Muribaculum_intestinale	p__Bacteroidetes
s__Butyricimonas_synergistica	p__Bacteroidetes
s__Butyricimonas_virosa	p__Bacteroidetes
s__Odoribacter_laneus	p__Bacteroidetes
s__Odoribacter_splanchnicus	p__Bacteroidetes
s__Porphyromonadaceae_bacterium_COT_184_OH4590	p__Bacteroidetes
s__Porphyromonas_asaccharolytica	p__Bacteroidetes
s__Porphyromonas_cangingivalis	p__Bacteroidetes
s__Porphyromonas_canoris	p__Bacteroidetes
s__Porphyromonas_catoniae	p__Bacteroidetes
s__Porphyromonas_circumdentaria	p__Bacteroidetes
s__Porphyromonas_crevioricanis	p__Bacteroidetes
s__Porphyromonas_endodontalis	p__Bacteroidetes
s__Porphyromonas_gingivalis	p__Bacteroidetes
s__Porphyromonas_gingivicanis	p__Bacteroidetes
s__Porphyromonas_gulae	p__Bacteroidetes
s__Porphyromonas_macacae	p__Bacteroidetes
s__Porphyromonas_somerae	p__Bacteroidetes
s__Porphyromonas_sp_COT_239_OH1446	p__Bacteroidetes
s__Porphyromonas_sp_HMSC065F10	p__Bacteroidetes
s__Porphyromonas_sp_oral_taxon_278	p__Bacteroidetes
s__Porphyromonas_uenonis	p__Bacteroidetes
s__Sanguibacteroides_justesenii	p__Bacteroidetes
s__Alloprevotella_rava	p__Bacteroidetes
s__Alloprevotella_tannerae	p__Bacteroidetes
s__Prevotella_sp_oral_taxon_473	p__Bacteroidetes
s__Paraprevotella_clara	p__Bacteroidetes
s__Paraprevotella_xylaniphila	p__Bacteroidetes
s__Prevotella_amnii	p__Bacteroidetes
s__Prevotella_baroniae	p__Bacteroidetes
s__Prevotella_bergensis	p__Bacteroidetes
s__Prevotella_bivia	p__Bacteroidetes
s__Prevotella_buccae	p__Bacteroidetes
s__Prevotella_buccalis	p__Bacteroidetes
s__Prevotella_colorans	p__Bacteroidetes
s__Prevotella_copri	p__Bacteroidetes
s__Prevotella_corporis	p__Bacteroidetes
s__Prevotella_dentalis	p__Bacteroidetes
s__Prevotella_denticola	p__Bacteroidetes
s__Prevotella_disiens	p__Bacteroidetes
s__Prevotella_enoeca	p__Bacteroidetes
s__Prevotella_fusca	p__Bacteroidetes
s__Prevotella_histicola	p__Bacteroidetes
s__Prevotella_intermedia	p__Bacteroidetes
s__Prevotella_jejuni	p__Bacteroidetes
s__Prevotella_loescheii	p__Bacteroidetes
s__Prevotella_maculosa	p__Bacteroidetes
s__Prevotella_marshii	p__Bacteroidetes
s__Prevotella_melaninogenica	p__Bacteroidetes
s__Prevotella_micans	p__Bacteroidetes
s__Prevotella_multiformis	p__Bacteroidetes
s__Prevotella_multisaccharivorax	p__Bacteroidetes
s__Prevotella_nigrescens	p__Bacteroidetes
s__Prevotella_oralis	p__Bacteroidetes
s__Prevotella_oris	p__Bacteroidetes
s__Prevotella_oulorum	p__Bacteroidetes
s__Prevotella_pallens	p__Bacteroidetes
s__Prevotella_pleuritidis	p__Bacteroidetes
s__Prevotella_saccharolytica	p__Bacteroidetes
s__Prevotella_salivae	p__Bacteroidetes
s__Prevotella_scopos	p__Bacteroidetes
s__Prevotella_shahii	p__Bacteroidetes
s__Prevotella_sp_885	p__Bacteroidetes
s__Prevotella_sp_AM42_24	p__Bacteroidetes
s__Prevotella_sp_CAG_1031	p__Bacteroidetes
s__Prevotella_sp_CAG_1058	p__Bacteroidetes
s__Prevotella_sp_CAG_1092	p__Bacteroidetes
s__Prevotella_sp_CAG_1124	p__Bacteroidetes
s__Prevotella_sp_CAG_1185	p__Bacteroidetes
s__Prevotella_sp_CAG_1320	p__Bacteroidetes
s__Prevotella_sp_CAG_279	p__Bacteroidetes
s__Prevotella_sp_CAG_485	p__Bacteroidetes
s__Prevotella_sp_CAG_520	p__Bacteroidetes
s__Prevotella_sp_CAG_5226	p__Bacteroidetes
s__Prevotella_sp_CAG_617	p__Bacteroidetes
s__Prevotella_sp_CAG_755	p__Bacteroidetes
s__Prevotella_sp_CAG_873	p__Bacteroidetes
s__Prevotella_sp_CAG_891	p__Bacteroidetes
s__Prevotella_sp_CAG_924	p__Bacteroidetes
s__Prevotella_sp_F0091	p__Bacteroidetes
s__Prevotella_sp_MGM2	p__Bacteroidetes
s__Prevotella_sp_oral_taxon_299	p__Bacteroidetes
s__Prevotella_sp_oral_taxon_306	p__Bacteroidetes
s__Prevotella_sp_oral_taxon_376	p__Bacteroidetes
s__Prevotella_sp_oral_taxon_820	p__Bacteroidetes
s__Prevotella_sp_P3_122	p__Bacteroidetes
s__Prevotella_sp_S7_1_8	p__Bacteroidetes
s__Prevotella_stercorea	p__Bacteroidetes
s__Prevotella_timonensis	p__Bacteroidetes
s__Prevotella_veroralis	p__Bacteroidetes
s__Alistipes_finegoldii	p__Bacteroidetes
s__Alistipes_indistinctus	p__Bacteroidetes
s__Alistipes_inops	p__Bacteroidetes
s__Alistipes_onderdonkii	p__Bacteroidetes
s__Alistipes_putredinis	p__Bacteroidetes
s__Alistipes_shahii	p__Bacteroidetes
s__Alistipes_sp_An31A	p__Bacteroidetes
s__Alistipes_sp_An66	p__Bacteroidetes
s__Alistipes_sp_CAG_831	p__Bacteroidetes
s__Alistipes_sp_CHKCI003	p__Bacteroidetes
s__Alistipes_timonensis	p__Bacteroidetes
s__Rikenella_microfusus	p__Bacteroidetes
s__Parabacteroides_chartae	p__Bacteroidetes
s__Parabacteroides_chinchillae	p__Bacteroidetes
s__Parabacteroides_distasonis	p__Bacteroidetes
s__Parabacteroides_goldsteinii	p__Bacteroidetes
s__Parabacteroides_gordonii	p__Bacteroidetes
s__Parabacteroides_johnsonii	p__Bacteroidetes
s__Parabacteroides_merdae	p__Bacteroidetes
s__Parabacteroides_sp_426_9	p__Bacteroidetes
s__Parabacteroides_sp_CAG_409	p__Bacteroidetes
s__Tannerella_forsythia	p__Bacteroidetes
s__Tannerella_sp_oral_taxon_808	p__Bacteroidetes
s__Tannerella_sp_oral_taxon_HOT_286	p__Bacteroidetes
s__Chitinophagaceae_bacterium_IBVUCB2	p__Bacteroidetes
s__Sediminibacterium_sp_FEMGT703S	p__Bacteroidetes
s__Blattabacterium_punctulatus	p__Bacteroidetes
s__Bergeyella_zoohelcum	p__Bacteroidetes
s__Capnocytophaga_canimorsus	p__Bacteroidetes
s__Capnocytophaga_canis	p__Bacteroidetes
s__Capnocytophaga_cynodegmi	p__Bacteroidetes
s__Capnocytophaga_gingivalis	p__Bacteroidetes
s__Capnocytophaga_granulosa	p__Bacteroidetes
s__Capnocytophaga_haemolytica	p__Bacteroidetes
s__Capnocytophaga_leadbetteri	p__Bacteroidetes
s__Capnocytophaga_ochracea	p__Bacteroidetes
s__Capnocytophaga_sp_oral_taxon_332	p__Bacteroidetes
s__Capnocytophaga_sp_oral_taxon_338	p__Bacteroidetes
s__Capnocytophaga_sp_oral_taxon_863	p__Bacteroidetes
s__Capnocytophaga_sp_oral_taxon_878	p__Bacteroidetes
s__Capnocytophaga_sputigena	p__Bacteroidetes
s__Chryseobacterium_arthrosphaerae	p__Bacteroidetes
s__Chryseobacterium_bovis	p__Bacteroidetes
s__Chryseobacterium_chaponense	p__Bacteroidetes
s__Chryseobacterium_gambrini	p__Bacteroidetes
s__Chryseobacterium_hispanicum	p__Bacteroidetes
s__Chryseobacterium_hominis	p__Bacteroidetes
s__Chryseobacterium_indologenes	p__Bacteroidetes
s__Chryseobacterium_indoltheticum	p__Bacteroidetes
s__Chryseobacterium_joostei	p__Bacteroidetes
s__Chryseobacterium_mucoviscidosis	p__Bacteroidetes
s__Chryseobacterium_scophthalmum	p__Bacteroidetes
s__Chryseobacterium_sp_39_10	p__Bacteroidetes
s__Chryseobacterium_sp_AG844	p__Bacteroidetes
s__Chryseobacterium_sp_VAUSW3	p__Bacteroidetes
s__Chryseobacterium_sp_YLOS41	p__Bacteroidetes
s__Chryseobacterium_takakiae	p__Bacteroidetes
s__Chryseobacterium_taklimakanense	p__Bacteroidetes
s__Chryseobacterium_vrystaatense	p__Bacteroidetes
s__Cloacibacterium_normanense	p__Bacteroidetes
s__Cruoricaptor_ignavus	p__Bacteroidetes
s__Elizabethkingia_anophelis	p__Bacteroidetes
s__Elizabethkingia_meningoseptica	p__Bacteroidetes
s__Elizabethkingia_miricola	p__Bacteroidetes
s__Empedobacter_falsenii	p__Bacteroidetes
s__Flavobacteriaceae_bacterium_JJC	p__Bacteroidetes
s__Flavobacterium_aquidurense	p__Bacteroidetes
s__Flavobacterium_lindanitolerans	p__Bacteroidetes
s__Flavobacterium_sp_FEMGT703F	p__Bacteroidetes
s__Flavobacterium_ummariense	p__Bacteroidetes
s__Weeksella_virosa	p__Bacteroidetes
s__Pedobacter_himalayensis	p__Bacteroidetes
s__Pedobacter_nutrimenti	p__Bacteroidetes
s__Pedobacter_sp_AJM	p__Bacteroidetes
s__Pedobacter_sp_Leaf41	p__Bacteroidetes
s__Sphingobacterium_cellulitidis	p__Bacteroidetes
s__Sphingobacterium_faecium	p__Bacteroidetes
s__Sphingobacterium_lactis	p__Bacteroidetes
s__Sphingobacterium_mizutaii	p__Bacteroidetes
s__Sphingobacterium_multivorum	p__Bacteroidetes
s__Sphingobacterium_spiritivorum	p__Bacteroidetes
s__Candidatus_Gastranaerophilales_bacterium	p__Candidatus_Melainabacteria
s__Candidatus_Gastranaerophilales_bacterium_HUM_9	p__Candidatus_Melainabacteria
s__Chlamydia_ibidis	p__Chlamydiae
s__Anaerolineaceae_bacterium_oral_taxon_439	p__Chloroflexi
s__Kouleothrix_aurantiaca	p__Chloroflexi
s__Roseiflexus_sp_RS_1	p__Chloroflexi
s__Coprothermobacter_proteolyticus	p__Coprothermobacterota
s__Chlorogloea_sp_CCALA_695	p__Cyanobacteria
s__Chroococcidiopsis_thermalis	p__Cyanobacteria
s__Tolypothrix_campylonemoides	p__Cyanobacteria
s__Crinalium_epipsammum	p__Cyanobacteria
s__Arthrospira_platensis	p__Cyanobacteria
s__Microcoleus_sp_PCC_7113	p__Cyanobacteria
s__Microcoleus_vaginatus	p__Cyanobacteria
s__Tychonema_bourrellyi	p__Cyanobacteria
s__Oscillatoria_acuminata	p__Cyanobacteria
s__Oscillatoria_nigro_viridis	p__Cyanobacteria
s__Synechococcus_sp_JA_2_3B_a_2_13	p__Cyanobacteria
s__Mucispirillum_schaedleri	p__Deferribacteres
s__Deinococcus_actinosclerus	p__Deinococcus_Thermus
s__Deinococcus_geothermalis	p__Deinococcus_Thermus
s__Deinococcus_grandis	p__Deinococcus_Thermus
s__Deinococcus_radiodurans	p__Deinococcus_Thermus
s__Deinococcus_reticulitermitis	p__Deinococcus_Thermus
s__Deinococcus_soli_Cha_et_al_2016	p__Deinococcus_Thermus
s__Deinococcus_swuensis	p__Deinococcus_Thermus
s__Deinococcus_wulumuqiensis	p__Deinococcus_Thermus
s__Meiothermus_silvanus	p__Deinococcus_Thermus
s__Thermus_parvatiensis	p__Deinococcus_Thermus
s__Thermus_scotoductus	p__Deinococcus_Thermus
s__Thermus_thermophilus	p__Deinococcus_Thermus
s__Elusimicrobium_sp_An273	p__Elusimicrobia
s__Anaerobacillus_macyae	p__Firmicutes
s__Anoxybacillus_flavithermus	p__Firmicutes
s__Anoxybacillus_pushchinoensis	p__Firmicutes
s__Bacillaceae_bacterium_EAG3	p__Firmicutes
s__Bacillus_aerius	p__Firmicutes
s__Bacillus_altitudinis	p__Firmicutes
s__Bacillus_aryabhattai	p__Firmicutes
s__Bacillus_butanolivorans	p__Firmicutes
s__Bacillus_cereus_group	p__Firmicutes
s__Bacillus_clausii	p__Firmicutes
s__Bacillus_coagulans	p__Firmicutes
s__Bacillus_gobiensis	p__Firmicutes
s__Bacillus_halodurans	p__Firmicutes
s__Bacillus_haynesii	p__Firmicutes
s__Bacillus_hisashii	p__Firmicutes
s__Bacillus_horneckiae	p__Firmicutes
s__Bacillus_intestinalis	p__Firmicutes
s__Bacillus_kochii	p__Firmicutes
s__Bacillus_marisflavi	p__Firmicutes
s__Bacillus_megaterium	p__Firmicutes
s__Bacillus_murimartini	p__Firmicutes
s__Bacillus_oceanisediminis	p__Firmicutes
s__Bacillus_pseudalcaliphilus	p__Firmicutes
s__Bacillus_pumilus	p__Firmicutes
s__Bacillus_safensis	p__Firmicutes
s__Bacillus_shackletonii	p__Firmicutes
s__Bacillus_simplex	p__Firmicutes
s__Bacillus_sp_7504_2	p__Firmicutes
s__Bacillus_sp_AFS040349	p__Firmicutes
s__Bacillus_sp_FJAT_18017	p__Firmicutes
s__Bacillus_sp_FJAT_27916	p__Firmicutes
s__Bacillus_stratosphericus	p__Firmicutes
s__Bacillus_thermoamylovorans	p__Firmicutes
s__Geobacillus_stearothermophilus	p__Firmicutes
s__Hydrogenibacillus_schlegelii	p__Firmicutes
s__Lysinibacillus_boronitolerans	p__Firmicutes
s__Lysinibacillus_fusiformis	p__Firmicutes
s__Lysinibacillus_sp_B2A1	p__Firmicutes
s__Lysinibacillus_sphaericus	p__Firmicutes
s__Psychrobacillus_psychrotolerans	p__Firmicutes
s__Virgibacillus_pantothenticus	p__Firmicutes
s__Exiguobacterium_acetylicum	p__Firmicutes
s__Exiguobacterium_indicum	p__Firmicutes
s__Exiguobacterium_sp_AT1b	p__Firmicutes
s__Gemella_asaccharolytica	p__Firmicutes
s__Gemella_haemolysans	p__Firmicutes
s__Gemella_morbillorum	p__Firmicutes
s__Gemella_sanguinis	p__Firmicutes
s__Brochothrix_thermosphacta	p__Firmicutes
s__Listeria_monocytogenes	p__Firmicutes
s__Aneurinibacillus_migulanus	p__Firmicutes
s__Brevibacillus_brevis	p__Firmicutes
s__Brevibacillus_choshinensis	p__Firmicutes
s__Brevibacillus_formosus	p__Firmicutes
s__Brevibacillus_parabrevis	p__Firmicutes
s__Brevibacillus_reuszeri	p__Firmicutes
s__Paenibacillus_amylolyticus	p__Firmicutes
s__Paenibacillus_glucanolyticus	p__Firmicutes
s__Paenibacillus_lactis	p__Firmicutes
s__Paenibacillus_lautus	p__Firmicutes
s__Paenibacillus_macerans	p__Firmicutes
s__Paenibacillus_odorifer	p__Firmicutes
s__Paenibacillus_pasadenensis	p__Firmicutes
s__Paenibacillus_polysaccharolyticus	p__Firmicutes
s__Paenibacillus_solani	p__Firmicutes
s__Paenibacillus_sp_7884_2	p__Firmicutes
s__Paenibacillus_thiaminolyticus	p__Firmicutes
s__Kurthia_sp_11kri321	p__Firmicutes
s__Planomicrobium_sp_MB_3u_38	p__Firmicutes
s__Solibacillus_silvestris	p__Firmicutes
s__Sporosarcina_globispora	p__Firmicutes
s__Sporosarcina_newyorkensis	p__Firmicutes
s__Sporosarcina_sp_HYO08	p__Firmicutes
s__Jeotgalicoccus_halophilus	p__Firmicutes
s__Jeotgalicoccus_halotolerans	p__Firmicutes
s__Macrococcus_caseolyticus	p__Firmicutes
s__Salinicoccus_qingdaonensis	p__Firmicutes
s__Salinicoccus_roseus	p__Firmicutes
s__Staphylococcus_argenteus	p__Firmicutes
s__Staphylococcus_arlettae	p__Firmicutes
s__Staphylococcus_aureus	p__Firmicutes
s__Staphylococcus_auricularis	p__Firmicutes
s__Staphylococcus_capitis	p__Firmicutes
s__Staphylococcus_caprae	p__Firmicutes
s__Staphylococcus_carnosus	p__Firmicutes
s__Staphylococcus_cohnii	p__Firmicutes
s__Staphylococcus_condimenti	p__Firmicutes
s__Staphylococcus_devriesei	p__Firmicutes
s__Staphylococcus_epidermidis	p__Firmicutes
s__Staphylococcus_equorum	p__Firmicutes
s__Staphylococcus_gallinarum	p__Firmicutes
s__Staphylococcus_haemolyticus	p__Firmicutes
s__Staphylococcus_hominis	p__Firmicutes
s__Staphylococcus_kloosii	p__Firmicutes
s__Staphylococcus_lugdunensis	p__Firmicutes
s__Staphylococcus_nepalensis	p__Firmicutes
s__Staphylococcus_pasteuri	p__Firmicutes
s__Staphylococcus_petrasii	p__Firmicutes
s__Staphylococcus_pettenkoferi	p__Firmicutes
s__Staphylococcus_piscifermentans	p__Firmicutes
s__Staphylococcus_pseudintermedius	p__Firmicutes
s__Staphylococcus_saprophyticus	p__Firmicutes
s__Staphylococcus_schleiferi	p__Firmicutes
s__Staphylococcus_schweitzeri	p__Firmicutes
s__Staphylococcus_sciuri	p__Firmicutes
s__Staphylococcus_simulans	p__Firmicutes
s__Staphylococcus_sp_NAM3COL9	p__Firmicutes
s__Staphylococcus_succinus	p__Firmicutes
s__Staphylococcus_vitulinus	p__Firmicutes
s__Staphylococcus_warneri	p__Firmicutes
s__Staphylococcus_xylosus	p__Firmicutes
s__Planifilum_fulgidum	p__Firmicutes
s__Abiotrophia_defectiva	p__Firmicutes
s__Abiotrophia_sp_HMSC24B09	p__Firmicutes
s__Aerococcaceae_bacterium	p__Firmicutes
s__Aerococcus_christensenii	p__Firmicutes
s__Aerococcus_sanguinicola	p__Firmicutes
s__Aerococcus_urinae	p__Firmicutes
s__Aerococcus_urinaeequi	p__Firmicutes
s__Aerococcus_viridans	p__Firmicutes
s__Dolosicoccus_paucivorans	p__Firmicutes
s__Eremococcus_coleocola	p__Firmicutes
s__Facklamia_hominis	p__Firmicutes
s__Facklamia_ignava	p__Firmicutes
s__Facklamia_languida	p__Firmicutes
s__Globicatella_sanguinis	p__Firmicutes
s__Globicatella_sulfidifaciens	p__Firmicutes
s__Ignavigranum_ruoffiae	p__Firmicutes
s__Agitococcus_lubricus	p__Firmicutes
s__Alkalibacterium_olivapovliticus	p__Firmicutes
s__Alkalibacterium_thalassium	p__Firmicutes
s__Alloiococcus_otitis	p__Firmicutes
s__Carnobacterium_divergens	p__Firmicutes
s__Carnobacterium_inhibens	p__Firmicutes
s__Carnobacterium_maltaromaticum	p__Firmicutes
s__Desemzia_incerta	p__Firmicutes
s__Dolosigranulum_pigrum	p__Firmicutes
s__Granulicatella_adiacens	p__Firmicutes
s__Bavariicoccus_seileri	p__Firmicutes
s__Catellicoccus_marimammalium	p__Firmicutes
s__Enterococcus_asini	p__Firmicutes
s__Enterococcus_avium	p__Firmicutes
s__Enterococcus_canintestini	p__Firmicutes
s__Enterococcus_canis	p__Firmicutes
s__Enterococcus_casseliflavus	p__Firmicutes
s__Enterococcus_cecorum	p__Firmicutes
s__Enterococcus_columbae	p__Firmicutes
s__Enterococcus_devriesei	p__Firmicutes
s__Enterococcus_dispar	p__Firmicutes
s__Enterococcus_durans	p__Firmicutes
s__Enterococcus_faecalis	p__Firmicutes
s__Enterococcus_faecium	p__Firmicutes
s__Enterococcus_gallinarum	p__Firmicutes
s__Enterococcus_gilvus	p__Firmicutes
s__Enterococcus_hirae	p__Firmicutes
s__Enterococcus_italicus	p__Firmicutes
s__Enterococcus_malodoratus	p__Firmicutes
s__Enterococcus_mundtii	p__Firmicutes
s__Enterococcus_phoeniculicola	p__Firmicutes
s__Enterococcus_pseudoavium	p__Firmicutes
s__Enterococcus_raffinosus	p__Firmicutes
s__Enterococcus_saccharolyticus	p__Firmicutes
s__Enterococcus_sp_3H8_DIV0648	p__Firmicutes
s__Enterococcus_sp_9D6_DIV0238	p__Firmicutes
s__Enterococcus_sp_RIT_PI_f	p__Firmicutes
s__Enterococcus_sulfureus	p__Firmicutes
s__Enterococcus_thailandicus	p__Firmicutes
s__Melissococcus_sp_OM08_11BH	p__Firmicutes
s__Tetragenococcus_halophilus	p__Firmicutes
s__Vagococcus_lutrae	p__Firmicutes
s__Vagococcus_martis	p__Firmicutes
s__Vagococcus_teuberi	p__Firmicutes
s__Lactobacillus_acetotolerans	p__Firmicutes
s__Lactobacillus_acidipiscis	p__Firmicutes
s__Lactobacillus_acidophilus	p__Firmicutes
s__Lactobacillus_agilis	p__Firmicutes
s__Lactobacillus_algidus	p__Firmicutes
s__Lactobacillus_alimentarius	p__Firmicutes
s__Lactobacillus_amylovorus	p__Firmicutes
s__Lactobacillus_animalis	p__Firmicutes
s__Lactobacillus_antri	p__Firmicutes
s__Lactobacillus_apis	p__Firmicutes
s__Lactobacillus_brevis	p__Firmicutes
s__Lactobacillus_buchneri	p__Firmicutes
s__Lactobacillus_coleohominis	p__Firmicutes
s__Lactobacillus_coryniformis	p__Firmicutes
s__Lactobacillus_crispatus	p__Firmicutes
s__Lactobacillus_crustorum	p__Firmicutes
s__Lactobacillus_curvatus	p__Firmicutes
s__Lactobacillus_delbrueckii	p__Firmicutes
s__Lactobacillus_dextrinicus	p__Firmicutes
s__Lactobacillus_diolivorans	p__Firmicutes
s__Lactobacillus_equicursoris	p__Firmicutes
s__Lactobacillus_farciminis	p__Firmicutes
s__Lactobacillus_farraginis	p__Firmicutes
s__Lactobacillus_fermentum	p__Firmicutes
s__Lactobacillus_frumenti	p__Firmicutes
s__Lactobacillus_fuchuensis	p__Firmicutes
s__Lactobacillus_futsaii	p__Firmicutes
s__Lactobacillus_gallinarum	p__Firmicutes
s__Lactobacillus_gasseri	p__Firmicutes
s__Lactobacillus_gastricus	p__Firmicutes
s__Lactobacillus_gigeriorum	p__Firmicutes
s__Lactobacillus_harbinensis	p__Firmicutes
s__Lactobacillus_helsingborgensis	p__Firmicutes
s__Lactobacillus_helveticus	p__Firmicutes
s__Lactobacillus_hilgardii	p__Firmicutes
s__Lactobacillus_homohiochii	p__Firmicutes
s__Lactobacillus_hordei	p__Firmicutes
s__Lactobacillus_iners	p__Firmicutes
s__Lactobacillus_ingluviei	p__Firmicutes
s__Lactobacillus_intestinalis	p__Firmicutes
s__Lactobacillus_jensenii	p__Firmicutes
s__Lactobacillus_johnsonii	p__Firmicutes
s__Lactobacillus_kalixensis	p__Firmicutes
s__Lactobacillus_kefiranofaciens	p__Firmicutes
s__Lactobacillus_kefiri	p__Firmicutes
s__Lactobacillus_kimbladii	p__Firmicutes
s__Lactobacillus_kisonensis	p__Firmicutes
s__Lactobacillus_kitasatonis	p__Firmicutes
s__Lactobacillus_kullabergensis	p__Firmicutes
s__Lactobacillus_lindneri	p__Firmicutes
s__Lactobacillus_manihotivorans	p__Firmicutes
s__Lactobacillus_melliventris	p__Firmicutes
s__Lactobacillus_mindensis	p__Firmicutes
s__Lactobacillus_mucosae	p__Firmicutes
s__Lactobacillus_murinus	p__Firmicutes
s__Lactobacillus_nagelii	p__Firmicutes
s__Lactobacillus_nodensis	p__Firmicutes
s__Lactobacillus_oris	p__Firmicutes
s__Lactobacillus_otakiensis	p__Firmicutes
s__Lactobacillus_panis	p__Firmicutes
s__Lactobacillus_pantheris	p__Firmicutes
s__Lactobacillus_parabuchneri	p__Firmicutes
s__Lactobacillus_parafarraginis	p__Firmicutes
s__Lactobacillus_paragasseri	p__Firmicutes
s__Lactobacillus_parakefiri	p__Firmicutes
s__Lactobacillus_paralimentarius	p__Firmicutes
s__Lactobacillus_paraplantarum	p__Firmicutes
s__Lactobacillus_pentosus	p__Firmicutes
s__Lactobacillus_perolens	p__Firmicutes
s__Lactobacillus_plantarum	p__Firmicutes
s__Lactobacillus_pontis	p__Firmicutes
s__Lactobacillus_rapi	p__Firmicutes
s__Lactobacillus_reuteri	p__Firmicutes
s__Lactobacillus_rhamnosus	p__Firmicutes
s__Lactobacillus_rogosae	p__Firmicutes
s__Lactobacillus_ruminis	p__Firmicutes
s__Lactobacillus_saerimneri	p__Firmicutes
s__Lactobacillus_sakei	p__Firmicutes
s__Lactobacillus_salivarius	p__Firmicutes
s__Lactobacillus_sanfranciscensis	p__Firmicutes
s__Lactobacillus_satsumensis	p__Firmicutes
s__Lactobacillus_senioris	p__Firmicutes
s__Lactobacillus_senmaizukei	p__Firmicutes
s__Lactobacillus_sunkii	p__Firmicutes
s__Lactobacillus_tucceti	p__Firmicutes
s__Lactobacillus_ultunensis	p__Firmicutes
s__Lactobacillus_vaccinostercus	p__Firmicutes
s__Lactobacillus_vaginalis	p__Firmicutes
s__Lactobacillus_versmoldensis	p__Firmicutes
s__Lactobacillus_xiangfangensis	p__Firmicutes
s__Lactobacillus_zymae	p__Firmicutes
s__Pediococcus_acidilactici	p__Firmicutes
s__Pediococcus_argentinicus	p__Firmicutes
s__Pediococcus_damnosus	p__Firmicutes
s__Pediococcus_inopinatus	p__Firmicutes
s__Pediococcus_parvulus	p__Firmicutes
s__Pediococcus_pentosaceus	p__Firmicutes
s__Pediococcus_sp	p__Firmicutes
s__Pediococcus_stilesii	p__Firmicutes
s__Sharpea_azabuensis	p__Firmicutes
s__Leuconostoc_carnosum	p__Firmicutes
s__Leuconostoc_citreum	p__Firmicutes
s__Leuconostoc_garlicum	p__Firmicutes
s__Leuconostoc_gelidum	p__Firmicutes
s__Leuconostoc_kimchii	p__Firmicutes
s__Leuconostoc_lactis	p__Firmicutes
s__Leuconostoc_mesenteroides	p__Firmicutes
s__Leuconostoc_pseudomesenteroides	p__Firmicutes
s__Leuconostoc_suionicum	p__Firmicutes
s__Oenococcus_alcoholitolerans	p__Firmicutes
s__Oenococcus_oeni	p__Firmicutes
s__Weissella_cibaria	p__Firmicutes
s__Weissella_confusa	p__Firmicutes
s__Weissella_halotolerans	p__Firmicutes
s__Weissella_hellenica	p__Firmicutes
s__Weissella_jogaejeotgali	p__Firmicutes
s__Weissella_koreensis	p__Firmicutes
s__Weissella_minor	p__Firmicutes
s__Weissella_paramesenteroides	p__Firmicutes
s__Weissella_soli	p__Firmicutes
s__Weissella_thailandensis	p__Firmicutes
s__Weissella_viridescens	p__Firmicutes
s__Lactococcus_chungangensis	p__Firmicutes
s__Lactococcus_garvieae	p__Firmicutes
s__Lactococcus_lactis	p__Firmicutes
s__Lactococcus_petauri	p__Firmicutes
s__Lactococcus_piscium	p__Firmicutes
s__Lactococcus_plantarum	p__Firmicutes
s__Lactococcus_raffinolactis	p__Firmicutes
s__Streptococcus_agalactiae	p__Firmicutes
s__Streptococcus_anginosus_group	p__Firmicutes
s__Streptococcus_australis	p__Firmicutes
s__Streptococcus_canis	p__Firmicutes
s__Streptococcus_cristatus	p__Firmicutes
s__Streptococcus_downei	p__Firmicutes
s__Streptococcus_equinus	p__Firmicutes
s__Streptococcus_gallolyticus	p__Firmicutes
s__Streptococcus_gordonii	p__Firmicutes
s__Streptococcus_hongkongensis	p__Firmicutes
s__Streptococcus_infantarius	p__Firmicutes
s__Streptococcus_infantis	p__Firmicutes
s__Streptococcus_lutetiensis	p__Firmicutes
s__Streptococcus_macedonicus	p__Firmicutes
s__Streptococcus_massiliensis	p__Firmicutes
s__Streptococcus_milleri	p__Firmicutes
s__Streptococcus_mitis	p__Firmicutes
s__Streptococcus_mutans	p__Firmicutes
s__Streptococcus_oralis	p__Firmicutes
s__Streptococcus_parasanguinis	p__Firmicutes
s__Streptococcus_parauberis	p__Firmicutes
s__Streptococcus_pasteurianus	p__Firmicutes
s__Streptococcus_peroris	p__Firmicutes
s__Streptococcus_pneumoniae	p__Firmicutes
s__Streptococcus_pseudopneumoniae	p__Firmicutes
s__Streptococcus_pyogenes	p__Firmicutes
s__Streptococcus_salivarius	p__Firmicutes
s__Streptococcus_salivarius_CAG_79	p__Firmicutes
s__Streptococcus_sanguinis	p__Firmicutes
s__Streptococcus_sinensis	p__Firmicutes
s__Streptococcus_sobrinus	p__Firmicutes
s__Streptococcus_sp_A12	p__Firmicutes
s__Streptococcus_sp_F0442	p__Firmicutes
s__Streptococcus_sp_HMSC034E03	p__Firmicutes
s__Streptococcus_sp_HMSC067H01	p__Firmicutes
s__Streptococcus_sp_HMSC070B10	p__Firmicutes
s__Streptococcus_sp_HMSC071D03	p__Firmicutes
s__Streptococcus_sp_HPH0090	p__Firmicutes
s__Streptococcus_sp_M334	p__Firmicutes
s__Streptococcus_sp_NLAE_zl_C503	p__Firmicutes
s__Streptococcus_sp_oral_taxon_056	p__Firmicutes
s__Streptococcus_sp_oral_taxon_058	p__Firmicutes
s__Streptococcus_sp_SK643	p__Firmicutes
s__Streptococcus_suis	p__Firmicutes
s__Streptococcus_thermophilus	p__Firmicutes
s__Streptococcus_troglodytae	p__Firmicutes
s__Streptococcus_uberis	p__Firmicutes
s__Streptococcus_urinalis	p__Firmicutes
s__Streptococcus_vestibularis	p__Firmicutes
s__Streptococcus_viridans	p__Firmicutes
s__Catabacter_hongkongensis	p__Firmicutes
s__Christensenella_minuta	p__Firmicutes
s__Alkaliphilus_oremlandii	p__Firmicutes
s__Butyricicoccus_porcorum	p__Firmicutes
s__Butyricicoccus_pullicaecorum	p__Firmicutes
s__Butyribacterium_methylotrophicum	p__Firmicutes
s__Clostridium_argentinense	p__Firmicutes
s__Clostridium_baratii	p__Firmicutes
s__Clostridium_beijerinckii	p__Firmicutes
s__Clostridium_bolteae_CAG_59	p__Firmicutes
s__Clostridium_bornimense	p__Firmicutes
s__Clostridium_botulinum	p__Firmicutes
s__Clostridium_butyricum	p__Firmicutes
s__Clostridium_cadaveris	p__Firmicutes
s__Clostridium_celatum	p__Firmicutes
s__Clostridium_combesii	p__Firmicutes
s__Clostridium_diolis	p__Firmicutes
s__Clostridium_disporicum	p__Firmicutes
s__Clostridium_neonatale	p__Firmicutes
s__Clostridium_paraputrificum	p__Firmicutes
s__Clostridium_perfringens	p__Firmicutes
s__Clostridium_saccharobutylicum	p__Firmicutes
s__Clostridium_sartagoforme	p__Firmicutes
s__Clostridium_sp_7_2_43FAA	p__Firmicutes
s__Clostridium_sp_C105KSO13	p__Firmicutes
s__Clostridium_sp_CAG_167	p__Firmicutes
s__Clostridium_sp_CAG_242	p__Firmicutes
s__Clostridium_sp_CAG_253	p__Firmicutes
s__Clostridium_sp_CAG_299	p__Firmicutes
s__Clostridium_sp_CAG_411	p__Firmicutes
s__Clostridium_sp_CAG_413	p__Firmicutes
s__Clostridium_sp_CAG_510	p__Firmicutes
s__Clostridium_sp_CAG_58	p__Firmicutes
s__Clostridium_sp_CAG_590	p__Firmicutes
s__Clostridium_sp_CAG_632	p__Firmicutes
s__Clostridium_sp_CAG_678	p__Firmicutes
s__Clostridium_sp_CAG_964	p__Firmicutes
s__Clostridium_sp_chh4_2	p__Firmicutes
s__Clostridium_sp_D5	p__Firmicutes
s__Clostridium_sp_L74	p__Firmicutes
s__Clostridium_sp_MSTE9	p__Firmicutes
s__Clostridium_sporogenes	p__Firmicutes
s__Clostridium_sp_SY8519	p__Firmicutes
s__Clostridium_thermobutyricum	p__Firmicutes
s__Clostridium_tyrobutyricum	p__Firmicutes
s__Clostridium_ventriculi	p__Firmicutes
s__Hungatella_effluvii	p__Firmicutes
s__Hungatella_hathewayi	p__Firmicutes
s__Lactonifactor_longoviformis	p__Firmicutes
s__Sarcina_sp_DSM_11001	p__Firmicutes
s__Eubacterium_brachy	p__Firmicutes
s__Eubacterium_infirmum	p__Firmicutes
s__Eubacterium_minutum	p__Firmicutes
s__Eubacterium_nodatum	p__Firmicutes
s__Eubacterium_saphenum	p__Firmicutes
s__Eubacterium_sulci	p__Firmicutes
s__Mogibacterium_diversum	p__Firmicutes
s__Mogibacterium_pumilum	p__Firmicutes
s__Mogibacterium_timidum	p__Firmicutes
s__Bacteroides_pectinophilus	p__Firmicutes
s__Clostridiales_bacterium_1_7_47FAA	p__Firmicutes
s__Clostridiales_bacterium_CHKCI006	p__Firmicutes
s__Intestinimonas_butyriciproducens	p__Firmicutes
s__Lawsonibacter_asaccharolyticus	p__Firmicutes
s__Monoglobus_pectinilyticus	p__Firmicutes
s__Anaerofustis_stercorihominis	p__Firmicutes
s__Eubacteriaceae_bacterium_CHKCI005	p__Firmicutes
s__Eubacterium_callanderi	p__Firmicutes
s__Eubacterium_coprostanoligenes	p__Firmicutes
s__Eubacterium_dolichum_CAG_375	p__Firmicutes
s__Eubacterium_eligens	p__Firmicutes
s__Eubacterium_hallii	p__Firmicutes
s__Eubacterium_limosum	p__Firmicutes
s__Eubacterium_maltosivorans	p__Firmicutes
s__Eubacterium_pyruvativorans	p__Firmicutes
s__Eubacterium_ramulus	p__Firmicutes
s__Eubacterium_sp_68_3_10	p__Firmicutes
s__Eubacterium_sp_An11	p__Firmicutes
s__Eubacterium_sp_CAG_180	p__Firmicutes
s__Eubacterium_sp_CAG_251	p__Firmicutes
s__Eubacterium_sp_CAG_274	p__Firmicutes
s__Eubacterium_sp_CAG_38	p__Firmicutes
s__Eubacterium_sp_CAG_786	p__Firmicutes
s__Eubacterium_sp_OM08_24	p__Firmicutes
s__Eubacterium_ventriosum	p__Firmicutes
s__Pseudoramibacter_alactolyticus	p__Firmicutes
s__Mageeibacillus_indolicus	p__Firmicutes
s__Acetatifactor_muris	p__Firmicutes
s__Anaerocolumna_aminovalerica	p__Firmicutes
s__Anaerosporobacter_mobilis	p__Firmicutes
s__Anaerostipes_caccae	p__Firmicutes
s__Anaerostipes_hadrus	p__Firmicutes
s__Anaerostipes_sp_494a	p__Firmicutes
s__Anaerostipes_sp_992a	p__Firmicutes
s__Anaerotignum_lactatifermentans	p__Firmicutes
s__Blautia_coccoides	p__Firmicutes
s__Blautia_hansenii	p__Firmicutes
s__Blautia_hydrogenotrophica	p__Firmicutes
s__Blautia_obeum	p__Firmicutes
s__Blautia_producta	p__Firmicutes
s__Blautia_sp_An249	p__Firmicutes
s__Blautia_sp_CAG_257	p__Firmicutes
s__Blautia_sp_N6H1_15	p__Firmicutes
s__Blautia_wexlerae	p__Firmicutes
s__Ruminococcus_gnavus	p__Firmicutes
s__Ruminococcus_torques	p__Firmicutes
s__Butyrivibrio_crossotus	p__Firmicutes
s__Butyrivibrio_sp_CAG_318	p__Firmicutes
s__Catonella_morbi	p__Firmicutes
s__Cellulosilyticum_lentocellum	p__Firmicutes
s__Coprococcus_catus	p__Firmicutes
s__Coprococcus_comes	p__Firmicutes
s__Coprococcus_eutactus	p__Firmicutes
s__Dorea_formicigenerans	p__Firmicutes
s__Dorea_longicatena	p__Firmicutes
s__Dorea_sp_CAG_317	p__Firmicutes
s__Dorea_sp_D27	p__Firmicutes
s__Eisenbergiella_massiliensis	p__Firmicutes
s__Eisenbergiella_tayi	p__Firmicutes
s__Faecalicatena_contorta	p__Firmicutes
s__Faecalicatena_orotica	p__Firmicutes
s__Fusicatenibacter_saccharivorans	p__Firmicutes
s__Johnsonella_ignava	p__Firmicutes
s__Lachnoanaerobaculum_saburreum	p__Firmicutes
s__Lachnoanaerobaculum_umeaense	p__Firmicutes
s__Clostridium_aldenense	p__Firmicutes
s__Clostridium_asparagiforme	p__Firmicutes
s__Clostridium_bolteae	p__Firmicutes
s__Clostridium_celerecrescens	p__Firmicutes
s__Clostridium_citroniae	p__Firmicutes
s__Clostridium_clostridioforme	p__Firmicutes
s__Clostridium_hylemonae	p__Firmicutes
s__Clostridium_lavalense	p__Firmicutes
s__Clostridium_saccharolyticum	p__Firmicutes
s__Clostridium_scindens	p__Firmicutes
s__Clostridium_symbiosum	p__Firmicutes
s__Lachnoclostridium_phytofermentans	p__Firmicutes
s__Lachnoclostridium_sp_An118	p__Firmicutes
s__Lachnoclostridium_sp_An131	p__Firmicutes
s__Lachnoclostridium_sp_An138	p__Firmicutes
s__Lachnoclostridium_sp_An14	p__Firmicutes
s__Lachnoclostridium_sp_An169	p__Firmicutes
s__Lachnoclostridium_sp_An181	p__Firmicutes
s__Lachnoclostridium_sp_An196	p__Firmicutes
s__Lachnoclostridium_sp_An298	p__Firmicutes
s__Lachnoclostridium_sp_An76	p__Firmicutes
s__Eubacterium_rectale	p__Firmicutes
s__Lachnospiraceae_bacterium_2_1_46FAA	p__Firmicutes
s__Lachnospiraceae_bacterium_oral_taxon_096	p__Firmicutes
s__Lachnospira_pectinoschiza	p__Firmicutes
s__Marvinbryantia_formatexigens	p__Firmicutes
s__Murimonas_intestini	p__Firmicutes
s__Oribacterium_asaccharolyticum	p__Firmicutes
s__Oribacterium_parvum	p__Firmicutes
s__Oribacterium_sinus	p__Firmicutes
s__Oribacterium_sp_oral_taxon_078	p__Firmicutes
s__Robinsoniella_sp_RHS	p__Firmicutes
s__Roseburia_faecis	p__Firmicutes
s__Roseburia_hominis	p__Firmicutes
s__Roseburia_intestinalis	p__Firmicutes
s__Roseburia_inulinivorans	p__Firmicutes
s__Roseburia_sp_499	p__Firmicutes
s__Roseburia_sp_831b	p__Firmicutes
s__Roseburia_sp_CAG_182	p__Firmicutes
s__Roseburia_sp_CAG_303	p__Firmicutes
s__Roseburia_sp_CAG_309	p__Firmicutes
s__Roseburia_sp_CAG_471	p__Firmicutes
s__Sellimonas_intestinalis	p__Firmicutes
s__Shuttleworthia_satelles	p__Firmicutes
s__Stomatobaculum_longum	p__Firmicutes
s__Tyzzerella_nexilis	p__Firmicutes
s__Tyzzerella_sp_An114	p__Firmicutes
s__Oscillibacter_sp_57_20	p__Firmicutes
s__Oscillibacter_sp_CAG_241	p__Firmicutes
s__Oscillibacter_sp_PC13	p__Firmicutes
s__Desulfotomaculum_ruminis	p__Firmicutes
s__Peptococcus_niger	p__Firmicutes
s__Clostridioides_difficile	p__Firmicutes
s__Criibacterium_bergeronii	p__Firmicutes
s__Filifactor_alocis	p__Firmicutes
s__Intestinibacter_bartlettii	p__Firmicutes
s__Paeniclostridium_sordellii	p__Firmicutes
s__Paraclostridium_benzoelyticum	p__Firmicutes
s__Paraclostridium_bifermentans	p__Firmicutes
s__Eubacterium_yurii	p__Firmicutes
s__Peptoanaerobacter_stomatis	p__Firmicutes
s__Clostridium_hiranonis	p__Firmicutes
s__Peptostreptococcaceae_bacterium_oral_taxon_113	p__Firmicutes
s__Peptostreptococcus_anaerobius	p__Firmicutes
s__Peptostreptococcus_sp_MV1	p__Firmicutes
s__Peptostreptococcus_stomatis	p__Firmicutes
s__Romboutsia_hominis	p__Firmicutes
s__Romboutsia_ilealis	p__Firmicutes
s__Romboutsia_lituseburensis	p__Firmicutes
s__Terrisporobacter_glycolicus	p__Firmicutes
s__Terrisporobacter_othiniensis	p__Firmicutes
s__Acetivibrio_ethanolgignens	p__Firmicutes
s__Agathobaculum_butyriciproducens	p__Firmicutes
s__Anaerofilum_sp_An201	p__Firmicutes
s__Anaeromassilibacillus_sp_An172	p__Firmicutes
s__Anaeromassilibacillus_sp_An200	p__Firmicutes
s__Anaeromassilibacillus_sp_An250	p__Firmicutes
s__Anaerotruncus_colihominis	p__Firmicutes
s__Anaerotruncus_sp_CAG_528	p__Firmicutes
s__Faecalibacterium_prausnitzii	p__Firmicutes
s__Flavonifractor_plautii	p__Firmicutes
s__Flavonifractor_sp_An10	p__Firmicutes
s__Flavonifractor_sp_An100	p__Firmicutes
s__Flavonifractor_sp_An306	p__Firmicutes
s__Flavonifractor_sp_An82	p__Firmicutes
s__Gemmiger_formicilis	p__Firmicutes
s__Gemmiger_sp_An120	p__Firmicutes
s__Gemmiger_sp_An194	p__Firmicutes
s__Gemmiger_sp_An50	p__Firmicutes
s__Gemmiger_sp_An87	p__Firmicutes
s__Harryflintia_acetispora	p__Firmicutes
s__Hydrogenoanaerobacterium_saccharovorans	p__Firmicutes
s__Pseudoflavonifractor_capillosus	p__Firmicutes
s__Pseudoflavonifractor_sp_An184	p__Firmicutes
s__Pseudoflavonifractor_sp_An85	p__Firmicutes
s__Clostridium_leptum	p__Firmicutes
s__Clostridium_methylpentosum	p__Firmicutes
s__Eubacterium_siraeum	p__Firmicutes
s__Ruminococcaceae_bacterium_D16	p__Firmicutes
s__Ruminococcaceae_bacterium_D5	p__Firmicutes
s__Ruminococcus_bicirculans	p__Firmicutes
s__Ruminococcus_bromii	p__Firmicutes
s__Ruminococcus_callidus	p__Firmicutes
s__Ruminococcus_lactaris	p__Firmicutes
s__Ruminococcus_obeum_CAG_39	p__Firmicutes
s__Ruminococcus_sp_CAG_330	p__Firmicutes
s__Ruminococcus_sp_CAG_403	p__Firmicutes
s__Ruminococcus_sp_CAG_488	p__Firmicutes
s__Ruminococcus_sp_CAG_563	p__Firmicutes
s__Ruminococcus_sp_CAG_579	p__Firmicutes
s__Ruminococcus_sp_CAG_624	p__Firmicutes
s__Ruthenibacterium_lactatiformans	p__Firmicutes
s__Subdoligranulum_variabile	p__Firmicutes
s__Absiella_dolichum	p__Firmicutes
s__Candidatus_Stoquefichus_sp_KLE1796	p__Firmicutes
s__Catenibacterium_mitsuokai	p__Firmicutes
s__Coprobacillus_cateniformis	p__Firmicutes
s__Dielma_fastidiosa	p__Firmicutes
s__Eggerthia_catenaformis	p__Firmicutes
s__Clostridium_cocleatum	p__Firmicutes
s__Clostridium_innocuum	p__Firmicutes
s__Clostridium_spiroforme	p__Firmicutes
s__Erysipelatoclostridium_ramosum	p__Firmicutes
s__Erysipelothrix_larvae	p__Firmicutes
s__Faecalibaculum_rodentium	p__Firmicutes
s__Faecalicoccus_pleomorphus	p__Firmicutes
s__Faecalitalea_cylindroides	p__Firmicutes
s__Holdemanella_biformis	p__Firmicutes
s__Holdemania_filiformis	p__Firmicutes
s__Ileibacterium_valens	p__Firmicutes
s__Massiliomicrobiota_timonensis	p__Firmicutes
s__Solobacterium_moorei	p__Firmicutes
s__Turicibacter_sanguinis	p__Firmicutes
s__Firmicutes_bacterium_CAG_110	p__Firmicutes
s__Firmicutes_bacterium_CAG_145	p__Firmicutes
s__Firmicutes_bacterium_CAG_170	p__Firmicutes
s__Firmicutes_bacterium_CAG_238	p__Firmicutes
s__Firmicutes_bacterium_CAG_424	p__Firmicutes
s__Firmicutes_bacterium_CAG_534	p__Firmicutes
s__Firmicutes_bacterium_CAG_555	p__Firmicutes
s__Firmicutes_bacterium_CAG_646	p__Firmicutes
s__Firmicutes_bacterium_CAG_791	p__Firmicutes
s__Firmicutes_bacterium_CAG_83	p__Firmicutes
s__Firmicutes_bacterium_CAG_94	p__Firmicutes
s__Firmicutes_bacterium_CAG_95	p__Firmicutes
s__Limnochorda_pilosa	p__Firmicutes
s__Acidaminococcus_fermentans	p__Firmicutes
s__Acidaminococcus_intestini	p__Firmicutes
s__Acidaminococcus_sp_CAG_542	p__Firmicutes
s__Phascolarctobacterium_faecium	p__Firmicutes
s__Phascolarctobacterium_sp	p__Firmicutes
s__Phascolarctobacterium_sp_CAG_266	p__Firmicutes
s__Phascolarctobacterium_succinatutens	p__Firmicutes
s__Centipeda_periodontii	p__Firmicutes
s__Megamonas_funiformis	p__Firmicutes
s__Megamonas_funiformis_CAG_377	p__Firmicutes
s__Megamonas_hypermegale	p__Firmicutes
s__Megamonas_rupellensis	p__Firmicutes
s__Mitsuokella_jalaludinii	p__Firmicutes
s__Mitsuokella_multacida	p__Firmicutes
s__Mitsuokella_sp_oral_taxon_131	p__Firmicutes
s__Schwartzia_succinivorans	p__Firmicutes
s__Selenomonas_artemidis	p__Firmicutes
s__Selenomonas_flueggei	p__Firmicutes
s__Selenomonas_infelix	p__Firmicutes
s__Selenomonas_noxia	p__Firmicutes
s__Selenomonas_sp_F0473	p__Firmicutes
s__Selenomonas_sp_FOBRC6	p__Firmicutes
s__Selenomonas_sp_oral_taxon_126	p__Firmicutes
s__Selenomonas_sp_oral_taxon_138	p__Firmicutes
s__Selenomonas_sp_oral_taxon_892	p__Firmicutes
s__Selenomonas_sp_oral_taxon_920	p__Firmicutes
s__Selenomonas_sputigena	p__Firmicutes
s__Allisonella_histaminiformans	p__Firmicutes
s__Anaeroglobus_geminatus	p__Firmicutes
s__Dialister_invisus	p__Firmicutes
s__Dialister_micraerophilus	p__Firmicutes
s__Dialister_pneumosintes	p__Firmicutes
s__Dialister_sp_CAG_357	p__Firmicutes
s__Dialister_succinatiphilus	p__Firmicutes
s__Megasphaera_cerevisiae	p__Firmicutes
s__Megasphaera_elsdenii	p__Firmicutes
s__Megasphaera_hexanoica	p__Firmicutes
s__Megasphaera_micronuciformis	p__Firmicutes
s__Megasphaera_sp_BV3C16_1	p__Firmicutes
s__Megasphaera_sp_DISK_18	p__Firmicutes
s__Megasphaera_sp_MJR8396C	p__Firmicutes
s__Megasphaera_stantonii	p__Firmicutes
s__Negativicoccus_succinicivorans	p__Firmicutes
s__Veillonellaceae_bacterium_DNF00626	p__Firmicutes
s__Veillonella_atypica	p__Firmicutes
s__Veillonella_denticariosi	p__Firmicutes
s__Veillonella_dispar	p__Firmicutes
s__Veillonella_infantium	p__Firmicutes
s__Veillonella_montpellierensis	p__Firmicutes
s__Veillonella_parvula	p__Firmicutes
s__Veillonella_rodentium	p__Firmicutes
s__Veillonella_rogosae	p__Firmicutes
s__Veillonella_seminalis	p__Firmicutes
s__Veillonella_sp_CAG_933	p__Firmicutes
s__Veillonella_sp_T11011_6	p__Firmicutes
s__Veillonella_tobetsuensis	p__Firmicutes
s__Anaerococcus_hydrogenalis	p__Firmicutes
s__Anaerococcus_lactolyticus	p__Firmicutes
s__Anaerococcus_nagyae	p__Firmicutes
s__Anaerococcus_octavius	p__Firmicutes
s__Anaerococcus_prevotii	p__Firmicutes
s__Anaerococcus_tetradius	p__Firmicutes
s__Anaerococcus_vaginalis	p__Firmicutes
s__Finegoldia_magna	p__Firmicutes
s__Helcococcus_kunzii	p__Firmicutes
s__Parvimonas_micra	p__Firmicutes
s__Parvimonas_sp_KA00067	p__Firmicutes
s__Parvimonas_sp_oral_taxon_110	p__Firmicutes
s__Parvimonas_sp_oral_taxon_393	p__Firmicutes
s__Peptoniphilus_asaccharolyticus	p__Firmicutes
s__Peptoniphilus_coxii	p__Firmicutes
s__Peptoniphilus_duerdenii	p__Firmicutes
s__Peptoniphilus_grossensis	p__Firmicutes
s__Peptoniphilus_harei	p__Firmicutes
s__Peptoniphilus_lacrimalis	p__Firmicutes
s__Peptoniphilus_sp_BV3C26	p__Firmicutes
s__Peptoniphilus_sp_DNF00840	p__Firmicutes
s__Peptoniphilus_sp_HMSC062D09	p__Firmicutes
s__Peptoniphilus_sp_oral_taxon_386	p__Firmicutes
s__Sporanaerobacter_sp_PP17_6a	p__Firmicutes
s__Bacteroides_coagulans	p__Firmicutes
s__Tissierellia_bacterium_KA00581	p__Firmicutes
s__Cetobacterium_somerae	p__Fusobacteria
s__Fusobacterium_equinum	p__Fusobacteria
s__Fusobacterium_gonidiaformans	p__Fusobacteria
s__Fusobacterium_hwasookii	p__Fusobacteria
s__Fusobacterium_mortiferum	p__Fusobacteria
s__Fusobacterium_naviforme	p__Fusobacteria
s__Fusobacterium_necrogenes	p__Fusobacteria
s__Fusobacterium_necrophorum	p__Fusobacteria
s__Fusobacterium_nucleatum	p__Fusobacteria
s__Fusobacterium_periodonticum	p__Fusobacteria
s__Fusobacterium_sp_CAG_439	p__Fusobacteria
s__Fusobacterium_sp_oral_taxon_370	p__Fusobacteria
s__Fusobacterium_ulcerans	p__Fusobacteria
s__Fusobacterium_varium	p__Fusobacteria
s__Leptotrichia_buccalis	p__Fusobacteria
s__Leptotrichia_goodfellowii	p__Fusobacteria
s__Leptotrichia_hofstadii	p__Fusobacteria
s__Leptotrichia_sp_oral_taxon_212	p__Fusobacteria
s__Leptotrichia_sp_oral_taxon_215	p__Fusobacteria
s__Leptotrichia_sp_oral_taxon_225	p__Fusobacteria
s__Leptotrichia_sp_oral_taxon_498	p__Fusobacteria
s__Leptotrichia_sp_oral_taxon_847	p__Fusobacteria
s__Leptotrichia_sp_oral_taxon_879	p__Fusobacteria
s__Leptotrichia_wadei	p__Fusobacteria
s__Sneathia_amnii	p__Fusobacteria
s__Victivallis_vadensis	p__Lentisphaerae
s__Fimbriiglobus_ruber	p__Planctomycetes
s__Gemmata_obscuriglobus	p__Planctomycetes
s__Paludisphaera_borealis	p__Planctomycetes
s__Brevundimonas_diminuta	p__Proteobacteria
s__Brevundimonas_naejangsanensis	p__Proteobacteria
s__Brevundimonas_nasdae	p__Proteobacteria
s__Brevundimonas_sp_DS20	p__Proteobacteria
s__Brevundimonas_subvibrioides	p__Proteobacteria
s__Brevundimonas_vesicularis	p__Proteobacteria
s__Caulobacter_flavus	p__Proteobacteria
s__Caulobacter_radicis	p__Proteobacteria
s__Caulobacter_sp_FWC26	p__Proteobacteria
s__Caulobacter_sp_X	p__Proteobacteria
s__Caulobacter_vibrioides	p__Proteobacteria
s__Candidatus_Pelagibacter_ubique	p__Proteobacteria
s__Aureimonas_altamirensis	p__Proteobacteria
s__Bosea_sp_Leaf344	p__Proteobacteria
s__Bosea_vaviloviae	p__Proteobacteria
s__Bradyrhizobium_lablabi	p__Proteobacteria
s__Bradyrhizobium_sp_BTAi1	p__Proteobacteria
s__Bradyrhizobium_sp_DOA9	p__Proteobacteria
s__Bradyrhizobium_sp_Leaf396	p__Proteobacteria
s__Bradyrhizobium_sp_STM_3809	p__Proteobacteria
s__Ochrobactrum_anthropi	p__Proteobacteria
s__Ochrobactrum_haematophilum	p__Proteobacteria
s__Ochrobactrum_intermedium	p__Proteobacteria
s__Ochrobactrum_lupini	p__Proteobacteria
s__Ochrobactrum_pituitosum	p__Proteobacteria
s__Ochrobactrum_pseudogrignonense	p__Proteobacteria
s__Ochrobactrum_thiophenivorans	p__Proteobacteria
s__Chelatococcus_daeguensis	p__Proteobacteria
s__Devosia_riboflavina	p__Proteobacteria
s__Dichotomicrobium_thermohalophilum	p__Proteobacteria
s__Methylobacterium_aquaticum	p__Proteobacteria
s__Methylobacterium_phyllosphaerae	p__Proteobacteria
s__Methylobacterium_radiotolerans	p__Proteobacteria
s__Methylobacterium_sp_GXS13	p__Proteobacteria
s__Methylorubrum_extorquens	p__Proteobacteria
s__Methylorubrum_populi	p__Proteobacteria
s__Aquamicrobium_defluvii	p__Proteobacteria
s__Mesorhizobium_sp_65_26	p__Proteobacteria
s__Mesorhizobium_sp_UASWS1009	p__Proteobacteria
s__Phyllobacterium_myrsinacearum	p__Proteobacteria
s__Agrobacterium_deltaense	p__Proteobacteria
s__Agrobacterium_tumefaciens	p__Proteobacteria
s__Ensifer_adhaerens	p__Proteobacteria
s__Rhizobium_naphthalenivorans	p__Proteobacteria
s__Rhizobium_pusense	p__Proteobacteria
s__Methyloceanibacter_marginalis	p__Proteobacteria
s__Methyloceanibacter_superfactus	p__Proteobacteria
s__Azorhizobium_caulinodans	p__Proteobacteria
s__Starkeya_novella	p__Proteobacteria
s__Haematobacter_genomosp_1	p__Proteobacteria
s__Haematobacter_massiliensis	p__Proteobacteria
s__Haematobacter_missouriensis	p__Proteobacteria
s__Paracoccus_alkenifer	p__Proteobacteria
s__Paracoccus_chinensis	p__Proteobacteria
s__Paracoccus_contaminans	p__Proteobacteria
s__Paracoccus_mutanolyticus	p__Proteobacteria
s__Paracoccus_pantotrophus	p__Proteobacteria
s__Paracoccus_sanguinis	p__Proteobacteria
s__Paracoccus_sediminis	p__Proteobacteria
s__Paracoccus_solventivorans	p__Proteobacteria
s__Paracoccus_sphaerophysae	p__Proteobacteria
s__Paracoccus_sp_WN007	p__Proteobacteria
s__Paracoccus_versutus	p__Proteobacteria
s__Paracoccus_yeei	p__Proteobacteria
s__Rhodobacter_sphaeroides	p__Proteobacteria
s__Rubellimicrobium_mesophilum	p__Proteobacteria
s__Salipiger_profundus	p__Proteobacteria
s__Acetobacteraceae_bacterium_DB1506	p__Proteobacteria
s__Acetobacter_orientalis	p__Proteobacteria
s__Acidocella_sp_MX_AZ02	p__Proteobacteria
s__Belnapia_rosea	p__Proteobacteria
s__Gluconacetobacter_liquefaciens	p__Proteobacteria
s__Gluconobacter_cerinus	p__Proteobacteria
s__Gluconobacter_frateurii	p__Proteobacteria
s__Gluconobacter_japonicus	p__Proteobacteria
s__Roseomonas_aestuarii	p__Proteobacteria
s__Roseomonas_cervicalis	p__Proteobacteria
s__Roseomonas_gilardii	p__Proteobacteria
s__Roseomonas_mucosa	p__Proteobacteria
s__Roseomonas_rosea	p__Proteobacteria
s__Azospirillum_lipoferum	p__Proteobacteria
s__Skermanella_aerolata	p__Proteobacteria
s__Enhydrobacter_aerosaccus	p__Proteobacteria
s__Rickettsia_akari	p__Proteobacteria
s__Rickettsia_asembonensis	p__Proteobacteria
s__Rickettsia_felis	p__Proteobacteria
s__Rickettsia_hoogstraalii	p__Proteobacteria
s__Blastomonas_sp	p__Proteobacteria
s__Hephaestia_caeni	p__Proteobacteria
s__Novosphingobium_sp_B1	p__Proteobacteria
s__Sphingobium_yanoikuyae	p__Proteobacteria
s__Sphingomonadaceae_bacterium_MED_G03	p__Proteobacteria
s__Sphingomonas_adhaesiva	p__Proteobacteria
s__Sphingomonas_aurantiaca	p__Proteobacteria
s__Sphingomonas_ginsenosidimutans	p__Proteobacteria
s__Sphingomonas_hankookensis	p__Proteobacteria
s__Sphingomonas_indica	p__Proteobacteria
s__Sphingomonas_koreensis	p__Proteobacteria
s__Sphingomonas_melonis	p__Proteobacteria
s__Sphingomonas_paucimobilis	p__Proteobacteria
s__Sphingomonas_sp_Ag1	p__Proteobacteria
s__Sphingomonas_sp_Leaf20	p__Proteobacteria
s__Sphingomonas_sp_OV641	p__Proteobacteria
s__Sphingomonas_sp_PP_CE_3G_477	p__Proteobacteria
s__Sphingopyxis_alaskensis	p__Proteobacteria
s__Sphingopyxis_granuli	p__Proteobacteria
s__Sphingopyxis_sp_H050	p__Proteobacteria
s__Sphingopyxis_sp_LC363	p__Proteobacteria
s__Sphingopyxis_terrae	p__Proteobacteria
s__Zymomonas_mobilis	p__Proteobacteria
s__Achromobacter_arsenitoxydans	p__Proteobacteria
s__Achromobacter_denitrificans	p__Proteobacteria
s__Achromobacter_insolitus	p__Proteobacteria
s__Achromobacter_insuavis	p__Proteobacteria
s__Achromobacter_marplatensis	p__Proteobacteria
s__Achromobacter_mucicolens	p__Proteobacteria
s__Achromobacter_ruhlandii	p__Proteobacteria
s__Achromobacter_xylosoxidans	p__Proteobacteria
s__Advenella_kashmirensis	p__Proteobacteria
s__Alcaligenes_aquatilis	p__Proteobacteria
s__Alcaligenes_faecalis	p__Proteobacteria
s__Bordetella_parapertussis	p__Proteobacteria
s__Bordetella_pertussis	p__Proteobacteria
s__Bordetella_sp_3d_2_2	p__Proteobacteria
s__Bordetella_trematum	p__Proteobacteria
s__Kerstersia_gyiorum	p__Proteobacteria
s__Oligella_ureolytica	p__Proteobacteria
s__Oligella_urethralis	p__Proteobacteria
s__Orrella_dioscoreae	p__Proteobacteria
s__Pelistega_indica	p__Proteobacteria
s__Burkholderia_cenocepacia	p__Proteobacteria
s__Burkholderia_cepacia	p__Proteobacteria
s__Burkholderia_contaminans	p__Proteobacteria
s__Burkholderia_lata	p__Proteobacteria
s__Burkholderia_pyrrocinia	p__Proteobacteria
s__Cupriavidus_metallidurans	p__Proteobacteria
s__Cupriavidus_sp	p__Proteobacteria
s__Lautropia_mirabilis	p__Proteobacteria
s__Paraburkholderia_tropica	p__Proteobacteria
s__Ralstonia_insidiosa	p__Proteobacteria
s__Ralstonia_mannitolilytica	p__Proteobacteria
s__Ralstonia_pickettii	p__Proteobacteria
s__Ralstonia_sp_MD27	p__Proteobacteria
s__Burkholderiales_bacterium_RIFCSPHIGHO2_01_FULL_63_240	p__Proteobacteria
s__Methylibium_petroleiphilum	p__Proteobacteria
s__Methylibium_sp_Root1272	p__Proteobacteria
s__Paucibacter_aquatile	p__Proteobacteria
s__Tepidimonas_fonticaldi	p__Proteobacteria
s__Acidovorax_caeni	p__Proteobacteria
s__Acidovorax_sp_GW101_3H11	p__Proteobacteria
s__Acidovorax_sp_HMWF029	p__Proteobacteria
s__Acidovorax_sp_KKS102	p__Proteobacteria
s__Acidovorax_sp_MR_S7	p__Proteobacteria
s__Acidovorax_temperans	p__Proteobacteria
s__Comamonas_aquatica	p__Proteobacteria
s__Comamonas_kerstersii	p__Proteobacteria
s__Comamonas_sp_JNW	p__Proteobacteria
s__Comamonas_terrigena	p__Proteobacteria
s__Comamonas_testosteroni	p__Proteobacteria
s__Comamonas_thiooxydans	p__Proteobacteria
s__Delftia_acidovorans	p__Proteobacteria
s__Delftia_lacustris	p__Proteobacteria
s__Delftia_tsuruhatensis	p__Proteobacteria
s__Melaminivora_sp_SC2_7	p__Proteobacteria
s__Melaminivora_sp_SC2_9	p__Proteobacteria
s__Ottowia_oryzae	p__Proteobacteria
s__Ottowia_sp_oral_taxon_894	p__Proteobacteria
s__Variovorax_paradoxus	p__Proteobacteria
s__Duganella_phyllosphaerae	p__Proteobacteria
s__Duganella_sp_Leaf126	p__Proteobacteria
s__Duganella_sp_Leaf61	p__Proteobacteria
s__Herbaspirillum_sp	p__Proteobacteria
s__Janthinobacterium_lividum	p__Proteobacteria
s__Janthinobacterium_sp_64	p__Proteobacteria
s__Janthinobacterium_sp_AD80	p__Proteobacteria
s__Janthinobacterium_sp_S3_2	p__Proteobacteria
s__Janthinobacterium_sp_TND4EL3	p__Proteobacteria
s__Massilia_oculi	p__Proteobacteria
s__Massilia_sp_LC238	p__Proteobacteria
s__Massilia_timonae	p__Proteobacteria
s__Oxalobacter_formigenes	p__Proteobacteria
s__Parasutterella_excrementihominis	p__Proteobacteria
s__Turicimonas_muris	p__Proteobacteria
s__Laribacter_hongkongensis	p__Proteobacteria
s__Microvirgula_aerodenitrificans	p__Proteobacteria
s__Vogesella_sp_EB	p__Proteobacteria
s__Eikenella_corrodens	p__Proteobacteria
s__Eikenella_sp_NML02_A_017	p__Proteobacteria
s__Eikenella_sp_NML130454	p__Proteobacteria
s__Kingella_denitrificans	p__Proteobacteria
s__Kingella_kingae	p__Proteobacteria
s__Kingella_negevensis	p__Proteobacteria
s__Kingella_oralis	p__Proteobacteria
s__Kingella_potus	p__Proteobacteria
s__Morococcus_cerebrosus	p__Proteobacteria
s__Neisseria_animaloris	p__Proteobacteria
s__Neisseria_bacilliformis	p__Proteobacteria
s__Neisseria_canis	p__Proteobacteria
s__Neisseria_cinerea	p__Proteobacteria
s__Neisseria_dumasiana	p__Proteobacteria
s__Neisseria_elongata	p__Proteobacteria
s__Neisseria_flavescens	p__Proteobacteria
s__Neisseria_gonorrhoeae	p__Proteobacteria
s__Neisseria_lactamica	p__Proteobacteria
s__Neisseria_macacae	p__Proteobacteria
s__Neisseria_meningitidis	p__Proteobacteria
s__Neisseria_mucosa	p__Proteobacteria
s__Neisseria_perflava	p__Proteobacteria
s__Neisseria_polysaccharea	p__Proteobacteria
s__Neisseria_shayeganii	p__Proteobacteria
s__Neisseria_sicca	p__Proteobacteria
s__Neisseria_sp_HMSC064E01	p__Proteobacteria
s__Neisseria_sp_oral_taxon_014	p__Proteobacteria
s__Neisseria_subflava	p__Proteobacteria
s__Neisseria_weaveri	p__Proteobacteria
s__Neisseria_zoodegmatis	p__Proteobacteria
s__Prolinoborus_fasciculus	p__Proteobacteria
s__Simonsiella_muelleri	p__Proteobacteria
s__Methyloversatilis_sp_RAC08	p__Proteobacteria
s__Desulfobulbus_oralis	p__Proteobacteria
s__Desulfomicrobium_orale	p__Proteobacteria
s__Bilophila_wadsworthia	p__Proteobacteria
s__Desulfovibrionaceae_bacterium	p__Proteobacteria
s__Desulfovibrio_fairfieldensis	p__Proteobacteria
s__Desulfovibrio_legallii	p__Proteobacteria
s__Desulfovibrio_piger	p__Proteobacteria
s__Desulfovibrio_sp_An276	p__Proteobacteria
s__Desulfovibrio_sp_MES5	p__Proteobacteria
s__Desulfovibrio_vulgaris	p__Proteobacteria
s__Lawsonia_intracellularis	p__Proteobacteria
s__Nannocystis_exedens	p__Proteobacteria
s__Arcobacter_butzleri	p__Proteobacteria
s__Arcobacter_cryaerophilus	p__Proteobacteria
s__Campylobacter_coli	p__Proteobacteria
s__Campylobacter_concisus	p__Proteobacteria
s__Campylobacter_curvus	p__Proteobacteria
s__Campylobacter_fetus	p__Proteobacteria
s__Campylobacter_gracilis	p__Proteobacteria
s__Campylobacter_hominis	p__Proteobacteria
s__Campylobacter_hyointestinalis	p__Proteobacteria
s__Campylobacter_jejuni	p__Proteobacteria
s__Campylobacter_mucosalis	p__Proteobacteria
s__Campylobacter_rectus	p__Proteobacteria
s__Campylobacter_showae	p__Proteobacteria
s__Campylobacter_upsaliensis	p__Proteobacteria
s__Campylobacter_ureolyticus	p__Proteobacteria
s__Helicobacter_acinonychis	p__Proteobacteria
s__Helicobacter_bilis	p__Proteobacteria
s__Helicobacter_canis	p__Proteobacteria
s__Helicobacter_cinaedi	p__Proteobacteria
s__Helicobacter_equorum	p__Proteobacteria
s__Helicobacter_fennelliae	p__Proteobacteria
s__Helicobacter_pullorum	p__Proteobacteria
s__Helicobacter_pylori	p__Proteobacteria
s__Helicobacter_sp_11_8110	p__Proteobacteria
s__Helicobacter_trogontum	p__Proteobacteria
s__Helicobacter_winghamensis	p__Proteobacteria
s__Aeromonas_allosaccharophila	p__Proteobacteria
s__Aeromonas_caviae	p__Proteobacteria
s__Aeromonas_dhakensis	p__Proteobacteria
s__Aeromonas_hydrophila	p__Proteobacteria
s__Aeromonas_media	p__Proteobacteria
s__Aeromonas_rivipollensis	p__Proteobacteria
s__Aeromonas_salmonicida	p__Proteobacteria
s__Aeromonas_veronii	p__Proteobacteria
s__Anaerobiospirillum_thomasii	p__Proteobacteria
s__Succinatimonas_hippei	p__Proteobacteria
s__Pseudoalteromonas_nigrifaciens	p__Proteobacteria
s__Pseudoalteromonas_tetraodonis	p__Proteobacteria
s__Pseudoalteromonas_undina	p__Proteobacteria
s__Shewanella_algae	p__Proteobacteria
s__Shewanella_baltica	p__Proteobacteria
s__Shewanella_morhuae	p__Proteobacteria
s__Shewanella_oneidensis	p__Proteobacteria
s__Shewanella_putrefaciens	p__Proteobacteria
s__Shewanella_xiamenensis	p__Proteobacteria
s__Cardiobacterium_hominis	p__Proteobacteria
s__Cardiobacterium_valvarum	p__Proteobacteria
s__Pararheinheimera_mesophila	p__Proteobacteria
s__Rheinheimera_sp_EpRS3	p__Proteobacteria
s__Rheinheimera_sp_KL1	p__Proteobacteria
s__Alkalilimnicola_ehrlichii	p__Proteobacteria
s__Phytobacter_ursingii	p__Proteobacteria
s__Plesiomonas_shigelloides	p__Proteobacteria
s__Atlantibacter_hermannii	p__Proteobacteria
s__Buttiauxella_agrestis	p__Proteobacteria
s__Cedecea_lapagei	p__Proteobacteria
s__Cedecea_neteri	p__Proteobacteria
s__Citrobacter_amalonaticus	p__Proteobacteria
s__Citrobacter_braakii	p__Proteobacteria
s__Citrobacter_europaeus	p__Proteobacteria
s__Citrobacter_farmeri	p__Proteobacteria
s__Citrobacter_freundii	p__Proteobacteria
s__Citrobacter_gillenii	p__Proteobacteria
s__Citrobacter_koseri	p__Proteobacteria
s__Citrobacter_pasteurii	p__Proteobacteria
s__Citrobacter_portucalensis	p__Proteobacteria
s__Citrobacter_sp_50677481	p__Proteobacteria
s__Citrobacter_sp_MGH106	p__Proteobacteria
s__Citrobacter_werkmanii	p__Proteobacteria
s__Citrobacter_youngae	p__Proteobacteria
s__Cronobacter_dublinensis	p__Proteobacteria
s__Cronobacter_malonaticus	p__Proteobacteria
s__Cronobacter_sakazakii	p__Proteobacteria
s__Cronobacter_turicensis	p__Proteobacteria
s__Enterobacter_bugandensis	p__Proteobacteria
s__Enterobacter_cloacae_complex	p__Proteobacteria
s__Enterobacter_mori	p__Proteobacteria
s__Enterobacter_soli	p__Proteobacteria
s__Enterobacter_sp_10_1	p__Proteobacteria
s__Enterobacter_sp_638	p__Proteobacteria
s__Enterobacter_sp_FS01	p__Proteobacteria
s__Enterobacter_sp_RIT_418	p__Proteobacteria
s__Escherichia_albertii	p__Proteobacteria
s__Escherichia_coli	p__Proteobacteria
s__Escherichia_fergusonii	p__Proteobacteria
s__Escherichia_marmotae	p__Proteobacteria
s__Escherichia_sp_ESNIH1	p__Proteobacteria
s__Franconibacter_helveticus	p__Proteobacteria
s__Klebsiella_aerogenes	p__Proteobacteria
s__Klebsiella_grimontii	p__Proteobacteria
s__Klebsiella_michiganensis	p__Proteobacteria
s__Klebsiella_oxytoca	p__Proteobacteria
s__Klebsiella_pneumoniae	p__Proteobacteria
s__Klebsiella_quasipneumoniae	p__Proteobacteria
s__Klebsiella_quasivariicola	p__Proteobacteria
s__Klebsiella_sp_RIT_PI_d	p__Proteobacteria
s__Klebsiella_variicola	p__Proteobacteria
s__Klebsiella_variicola_CAG_634	p__Proteobacteria
s__Kluyvera_ascorbata	p__Proteobacteria
s__Kluyvera_cryocrescens	p__Proteobacteria
s__Kluyvera_georgiana	p__Proteobacteria
s__Kluyvera_intermedia	p__Proteobacteria
s__Kosakonia_cowanii	p__Proteobacteria
s__Kosakonia_oryzae	p__Proteobacteria
s__Kosakonia_oryzendophytica	p__Proteobacteria
s__Kosakonia_pseudosacchari	p__Proteobacteria
s__Kosakonia_radicincitans	p__Proteobacteria
s__Kosakonia_sacchari	p__Proteobacteria
s__Kosakonia_sp_S29	p__Proteobacteria
s__Leclercia_adecarboxylata	p__Proteobacteria
s__Lelliottia_jeotgali	p__Proteobacteria
s__Kluyvera_intestini	p__Proteobacteria
s__Enterobacter_lignolyticus	p__Proteobacteria
s__Pluralibacter_gergoviae	p__Proteobacteria
s__Pseudescherichia_vulneris	p__Proteobacteria
s__Pseudocitrobacter_faecalis	p__Proteobacteria
s__Raoultella_ornithinolytica	p__Proteobacteria
s__Raoultella_planticola	p__Proteobacteria
s__Raoultella_sp_T31	p__Proteobacteria
s__Raoultella_terrigena	p__Proteobacteria
s__Salmonella_enterica	p__Proteobacteria
s__Siccibacter_turicensis	p__Proteobacteria
s__Superficieibacter_electus	p__Proteobacteria
s__Yokenella_regensburgei	p__Proteobacteria
s__Erwinia_billingiae	p__Proteobacteria
s__Erwinia_gerundensis	p__Proteobacteria
s__Erwinia_persicina	p__Proteobacteria
s__Mixta_calida	p__Proteobacteria
s__Pantoea_agglomerans	p__Proteobacteria
s__Pantoea_allii	p__Proteobacteria
s__Pantoea_ananatis	p__Proteobacteria
s__Pantoea_anthophila	p__Proteobacteria
s__Pantoea_brenneri	p__Proteobacteria
s__Pantoea_conspicua	p__Proteobacteria
s__Pantoea_dispersa	p__Proteobacteria
s__Pantoea_eucrina	p__Proteobacteria
s__Pantoea_rwandensis	p__Proteobacteria
s__Pantoea_sp_PSNIH6	p__Proteobacteria
s__Pantoea_vagans	p__Proteobacteria
s__Tatumella_ptyseos	p__Proteobacteria
s__Edwardsiella_hoshinae	p__Proteobacteria
s__Edwardsiella_tarda	p__Proteobacteria
s__Hafnia_alvei	p__Proteobacteria
s__Hafnia_paralvei	p__Proteobacteria
s__Obesumbacterium_proteus	p__Proteobacteria
s__Moellerella_wisconsensis	p__Proteobacteria
s__Morganella_morganii	p__Proteobacteria
s__Proteus_hauseri	p__Proteobacteria
s__Proteus_mirabilis	p__Proteobacteria
s__Proteus_penneri	p__Proteobacteria
s__Proteus_vulgaris	p__Proteobacteria
s__Providencia_alcalifaciens	p__Proteobacteria
s__Providencia_rettgeri	p__Proteobacteria
s__Providencia_rustigianii	p__Proteobacteria
s__Providencia_stuartii	p__Proteobacteria
s__Dickeya_chrysanthemi	p__Proteobacteria
s__Dickeya_fangzhongdai	p__Proteobacteria
s__Pectobacterium_carotovorum	p__Proteobacteria
s__Pectobacterium_parmentieri	p__Proteobacteria
s__Sodalis_praecaptivus	p__Proteobacteria
s__Ewingella_americana	p__Proteobacteria
s__Rahnella_aquatilis	p__Proteobacteria
s__Rouxiella_silvae	p__Proteobacteria
s__Serratia_fonticola	p__Proteobacteria
s__Serratia_liquefaciens	p__Proteobacteria
s__Serratia_marcescens	p__Proteobacteria
s__Serratia_nematodiphila	p__Proteobacteria
s__Serratia_proteamaculans	p__Proteobacteria
s__Serratia_rubidaea	p__Proteobacteria
s__Serratia_sp_Leaf51	p__Proteobacteria
s__Serratia_sp_M24T3	p__Proteobacteria
s__Serratia_ureilytica	p__Proteobacteria
s__Yersinia_enterocolitica	p__Proteobacteria
s__Yersinia_frederiksenii	p__Proteobacteria
s__Thiohalorhabdus_denitrificans	p__Proteobacteria
s__Wohlfahrtiimonas_chitiniclastica	p__Proteobacteria
s__Wohlfahrtiimonas_sp_G9077	p__Proteobacteria
s__Immundisolibacter_cernigliae	p__Proteobacteria
s__Hydrocarboniphaga_effusa	p__Proteobacteria
s__Solimonas_fluminis	p__Proteobacteria
s__Halomonas_boliviensis	p__Proteobacteria
s__Halomonas_hydrothermalis	p__Proteobacteria
s__Salinicola_sp_MIT1003	p__Proteobacteria
s__Frischella_perrara	p__Proteobacteria
s__Gilliamella_apicola	p__Proteobacteria
s__Aggregatibacter_actinomycetemcomitans	p__Proteobacteria
s__Aggregatibacter_aphrophilus	p__Proteobacteria
s__Aggregatibacter_segnis	p__Proteobacteria
s__Aggregatibacter_sp_oral_taxon_458	p__Proteobacteria
s__Avibacterium_paragallinarum	p__Proteobacteria
s__Haemophilus_aegyptius	p__Proteobacteria
s__Haemophilus_haemoglobinophilus	p__Proteobacteria
s__Haemophilus_haemolyticus	p__Proteobacteria
s__Haemophilus_influenzae	p__Proteobacteria
s__Haemophilus_parahaemolyticus	p__Proteobacteria
s__Haemophilus_parainfluenzae	p__Proteobacteria
s__Haemophilus_paraphrohaemolyticus	p__Proteobacteria
s__Haemophilus_pittmaniae	p__Proteobacteria
s__Haemophilus_quentini	p__Proteobacteria
s__Haemophilus_sp_C1	p__Proteobacteria
s__Haemophilus_sp_HMSC71H05	p__Proteobacteria
s__Haemophilus_sputorum	p__Proteobacteria
s__Pasteurella_bettyae	p__Proteobacteria
s__Pasteurella_canis	p__Proteobacteria
s__Pasteurella_dagmatis	p__Proteobacteria
s__Pasteurella_multocida	p__Proteobacteria
s__Rodentibacter_heylii	p__Proteobacteria
s__Acinetobacter_baumannii	p__Proteobacteria
s__Acinetobacter_beijerinckii	p__Proteobacteria
s__Acinetobacter_bereziniae	p__Proteobacteria
s__Acinetobacter_bohemicus	p__Proteobacteria
s__Acinetobacter_brisouii	p__Proteobacteria
s__Acinetobacter_celticus	p__Proteobacteria
s__Acinetobacter_gandensis	p__Proteobacteria
s__Acinetobacter_guillouiae	p__Proteobacteria
s__Acinetobacter_haemolyticus	p__Proteobacteria
s__Acinetobacter_idrijaensis	p__Proteobacteria
s__Acinetobacter_indicus	p__Proteobacteria
s__Acinetobacter_johnsonii	p__Proteobacteria
s__Acinetobacter_junii	p__Proteobacteria
s__Acinetobacter_lwoffii	p__Proteobacteria
s__Acinetobacter_nosocomialis	p__Proteobacteria
s__Acinetobacter_oleivorans	p__Proteobacteria
s__Acinetobacter_parvus	p__Proteobacteria
s__Acinetobacter_pittii	p__Proteobacteria
s__Acinetobacter_radioresistens	p__Proteobacteria
s__Acinetobacter_schindleri	p__Proteobacteria
s__Acinetobacter_seifertii	p__Proteobacteria
s__Acinetobacter_soli	p__Proteobacteria
s__Acinetobacter_sp_TGL_Y2	p__Proteobacteria
s__Acinetobacter_sp_WCHAc010034	p__Proteobacteria
s__Acinetobacter_tandoii	p__Proteobacteria
s__Acinetobacter_towneri	p__Proteobacteria
s__Acinetobacter_ursingii	p__Proteobacteria
s__Acinetobacter_variabilis	p__Proteobacteria
s__Acinetobacter_venetianus	p__Proteobacteria
s__Alkanindiges_sp_H1	p__Proteobacteria
s__Moraxella_atlantae	p__Proteobacteria
s__Moraxella_canis	p__Proteobacteria
s__Moraxella_catarrhalis	p__Proteobacteria
s__Moraxella_lacunata	p__Proteobacteria
s__Moraxella_lincolnii	p__Proteobacteria
s__Moraxella_nonliquefaciens	p__Proteobacteria
s__Moraxella_osloensis	p__Proteobacteria
s__Moraxella_sp_VT_16_12	p__Proteobacteria
s__Perlucidibaca_sp_HR_E	p__Proteobacteria
s__Psychrobacter_cryohalolentis	p__Proteobacteria
s__Psychrobacter_fozii	p__Proteobacteria
s__Psychrobacter_pacificensis	p__Proteobacteria
s__Psychrobacter_pasteurii	p__Proteobacteria
s__Psychrobacter_piechaudii	p__Proteobacteria
s__Psychrobacter_piscatorii	p__Proteobacteria
s__Psychrobacter_sp_1501_2011	p__Proteobacteria
s__Psychrobacter_sp_Cmf_22_2	p__Proteobacteria
s__Psychrobacter_sp_JB385	p__Proteobacteria
s__Pseudomonas_aeruginosa_group	p__Proteobacteria
s__Pseudomonas_alcaliphila	p__Proteobacteria
s__Pseudomonas_antarctica	p__Proteobacteria
s__Pseudomonas_chengduensis	p__Proteobacteria
s__Pseudomonas_coleopterorum	p__Proteobacteria
s__Pseudomonas_deceptionensis	p__Proteobacteria
s__Pseudomonas_flexibilis	p__Proteobacteria
s__Pseudomonas_fluorescens_group	p__Proteobacteria
s__Pseudomonas_fluvialis	p__Proteobacteria
s__Pseudomonas_formosensis	p__Proteobacteria
s__Pseudomonas_fragi	p__Proteobacteria
s__Pseudomonas_gingeri	p__Proteobacteria
s__Pseudomonas_graminis	p__Proteobacteria
s__Pseudomonas_grimontii	p__Proteobacteria
s__Pseudomonas_guguanensis	p__Proteobacteria
s__Pseudomonas_helleri	p__Proteobacteria
s__Pseudomonas_hunanensis	p__Proteobacteria
s__Pseudomonas_indoloxydans	p__Proteobacteria
s__Pseudomonas_kunmingensis	p__Proteobacteria
s__Pseudomonas_kuykendallii	p__Proteobacteria
s__Pseudomonas_lactis	p__Proteobacteria
s__Pseudomonas_lundensis	p__Proteobacteria
s__Pseudomonas_lurida	p__Proteobacteria
s__Pseudomonas_moraviensis	p__Proteobacteria
s__Pseudomonas_panacis	p__Proteobacteria
s__Pseudomonas_parafulva	p__Proteobacteria
s__Pseudomonas_paralactis	p__Proteobacteria
s__Pseudomonas_psychrophila	p__Proteobacteria
s__Pseudomonas_psychrotolerans	p__Proteobacteria
s__Pseudomonas_putida_group	p__Proteobacteria
s__Pseudomonas_rhizosphaerae	p__Proteobacteria
s__Pseudomonas_seleniipraecipitans	p__Proteobacteria
s__Pseudomonas_silesiensis	p__Proteobacteria
s__Pseudomonas_simiae	p__Proteobacteria
s__Pseudomonas_soli	p__Proteobacteria
s__Pseudomonas_sp_21	p__Proteobacteria
s__Pseudomonas_sp_2822_17	p__Proteobacteria
s__Pseudomonas_sp_57B_090624	p__Proteobacteria
s__Pseudomonas_sp_Choline_02u_1	p__Proteobacteria
s__Pseudomonas_sp_HAR_UPW_AIA_41	p__Proteobacteria
s__Pseudomonas_sp_HMWF006	p__Proteobacteria
s__Pseudomonas_sp_NS1_2017	p__Proteobacteria
s__Pseudomonas_sp_OV467	p__Proteobacteria
s__Pseudomonas_sp_OV508	p__Proteobacteria
s__Pseudomonas_sp_R9_37	p__Proteobacteria
s__Pseudomonas_sp_TTU2014_080ASC	p__Proteobacteria
s__Pseudomonas_taetrolens	p__Proteobacteria
s__Pseudomonas_versuta	p__Proteobacteria
s__Pseudomonas_weihenstephanensis	p__Proteobacteria
s__Pseudomonas_yamanorum	p__Proteobacteria
s__Pseudomonas_zeshuii	p__Proteobacteria
s__Aliivibrio_logei	p__Proteobacteria
s__Photobacterium_aquimaris	p__Proteobacteria
s__Photobacterium_damselae	p__Proteobacteria
s__Photobacterium_iliopiscarium	p__Proteobacteria
s__Photobacterium_phosphoreum	p__Proteobacteria
s__Vibrio_cholerae	p__Proteobacteria
s__Vibrio_fluvialis	p__Proteobacteria
s__Vibrio_furnissii	p__Proteobacteria
s__Vibrio_kanaloae	p__Proteobacteria
s__Vibrio_parahaemolyticus	p__Proteobacteria
s__Rhodanobacter_glycinis	p__Proteobacteria
s__Rhodanobacter_sp_TND4EH1	p__Proteobacteria
s__Luteimonas_sp_83_4	p__Proteobacteria
s__Lysobacter_enzymogenes	p__Proteobacteria
s__Lysobacter_soli	p__Proteobacteria
s__Lysobacter_tolerans	p__Proteobacteria
s__Pseudoxanthomonas_sp_CF385	p__Proteobacteria
s__Stenotrophomonas_acidaminiphila	p__Proteobacteria
s__Stenotrophomonas_ginsengisoli	p__Proteobacteria
s__Stenotrophomonas_humi	p__Proteobacteria
s__Stenotrophomonas_koreensis	p__Proteobacteria
s__Stenotrophomonas_maltophilia	p__Proteobacteria
s__Stenotrophomonas_pavanii	p__Proteobacteria
s__Stenotrophomonas_rhizophila	p__Proteobacteria
s__Stenotrophomonas_sp_BIIR7	p__Proteobacteria
s__Thermomonas_hydrothermalis	p__Proteobacteria
s__Pseudomonas_geniculata	p__Proteobacteria
s__Xanthomonadaceae_bacterium_NML07_0707	p__Proteobacteria
s__Xanthomonadaceae_bacterium_NML91_0213	p__Proteobacteria
s__Xanthomonas_alfalfae	p__Proteobacteria
s__Xanthomonas_arboricola	p__Proteobacteria
s__Xanthomonas_oryzae	p__Proteobacteria
s__Xanthomonas_phaseoli	p__Proteobacteria
s__Xanthomonas_translucens	p__Proteobacteria
s__Hydrogenophilus_thermoluteolus	p__Proteobacteria
s__Tepidiphilus_thermophilus	p__Proteobacteria
s__Proteobacteria_bacterium_CAG_139	p__Proteobacteria
s__Proteobacteria_bacterium_SG_bin4	p__Proteobacteria
s__Brachyspira_pilosicoli	p__Spirochaetes
s__Brachyspira_sp_CAG_700	p__Spirochaetes
s__Treponema_berlinense	p__Spirochaetes
s__Treponema_denticola	p__Spirochaetes
s__Treponema_lecithinolyticum	p__Spirochaetes
s__Treponema_maltophilum	p__Spirochaetes
s__Treponema_medium	p__Spirochaetes
s__Treponema_porcinum	p__Spirochaetes
s__Treponema_putidum	p__Spirochaetes
s__Treponema_saccharophilum	p__Spirochaetes
s__Treponema_socranskii	p__Spirochaetes
s__Treponema_sp_OMZ_838	p__Spirochaetes
s__Treponema_succinifaciens	p__Spirochaetes
s__Treponema_vincentii	p__Spirochaetes
s__Leptospira_licerasiae	p__Spirochaetes
s__Leptospira_sp_E8	p__Spirochaetes
s__Acetomicrobium_flavidum	p__Synergistetes
s__Cloacibacillus_porcorum	p__Synergistetes
s__Cloacibacillus_sp_An23	p__Synergistetes
s__Fretibacterium_fastidiosum	p__Synergistetes
s__Jonquetella_anthropi	p__Synergistetes
s__Pyramidobacter_piscolens	p__Synergistetes
s__Pyramidobacter_sp_C12_8	p__Synergistetes
s__Synergistes_jonesii	p__Synergistetes
s__Acholeplasma_oculi	p__Tenericutes
s__Spiroplasma_eriocheiris	p__Tenericutes
s__Mycoplasma_bovis	p__Tenericutes
s__Mycoplasma_cynos	p__Tenericutes
s__Mycoplasma_hominis	p__Tenericutes
s__Mycoplasma_hyorhinis	p__Tenericutes
s__Mycoplasma_sp_HU2014	p__Tenericutes
s__Ureaplasma_parvum	p__Tenericutes
s__Ureaplasma_urealyticum	p__Tenericutes
s__Akkermansia_glycaniphila	p__Verrucomicrobia
s__Akkermansia_muciniphila	p__Verrucomicrobia
