study_name	sample_id	subject_id	body_site	antibiotics_current_use	study_condition	disease	age	infant_age	age_category	gender	country	non_westernized	sequencing_platform	DNA_extraction_kit	PMID	number_reads	number_bases	minimum_read_length	median_read_length	NCBI_accession	pregnant	lactating	curator	BMI	family	days_from_first_collection	family_role	born_method	feeding_practice	travel_destination	location	visit_number	premature	birth_weight	gestational_age	antibiotics_family	disease_subtype	days_after_onset	creatine	albumine	hscrp	ESR	treatment	ast	alt	globulin	urea_nitrogen	BASDAI	BASFI	alcohol	flg_genotype	population	menopausal_status	lifestyle	body_subsite	diet	tnm	triglycerides	hdl	ldl	hba1c	smoker	ever_smoker	dental_sample_type	history_of_periodontitis	PPD_M	PPD_B	PPD_D	PPD_L	fobt	disease_stage	disease_location	calprotectin	HBI	SCCAI	uncurated_metadata	mumps	cholesterol	c_peptide	glucose	creatinine	bilubirin	prothrombin_time	wbc	rbc	hemoglobinometry	remission	dyastolic_p	systolic_p	insulin_cat	adiponectin	glp_1	cd163	il_1	leptin	fgf_19	glutamate_decarboxylase_2_antibody	HLA	autoantibody_positive	age_seroconversion	age_T1D_diagnosis	hitchip_probe_class	fasting_insulin	fasting_glucose	protein_intake	stec_count	shigatoxin_2_elisa	stool_texture	anti_PD_1	mgs_richness	ferm_milk_prod_consumer	inr	ctp	birth_control_pil	c_section_type	ajcc	hla_drb12	hla_dqa12	hla_dqa11	hla_drb11	birth_order	age_twins_started_to_live_apart	zigosity	brinkman_index	alcohol_numeric	breastfeeding_duration	formula_first_day	ALT	eGFR
XieH_2016	YSZC12003_35365	YSZC12003_35365	stool		control	Health	62.0		adult	female	GBR	no	IlluminaHiSeq	Qiagen	27818083	64334768	6312997105	30	100	ERR911953	no	no	Valentina_Giunchiglia;Marisa_Metzger	38.0	XieH_2016_1						Greater_London		no																				post									no	no																																																										2.0	28.0	monozygotic						
XieH_2016	YSZC12003_35366	YSZC12003_35366	stool		control	Health	62.0		adult	female	GBR	no	IlluminaHiSeq	Qiagen	27818083	71251736	6947672000	30	100	ERR912182	no	no	Valentina_Giunchiglia;Marisa_Metzger	40.0	XieH_2016_1						Greater_London		no																				post									no	no																																																										1.0	28.0	monozygotic						
XieH_2016	YSZC12003_35388	YSZC12003_35388	stool		control	Health	50.0		adult	female	GBR	no	IlluminaHiSeq	Qiagen	27818083	80104466	7827377973	30	100	ERR911955	no	no	Valentina_Giunchiglia;Marisa_Metzger	24.0	XieH_2016_2			vaginal			Hertfordshire		no																	yes			pre									no	yes																																																										1.0	16.0	dizygotic						
XieH_2016	YSZC12003_35389R1	YSZC12003_35389R1	stool		control	Health	65.0		adult	female	GBR	no	IlluminaHiSeq	Qiagen	27818083	68291882	6718330374	30	100	ERR912073	no	no	Valentina_Giunchiglia;Marisa_Metzger	20.0	XieH_2016_3			vaginal					no																	yes			post									no	no																																																										2.0	23.0	dizygotic						
XieH_2016	YSZC12003_35390	YSZC12003_35390	stool		control	Health	65.0		adult	female	GBR	no	IlluminaHiSeq	Qiagen	27818083	80038942	7752173878	30	100	ERR912123	no	no	Valentina_Giunchiglia;Marisa_Metzger	20.0	XieH_2016_3			vaginal			Gloucestershire		no																	yes			post									no	no																																																										1.0	23.0	dizygotic						
XieH_2016	YSZC12003_35391	YSZC12003_35391	stool		control	Health	65.0		adult	female	GBR	no	IlluminaHiSeq	Qiagen	27818083	75225000	7407184286	30	100	ERR912074	no	no	Valentina_Giunchiglia;Marisa_Metzger	21.0	XieH_2016_4			vaginal			Hertfordshire		no																	yes			post									no	no																																																										1.0	22.0	dizygotic						
XieH_2016	YSZC12003_35392	YSZC12003_35392	stool		control	Health	65.0		adult	female	GBR	no	IlluminaHiSeq	Qiagen	27818083	77741276	7652815700	30	100	ERR911956	no	no	Valentina_Giunchiglia;Marisa_Metzger	27.0	XieH_2016_4			vaginal			Cambridgeshire		no																	yes			post									no	yes																																																										2.0	22.0	dizygotic						
XieH_2016	YSZC12003_35505	YSZC12003_35505	stool		control	Health	42.0		adult	female	GBR	no	IlluminaHiSeq	Qiagen	27818083	75150146	7316437952	30	100	ERR912124	no	no	Valentina_Giunchiglia;Marisa_Metzger	22.0	XieH_2016_5			vaginal			Bedfordshire		no																	yes			pre									no	no																																																										1.0	20.0	dizygotic						
XieH_2016	YSZC12003_35506	YSZC12003_35506	stool		control	Health	42.0		adult	female	GBR	no	IlluminaHiSeq	Qiagen	27818083	73280940	7123388908	30	100	ERR912125	no	no	Valentina_Giunchiglia;Marisa_Metzger	21.0	XieH_2016_5			vaginal			Bedfordshire		no																	yes			pre									no	no																																																										2.0	20.0	dizygotic						
XieH_2016	YSZC12003_35512	YSZC12003_35512	stool		control	Health	67.0		senior	female	GBR	no	IlluminaHiSeq	Qiagen	27818083	80235494	7841948004	30	100	ERR911957	no	no	Valentina_Giunchiglia;Marisa_Metzger	27.0	XieH_2016_6			vaginal			Surrey		no																	yes			post									no	no																																																										1.0	20.0	dizygotic						
XieH_2016	YSZC12003_35515	YSZC12003_35515	stool		migraine	migraine	56.0		adult	female	GBR	no	IlluminaHiSeq	Qiagen	27818083	72383506	7113529197	30	100	ERR911958	no	no	Valentina_Giunchiglia;Marisa_Metzger	29.0	XieH_2016_7						Somerset		yes																	yes			post									no	yes																																																										2.0	51.0	dizygotic						
XieH_2016	YSZC12003_35516	YSZC12003_35516	stool		control	Health	56.0		adult	female	GBR	no	IlluminaHiSeq	Qiagen	27818083	73863708	7257860977	30	100	ERR911959	no	no	Valentina_Giunchiglia;Marisa_Metzger	31.0	XieH_2016_7						Somerset		yes																	yes			post									no	yes																																																										2.0	51.0	dizygotic						
XieH_2016	YSZC12003_35520	YSZC12003_35520	stool		control	Health	72.0		senior	female	GBR	no	IlluminaHiSeq	Qiagen	27818083	80692314	7904712841	30	100	ERR912076	no	no	Valentina_Giunchiglia;Marisa_Metzger	21.0	XieH_2016_8						Leicestershire		yes																	yes			post									no	yes																																																										1.0	20.0	monozygotic						
XieH_2016	YSZC12003_35523	YSZC12003_35523	stool		control	Health	53.0		adult	female	GBR	no	IlluminaHiSeq	Qiagen	27818083	75026366	7374481117	30	100	ERR911960	no	no	Valentina_Giunchiglia;Marisa_Metzger	25.0	XieH_2016_9						Greater_London		no																	yes												no	no																																																												dizygotic						
XieH_2016	YSZC12003_35524	YSZC12003_35524	stool		control	Health	53.0		adult	female	GBR	no	IlluminaHiSeq	Qiagen	27818083	63950580	6282328411	30	100	ERR911961	no	no	Valentina_Giunchiglia;Marisa_Metzger	23.0	XieH_2016_9						Greater_London		no																	no												no	yes																																																												dizygotic						
XieH_2016	YSZC12003_35541	YSZC12003_35541	stool		migraine	migraine	49.0		adult	female	GBR	no	IlluminaHiSeq	Qiagen	27818083	60786080	5982253611	30	100	ERR912077	no	no	Valentina_Giunchiglia;Marisa_Metzger	27.0	XieH_2016_10						Greaterer_London		no																				pre									no	no																																																										2.0	19.0	monozygotic						
XieH_2016	YSZC12003_35542	YSZC12003_35542	stool		migraine	migraine	49.0		adult	female	GBR	no	IlluminaHiSeq	Qiagen	27818083	69838136	6859792064	30	100	ERR911962	no	no	Valentina_Giunchiglia;Marisa_Metzger	26.0	XieH_2016_10						Greaterer_London		no																				pre									no	no																																																										1.0	19.0	monozygotic						
XieH_2016	YSZC12003_35549	YSZC12003_35549	stool		control	Health	73.0		senior	female	GBR	no	IlluminaHiSeq	Qiagen	27818083	76076414	7457570338	30	100	ERR911963	no	no	Valentina_Giunchiglia;Marisa_Metzger	24.0	XieH_2016_11			vaginal			Nottinghamshire		no																	no			post									no	no																																																										1.0	19.0	dizygotic						
XieH_2016	YSZC12003_35550	YSZC12003_35550	stool		control	Health	73.0		senior	female	GBR	no	IlluminaHiSeq	Qiagen	27818083	89621746	8773412425	30	100	ERR911964	no	no	Valentina_Giunchiglia;Marisa_Metzger	25.0	XieH_2016_11			vaginal			Nottinghamshire		no																	no			post									no	no																																																										2.0	19.0	dizygotic						
XieH_2016	YSZC12003_35552	YSZC12003_35552	stool		migraine	migraine	61.0		adult	female	GBR	no	IlluminaHiSeq	Qiagen	27818083	69903008	6843238669	30	100	ERR912078	no	no	Valentina_Giunchiglia;Marisa_Metzger	20.0	XieH_2016_12			vaginal			Lancashire		no																	no			post									yes	yes																																																										1.0	19.0	dizygotic						
XieH_2016	YSZC12003_35561	YSZC12003_35561	stool		control	Health	68.0		senior	female	GBR	no	IlluminaHiSeq	Qiagen	27818083	72963810	7148551908	30	100	ERR912079	no	no	Valentina_Giunchiglia;Marisa_Metzger	23.0	XieH_2016_13			vaginal			Dorset		no																	yes			post									no	no																																																										1.0	22.0	dizygotic						
XieH_2016	YSZC12003_35562	YSZC12003_35562	stool		control	Health	68.0		senior	female	GBR	no	IlluminaHiSeq	Qiagen	27818083	67134470	6568571008	30	100	ERR912080	no	no	Valentina_Giunchiglia;Marisa_Metzger	25.0	XieH_2016_13			vaginal			East_Sussex		no																	yes			post																																																																				2.0	22.0	dizygotic						
XieH_2016	YSZC12003_35563	YSZC12003_35563	stool		control	Health	61.0		adult	female	GBR	no	IlluminaHiSeq	Qiagen	27818083	87970740	8586172049	30	100	ERR911966	no	no	Valentina_Giunchiglia;Marisa_Metzger	44.0	XieH_2016_14			vaginal			Hertfordshire		no																	yes			post									no	no																																																										1.0	21.0	dizygotic						
XieH_2016	YSZC12003_35564	YSZC12003_35564	stool		control	Health	61.0		adult	female	GBR	no	IlluminaHiSeq	Qiagen	27818083	73253462	7166108973	30	100	ERR912127	no	no	Valentina_Giunchiglia;Marisa_Metzger	35.0	XieH_2016_14			vaginal			Greaterer_London		no																	yes			post									no	yes																																																										2.0	21.0	dizygotic						
XieH_2016	YSZC12003_35577	YSZC12003_35577	stool		control	Health	59.0		adult	female	GBR	no	IlluminaHiSeq	Qiagen	27818083	70809438	6953793472	30	100	ERR911967	no	no	Valentina_Giunchiglia;Marisa_Metzger	38.0	XieH_2016_15						Kent		no																	no			post									no	no																																																										1.0	23.0	monozygotic						
XieH_2016	YSZC12003_35578	YSZC12003_35578	stool		control	Health	59.0		adult	female	GBR	no	IlluminaHiSeq	Qiagen	27818083	70955428	6923736093	30	100	ERR911968	no	no	Valentina_Giunchiglia;Marisa_Metzger	31.0	XieH_2016_15						Northamptonshire		no																	yes			post									no	no																																																										2.0	23.0	monozygotic						
XieH_2016	YSZC12003_35583	YSZC12003_35583	stool		control	Health	60.0		adult	female	GBR	no	IlluminaHiSeq	Qiagen	27818083	63859746	6243785374	30	100	ERR911969	no	no	Valentina_Giunchiglia;Marisa_Metzger	27.0	XieH_2016_16			vaginal			Greater_Manchester		no																	yes			post									no	no																																																										2.0	18.0	dizygotic						
XieH_2016	YSZC12003_35629	YSZC12003_35629	stool		control	Health	63.0		adult	female	GBR	no	IlluminaHiSeq	Qiagen	27818083	71246888	6939933385	30	100	ERR912128	no	no	Valentina_Giunchiglia;Marisa_Metzger	33.0	XieH_2016_17						Clwyd		yes																	yes			post									no	no																																																										1.0	18.0	dizygotic						
XieH_2016	YSZC12003_35630	YSZC12003_35630	stool		migraine	migraine	63.0		adult	female	GBR	no	IlluminaHiSeq	Qiagen	27818083	73685638	7176570046	30	100	ERR911970	no	no	Valentina_Giunchiglia;Marisa_Metzger	23.0	XieH_2016_17						Clwyd		yes																	yes			post									no	no																																																										2.0	18.0	dizygotic						
XieH_2016	YSZC12003_35635	YSZC12003_35635	stool		control	Health	66.0		senior	female	GBR	no	IlluminaHiSeq	Qiagen	27818083	63173506	6203258574	30	100	ERR911971	no	no	Valentina_Giunchiglia;Marisa_Metzger	22.0	XieH_2016_18						Bedfordshire		yes																	yes			post									no	yes																																																										1.0	21.0	monozygotic						
XieH_2016	YSZC12003_35636	YSZC12003_35636	stool		control	Health	66.0		senior	female	GBR	no	IlluminaHiSeq	Qiagen	27818083	65559736	6368573755	30	100	ERR912129	no	no	Valentina_Giunchiglia;Marisa_Metzger	22.0	XieH_2016_18						Greaterer_London		yes																	yes			post									no	yes																																																										2.0	21.0	monozygotic						
XieH_2016	YSZC12003_35653	YSZC12003_35653	stool		control	Health	54.0		adult	female	GBR	no	IlluminaHiSeq	Qiagen	27818083	73127632	7195318457	30	100	ERR912081	no	no	Valentina_Giunchiglia;Marisa_Metzger	21.0	XieH_2016_19			vaginal			salop		no																	yes			post									yes	yes																																																										2.0	20.0	dizygotic						
XieH_2016	YSZC12003_35654	YSZC12003_35654	stool		migraine	migraine	54.0		adult	female	GBR	no	IlluminaHiSeq	Qiagen	27818083	66987864	6491455295	30	100	ERR912130	no	no	Valentina_Giunchiglia;Marisa_Metzger	24.0	XieH_2016_19			vaginal			Staffordshire		no																	yes			going_through									no	no																																																										1.0	20.0	dizygotic						
XieH_2016	YSZC12003_35657	YSZC12003_35657	stool		migraine	migraine	73.0		senior	female	GBR	no	IlluminaHiSeq	Qiagen	27818083	64297714	6313226903	30	100	ERR911972	no	no	Valentina_Giunchiglia;Marisa_Metzger	28.0	XieH_2016_20			vaginal			Gwent		no																	no			post									no	no																																																										1.0	17.0	monozygotic						
XieH_2016	YSZC12003_35658	YSZC12003_35658	stool		control	Health	73.0		senior	female	GBR	no	IlluminaHiSeq	Qiagen	27818083	68218004	6688566605	30	100	ERR911973	no	no	Valentina_Giunchiglia;Marisa_Metzger	27.0	XieH_2016_20			vaginal			Gwent		no																	yes			post									no	no																																																										2.0	17.0	monozygotic						
XieH_2016	YSZC12003_35665	YSZC12003_35665	stool		control	Health	64.0		adult	female	GBR	no	IlluminaHiSeq	Qiagen	27818083	83021310	8162725229	30	100	ERR911974	no	no	Valentina_Giunchiglia;Marisa_Metzger	25.0	XieH_2016_21			vaginal			Essex		no																	yes			post									no	no																																																										2.0	20.0	dizygotic						
XieH_2016	YSZC12003_35666	YSZC12003_35666	stool		control	Health	64.0		adult	female	GBR	no	IlluminaHiSeq	Qiagen	27818083	69371420	6774773237	30	100	ERR911975	no	no	Valentina_Giunchiglia;Marisa_Metzger	24.0	XieH_2016_21			vaginal			Greaterer_London		no																	yes			post									no	no																																																										1.0	20.0	dizygotic						
XieH_2016	YSZC12003_35698	YSZC12003_35698	stool		control	Health	69.0		senior	female	GBR	no	IlluminaHiSeq	Qiagen	27818083	73413078	7192462224	30	100	ERR912131	no	no	Valentina_Giunchiglia;Marisa_Metzger	22.0	XieH_2016_22			vaginal			Greaterer_London		no																	no			post									no	no																																																										2.0	20.0	monozygotic						
XieH_2016	YSZC12003_35703	YSZC12003_35703	stool		control	Health	63.0		adult	female	GBR	no	IlluminaHiSeq	Qiagen	27818083	91244818	8990848494	30	100	ERR912183	no	no	Valentina_Giunchiglia;Marisa_Metzger	22.0	XieH_2016_23						Hertfordshire		no																	yes			post									no	yes																																																										1.0	19.0	monozygotic						
XieH_2016	YSZC12003_35704	YSZC12003_35704	stool		migraine	migraine	63.0		adult	female	GBR	no	IlluminaHiSeq	Qiagen	27818083	68934032	6787088849	30	100	ERR912082	no	no	Valentina_Giunchiglia;Marisa_Metzger	22.0	XieH_2016_23						Norfolk		no																	yes			post									no	yes																																																										2.0	19.0	monozygotic						
XieH_2016	YSZC12003_35705	YSZC12003_35705	stool		control	Health	68.0		senior	female	GBR	no	IlluminaHiSeq	Qiagen	27818083	66991690	6564082392	30	100	ERR911977	no	no	Valentina_Giunchiglia;Marisa_Metzger	31.0	XieH_2016_24						Hampshire		no																	yes			post									no	yes																																																										1.0	24.0	dizygotic						
XieH_2016	YSZC12003_35706	YSZC12003_35706	stool		migraine	migraine	68.0		senior	female	GBR	no	IlluminaHiSeq	Qiagen	27818083	72040492	7078618518	30	100	ERR911978	no	no	Valentina_Giunchiglia;Marisa_Metzger	26.0	XieH_2016_24						Hampshire		no																	yes			post									no	no																																																										2.0	24.0	dizygotic						
XieH_2016	YSZC12003_35707	YSZC12003_35707	stool		control	Health	69.0		senior	female	GBR	no	IlluminaHiSeq	Qiagen	27818083	76771010	7544193567	30	100	ERR912184	no	no	Valentina_Giunchiglia;Marisa_Metzger	19.0	XieH_2016_25			vaginal			East_Sussex		no																	yes			post									no	no																																																										1.0	25.0	dizygotic						
XieH_2016	YSZC12003_35708	YSZC12003_35708	stool		control	Health	69.0		senior	female	GBR	no	IlluminaHiSeq	Qiagen	27818083	70950898	6954082308	30	100	ERR912083	no	no	Valentina_Giunchiglia;Marisa_Metzger	20.0	XieH_2016_25			vaginal			Kent		no																	yes			post									yes	yes																																																										2.0	25.0	dizygotic						
XieH_2016	YSZC12003_35723	YSZC12003_35723	stool		control	Health	64.0		adult	female	GBR	no	IlluminaHiSeq	Qiagen	27818083	70298090	6901353420	30	100	ERR911980	no	no	Valentina_Giunchiglia;Marisa_Metzger	24.0	XieH_2016_27						Cheshire		no																	yes			post									no	yes																																																										2.0	23.0	dizygotic						
XieH_2016	YSZC12003_35724	YSZC12003_35724	stool		migraine	migraine	64.0		adult	female	GBR	no	IlluminaHiSeq	Qiagen	27818083	68319378	6733743022	30	100	ERR912185	no	no	Valentina_Giunchiglia;Marisa_Metzger	23.0	XieH_2016_27						Surrey		no																	no			post									no	yes																																																										1.0	23.0	dizygotic						
XieH_2016	YSZC12003_35733	YSZC12003_35733	stool		control	Health	68.0		senior	female	GBR	no	IlluminaHiSeq	Qiagen	27818083	76985332	7557130872	30	100	ERR911981	no	no	Valentina_Giunchiglia;Marisa_Metzger	24.0	XieH_2016_28			vaginal			Greaterer_London		no																	yes			post									no	yes																																																										1.0	18.0	dizygotic						
XieH_2016	YSZC12003_35734	YSZC12003_35734	stool		control	Health	68.0		senior	female	GBR	no	IlluminaHiSeq	Qiagen	27818083	68749002	6705870085	30	100	ERR912132	no	no	Valentina_Giunchiglia;Marisa_Metzger	25.0	XieH_2016_28			vaginal			Suffolk		no																	yes			post									no	yes																																																										2.0	18.0	dizygotic						
XieH_2016	YSZC12003_35739	YSZC12003_35739	stool		control	Health	68.0		senior	female	GBR	no	IlluminaHiSeq	Qiagen	27818083	71003370	6988295972	30	100	ERR911982	no	no	Valentina_Giunchiglia;Marisa_Metzger	19.0	XieH_2016_29						Greater_London		no																	no			post									no	no																																																										2.0	18.0	dizygotic						
XieH_2016	YSZC12003_35740	YSZC12003_35740	stool		control	Health	68.0		senior	female	GBR	no	IlluminaHiSeq	Qiagen	27818083	73660606	7233975810	30	100	ERR911983	no	no	Valentina_Giunchiglia;Marisa_Metzger	24.0	XieH_2016_29						Surrey		no																	yes			post									no	yes																																																										1.0	18.0	dizygotic						
XieH_2016	YSZC12003_35741	YSZC12003_35741	stool		control	Health	48.0		adult	female	GBR	no	IlluminaHiSeq	Qiagen	27818083	61090142	5978948845	30	100	ERR911984	no	no	Valentina_Giunchiglia;Marisa_Metzger	20.0	XieH_2016_30			vaginal			Kent		no																	yes			pre									no	yes																																																										2.0	18.0	dizygotic						
XieH_2016	YSZC12003_35742	YSZC12003_35742	stool		control	Health	48.0		adult	female	GBR	no	IlluminaHiSeq	Qiagen	27818083	72956344	7137756509	30	100	ERR911985	no	no	Valentina_Giunchiglia;Marisa_Metzger	24.0	XieH_2016_30			vaginal			Kent		no																	yes			going_through									yes	yes																																																										1.0	18.0	dizygotic						
XieH_2016	YSZC12003_35979	YSZC12003_35979	stool		control	Health	54.0		adult	female	GBR	no	IlluminaHiSeq	Qiagen	27818083	57277118	5597077037	30	100	ERR911986	no	no	Valentina_Giunchiglia;Marisa_Metzger	21.0	XieH_2016_32						Lancashire		no																	yes			going_through									no	yes																																																											18.0	monozygotic						
XieH_2016	YSZC12003_35980	YSZC12003_35980	stool		control	Health	54.0		adult	female	GBR	no	IlluminaHiSeq	Qiagen	27818083	65705858	6452163760	30	100	ERR911987	no	no	Valentina_Giunchiglia;Marisa_Metzger	23.0	XieH_2016_32						Lancashire		no																	yes			going_through									no	yes																																																											18.0	monozygotic						
XieH_2016	YSZC12003_35989	YSZC12003_35989	stool		control	Health	50.0		adult	female	GBR	no	IlluminaHiSeq	Qiagen	27818083	76105304	7447563164	30	100	ERR912086	no	no	Valentina_Giunchiglia;Marisa_Metzger	25.0	XieH_2016_33			vaginal			Oxfordshire		no																	yes			going_through									no	no																																																										1.0	18.0	dizygotic						
XieH_2016	YSZC12003_35990	YSZC12003_35990	stool		control	Health	50.0		adult	female	GBR	no	IlluminaHiSeq	Qiagen	27818083	73446786	7162433071	30	100	ERR912133	no	no	Valentina_Giunchiglia;Marisa_Metzger	21.0	XieH_2016_33			vaginal			West_Sussex		no																	yes			going_through									no	yes																																																										2.0	18.0	dizygotic						
XieH_2016	YSZC12003_35991	YSZC12003_35991	stool		migraine	migraine	57.0		adult	female	GBR	no	IlluminaHiSeq	Qiagen	27818083	68269436	6690168029	30	100	ERR911988	no	no	Valentina_Giunchiglia;Marisa_Metzger	23.0	XieH_2016_34						Essex		no																	yes			post									no	yes																																																										1.0	22.0	monozygotic						
XieH_2016	YSZC12003_35992	YSZC12003_35992	stool		control	Health	57.0		adult	female	GBR	no	IlluminaHiSeq	Qiagen	27818083	60875008	5974455721	30	100	ERR911989	no	no	Valentina_Giunchiglia;Marisa_Metzger	23.0	XieH_2016_34						Essex		no																	yes			post									no	no																																																										2.0	21.0	monozygotic						
XieH_2016	YSZC12003_35999	YSZC12003_35999	stool		migraine	migraine	56.0		adult	female	GBR	no	IlluminaHiSeq	Qiagen	27818083	73116452	7183545079	30	100	ERR912186	no	no	Valentina_Giunchiglia;Marisa_Metzger	27.0	XieH_2016_35			vaginal			Kent		no																	no			going_through									no	no																																																										1.0	18.0	dizygotic						
XieH_2016	YSZC12003_36000	YSZC12003_36000	stool		control	Health	56.0		adult	female	GBR	no	IlluminaHiSeq	Qiagen	27818083	66708386	6574315010	30	100	ERR912187	no	no	Valentina_Giunchiglia;Marisa_Metzger	27.0	XieH_2016_35			vaginal			Hampshire		no																	yes			post									no	no																																																										2.0	18.0	dizygotic						
XieH_2016	YSZC12003_36006	YSZC12003_36006	stool		control	Health	73.0		senior	female	GBR	no	IlluminaHiSeq	Qiagen	27818083	71384794	6987259800	30	100	ERR911991	no	no	Valentina_Giunchiglia;Marisa_Metzger	21.0	XieH_2016_36						Bristol		yes																	yes			post									no	no																																																										2.0	25.0	monozygotic						
XieH_2016	YSZC12003_36008	YSZC12003_36008	stool		control	Health	51.0		adult	female	GBR	no	IlluminaHiSeq	Qiagen	27818083	100697702	9835992426	30	100	ERR912087	no	no	Valentina_Giunchiglia;Marisa_Metzger	22.0	XieH_2016_37						Essex		yes																	yes			going_through									no	no																																																										1.0	18.0	dizygotic						
XieH_2016	YSZC12003_36012	YSZC12003_36012	stool		control	Health	71.0		senior	female	GBR	no	IlluminaHiSeq	Qiagen	27818083	70984064	6891308250	30	100	ERR912135	no	no	Valentina_Giunchiglia;Marisa_Metzger	23.0	XieH_2016_38			vaginal			Kent		no																	yes			post									yes	yes																																																										1.0	17.0	dizygotic						
XieH_2016	YSZC12003_36019	YSZC12003_36019	stool		control	Health	70.0		senior	female	GBR	no	IlluminaHiSeq	Qiagen	27818083	63907412	6300410053	30	100	ERR912188	no	no	Valentina_Giunchiglia;Marisa_Metzger	28.0	XieH_2016_39			vaginal			South_Yorkshire		no																	yes			post									no	yes																																																										1.0	21.0	monozygotic						
XieH_2016	YSZC12003_36020	YSZC12003_36020	stool		control	Health	70.0		senior	female	GBR	no	IlluminaHiSeq	Qiagen	27818083	65737600	6470607945	30	100	ERR912088	no	no	Valentina_Giunchiglia;Marisa_Metzger	21.0	XieH_2016_39			vaginal			South_Yorkshire		no																	yes			post									yes	yes																																																										2.0	21.0	monozygotic						
XieH_2016	YSZC12003_36034	YSZC12003_36034	stool		control	Health	69.0		senior	female	GBR	no	IlluminaHiSeq	Qiagen	27818083	59531308	5875939319	30	100	ERR911994	no	no	Valentina_Giunchiglia;Marisa_Metzger	22.0	XieH_2016_40			vaginal			East_Sussex		no																	yes			post									no	yes																																																										1.0	24.0	dizygotic						
XieH_2016	YSZC12003_36049	YSZC12003_36049	stool		control	Health	70.0		senior	female	GBR	no	IlluminaHiSeq	Qiagen	27818083	91536868	8991096785	30	100	ERR911995	no	no	Valentina_Giunchiglia;Marisa_Metzger	26.0	XieH_2016_41						Essex		no																	yes			post									no	yes																																																											19.0	monozygotic						
XieH_2016	YSZC12003_36051	YSZC12003_36051	stool		control	Health	61.0		adult	female	GBR	no	IlluminaHiSeq	Qiagen	27818083	64996720	6403233740	30	100	ERR912090	no	no	Valentina_Giunchiglia;Marisa_Metzger	22.0	XieH_2016_42						East_Sussex		no																	yes			post									no	yes																																																										2.0	18.0	monozygotic						
XieH_2016	YSZC12003_36055	YSZC12003_36055	stool		control	Health	42.0		adult	female	GBR	no	IlluminaHiSeq	Qiagen	27818083	75800840	7370861959	30	100	ERR912137	no	no	Valentina_Giunchiglia;Marisa_Metzger	23.0	XieH_2016_43						East_Sussex		no																	yes			pre									yes	yes																																																											17.0	dizygotic						
XieH_2016	YSZC12003_36058	YSZC12003_36058	stool		control	Health	69.0		senior	female	GBR	no	IlluminaHiSeq	Qiagen	27818083	81859770	7970567606	30	100	ERR911998	no	no	Valentina_Giunchiglia;Marisa_Metzger	27.0	XieH_2016_44						Devon		yes																	yes			post									no	no																																																										2.0	37.0	monozygotic						
XieH_2016	YSZC12003_36116	YSZC12003_36116	stool		control	Health	56.0		adult	female	GBR	no	IlluminaHiSeq	Qiagen	27818083	53972640	5303704225	30	100	ERR911999	no	no	Valentina_Giunchiglia;Marisa_Metzger	33.0	XieH_2016_45			vaginal			Cornwall		no																	yes			post									no	no																																																										1.0	13.0	monozygotic						
XieH_2016	YSZC12003_36117	YSZC12003_36117	stool		control	Health	56.0		adult	female	GBR	no	IlluminaHiSeq	Qiagen	27818083	59831200	5861461481	30	100	ERR912091	no	no	Valentina_Giunchiglia;Marisa_Metzger	35.0	XieH_2016_45			vaginal			Cornwall		no																	yes			post									no	no																																																										2.0	13.0	monozygotic						
XieH_2016	YSZC12003_36118	YSZC12003_36118	stool		control	Health	77.0		senior	female	GBR	no	IlluminaHiSeq	Qiagen	27818083	64998346	6363552139	30	100	ERR912000	no	no	Valentina_Giunchiglia;Marisa_Metzger	22.0	XieH_2016_46						Hampshire		yes																	yes			post									no	no																																																										1.0	18.0	dizygotic						
XieH_2016	YSZC12003_36157	YSZC12003_36157	stool		control	Health	80.0		senior	female	GBR	no	IlluminaHiSeq	Qiagen	27818083	67442488	6607208095	30	100	ERR912001	no	no	Valentina_Giunchiglia;Marisa_Metzger	30.0	XieH_2016_47			vaginal			Surrey		no																	no			pre									no	no																																																										2.0	79.0	monozygotic						
XieH_2016	YSZC12003_36158	YSZC12003_36158	stool		control	Health	80.0		senior	female	GBR	no	IlluminaHiSeq	Qiagen	27818083	61356204	6045855424	30	100	ERR912093	no	no	Valentina_Giunchiglia;Marisa_Metzger	27.0	XieH_2016_47			vaginal			Surrey		no																	yes			pre									no	no																																																										1.0	79.0	monozygotic						
XieH_2016	YSZC12003_36211	YSZC12003_36211	stool		control	Health	63.0		adult	female	GBR	no	IlluminaHiSeq	Qiagen	27818083	64536254	6353898887	30	100	ERR912002	no	no	Valentina_Giunchiglia;Marisa_Metzger	23.0	XieH_2016_48			vaginal			Lincolnshire		no																	yes			post									no	no																																																										1.0	21.0	dizygotic						
XieH_2016	YSZC12003_36212	YSZC12003_36212	stool		control	Health	63.0		adult	female	GBR	no	IlluminaHiSeq	Qiagen	27818083	67783670	6664714776	30	100	ERR912003	no	no	Valentina_Giunchiglia;Marisa_Metzger	20.0	XieH_2016_48						Lincolnshire		no																	yes			post									no	no																																																										2.0	21.0	dizygotic						
XieH_2016	YSZC12003_36244	YSZC12003_36244	stool		control	Health	76.0		senior	female	GBR	no	IlluminaHiSeq	Qiagen	27818083	73480976	7232443846	30	100	ERR912094	no	no	Valentina_Giunchiglia;Marisa_Metzger	22.0	XieH_2016_49						Leicestershire		no																	yes			post									no	no																																																										1.0	23.0	dizygotic						
XieH_2016	YSZC12003_36389	YSZC12003_36389	stool		control	Health	61.0		adult	female	GBR	no	IlluminaHiSeq	Qiagen	27818083	73736870	7258832396	30	100	ERR912095	no	no	Valentina_Giunchiglia;Marisa_Metzger	31.0	XieH_2016_50						East_Sussex		yes																	yes			post									no	yes																																																										1.0	18.0	monozygotic						
XieH_2016	YSZC12003_36390	YSZC12003_36390	stool		control	Health	61.0		adult	female	GBR	no	IlluminaHiSeq	Qiagen	27818083	74832300	7344281732	30	100	ERR912096	no	no	Valentina_Giunchiglia;Marisa_Metzger	25.0	XieH_2016_50						Surrey		yes																	yes			post									no	no																																																										2.0	18.0	monozygotic						
XieH_2016	YSZC12003_36439	YSZC12003_36439	stool		control	Health	72.0		senior	female	GBR	no	IlluminaHiSeq	Qiagen	27818083	76916356	7557210673	30	100	ERR912005	no	no	Valentina_Giunchiglia;Marisa_Metzger	28.0	XieH_2016_51			vaginal			Lincolnshire		no																	yes			post									no	no																																																										2.0	18.0	dizygotic						
XieH_2016	YSZC12003_36440	YSZC12003_36440	stool		control	Health	72.0		senior	female	GBR	no	IlluminaHiSeq	Qiagen	27818083	78673440	7730399009	30	100	ERR912006	no	no	Valentina_Giunchiglia;Marisa_Metzger	27.0	XieH_2016_51			vaginal			West_Yorkshire		no																	yes			post									no	no																																																										1.0	18.0	dizygotic						
XieH_2016	YSZC12003_36453	YSZC12003_36453	stool		control	Health	60.0		adult	female	GBR	no	IlluminaHiSeq	Qiagen	27818083	71912988	7058065674	30	100	ERR912007	no	no	Valentina_Giunchiglia;Marisa_Metzger	26.0	XieH_2016_52			vaginal			Kent		no																	yes			pre									no	yes																																																										1.0	20.0	dizygotic						
XieH_2016	YSZC12003_36454	YSZC12003_36454	stool		control	Health	60.0		adult	female	GBR	no	IlluminaHiSeq	Qiagen	27818083	70843278	6862255216	30	100	ERR912008	no	no	Valentina_Giunchiglia;Marisa_Metzger	28.0	XieH_2016_52			vaginal			Kent		no																	yes			post									no	yes																																																										2.0	1.0	dizygotic						
XieH_2016	YSZC12003_36473	YSZC12003_36473	stool		control	Health	36.0		adult	female	GBR	no	IlluminaHiSeq	Qiagen	27818083	63539244	6234907169	30	100	ERR912009	no	no	Valentina_Giunchiglia;Marisa_Metzger	24.0	XieH_2016_53			vaginal			Wiltshire		no																	yes			pre									no	yes																																																										2.0	17.0	dizygotic						
XieH_2016	YSZC12003_36474	YSZC12003_36474	stool		control	Health	36.0		adult	female	GBR	no	IlluminaHiSeq	Qiagen	27818083	85346590	8365762562	30	100	ERR912097	no	no	Valentina_Giunchiglia;Marisa_Metzger	19.0	XieH_2016_53			vaginal			Warwickshire		no																	yes			pre									no	no																																																										1.0	17.0	dizygotic						
XieH_2016	YSZC12003_36521	YSZC12003_36521	stool		control	Health	73.0		senior	female	GBR	no	IlluminaHiSeq	Qiagen	27818083	60242432	5899653540	30	100	ERR912010	no	no	Valentina_Giunchiglia;Marisa_Metzger	28.0	XieH_2016_54						Surrey		yes																	yes			post									no	no																																																										2.0	66.0	dizygotic						
XieH_2016	YSZC12003_36522	YSZC12003_36522	stool		control	Health	73.0		senior	female	GBR	no	IlluminaHiSeq	Qiagen	27818083	80183770	7745000853	30	100	ERR912011	no	no	Valentina_Giunchiglia;Marisa_Metzger	27.0	XieH_2016_54						Surrey		yes																	yes			post									no	no																																																										1.0	66.0	dizygotic						
XieH_2016	YSZC12003_36525	YSZC12003_36525	stool		control	Health	65.0		adult	female	GBR	no	IlluminaHiSeq	Qiagen	27818083	61469786	6023184536	30	100	ERR912098	no	no	Valentina_Giunchiglia;Marisa_Metzger	23.0	XieH_2016_55						salop		yes																	yes			post									no	yes																																																										2.0	22.0	dizygotic						
XieH_2016	YSZC12003_36526	YSZC12003_36526	stool		control	Health	65.0		adult	female	GBR	no	IlluminaHiSeq	Qiagen	27818083	71747436	7006519235	30	100	ERR912012	no	no	Valentina_Giunchiglia;Marisa_Metzger	24.0	XieH_2016_55						Staffordshire		yes																	yes			post									no	yes																																																										1.0	22.0	dizygotic						
XieH_2016	YSZC12003_36533	YSZC12003_36533	stool		control	Health	52.0		adult	female	GBR	no	IlluminaHiSeq	Qiagen	27818083	80640908	7811780491	30	100	ERR912099	no	no	Valentina_Giunchiglia;Marisa_Metzger	28.0	XieH_2016_56			vaginal			Lincolnshire		no																	yes			pre									no	no																																																										1.0	16.0	dizygotic						
XieH_2016	YSZC12003_36534	YSZC12003_36534	stool		control	Health	52.0		adult	female	GBR	no	IlluminaHiSeq	Qiagen	27818083	68939842	6728469423	30	100	ERR912013	no	no	Valentina_Giunchiglia;Marisa_Metzger	21.0	XieH_2016_56			vaginal			East_Sussex		no																	yes			pre									no	no																																																										2.0	16.0	dizygotic						
XieH_2016	YSZC12003_36587	YSZC12003_36587	stool		control	Health	62.0		adult	female	GBR	no	IlluminaHiSeq	Qiagen	27818083	62820030	6170299178	30	100	ERR912014	no	no	Valentina_Giunchiglia;Marisa_Metzger	22.0	XieH_2016_57						Derbyshire		yes																	yes			post									no	no																																																										1.0	20.0	dizygotic						
XieH_2016	YSZC12003_36588	YSZC12003_36588	stool		control	Health	62.0		adult	female	GBR	no	IlluminaHiSeq	Qiagen	27818083	76726996	7531697375	30	100	ERR912015	no	no	Valentina_Giunchiglia;Marisa_Metzger	20.0	XieH_2016_57						Warwickshire		yes																	yes			post									no	no																																																										2.0	20.0	dizygotic						
XieH_2016	YSZC12003_36666	YSZC12003_36666	stool		control	Health	56.0		adult	female	GBR	no	IlluminaHiSeq	Qiagen	27818083	55144692	5420680199	30	100	ERR912016	no	no	Valentina_Giunchiglia;Marisa_Metzger	21.0	XieH_2016_58						Essex		no																	yes			going_through									no	no																																																										2.0	23.0	monozygotic						
XieH_2016	YSZC12003_36667	YSZC12003_36667	stool		control	Health	56.0		adult	female	GBR	no	IlluminaHiSeq	Qiagen	27818083	67218384	6532409425	30	100	ERR912017	no	no	Valentina_Giunchiglia;Marisa_Metzger	21.0	XieH_2016_58						Essex		no																	no			post									no	no																																																										1.0	23.0	monozygotic						
XieH_2016	YSZC12003_36674	YSZC12003_36674	stool		control	Health	78.0		senior	female	GBR	no	IlluminaHiSeq	Qiagen	27818083	70013440	6819998386	30	100	ERR912018	no	no	Valentina_Giunchiglia;Marisa_Metzger	27.0	XieH_2016_59						Suffolk		no																	no			post									yes	yes																																																											21.0	dizygotic						
XieH_2016	YSZC12003_36675	YSZC12003_36675	stool		migraine	migraine	78.0		senior	female	GBR	no	IlluminaHiSeq	Qiagen	27818083	67834872	6646931319	30	100	ERR912019	no	no	Valentina_Giunchiglia;Marisa_Metzger	26.0	XieH_2016_59						Suffolk		no																	no			post									no	no																																																											21.0	dizygotic						
XieH_2016	YSZC12003_36696	YSZC12003_36696	stool		control	Health	71.0		senior	female	GBR	no	IlluminaHiSeq	Qiagen	27818083	77338230	7503753214	30	100	ERR912021	no	no	Valentina_Giunchiglia;Marisa_Metzger	26.0	XieH_2016_61			vaginal			Somerset		no																	yes			post									no	no																																																										1.0	20.0	dizygotic						
XieH_2016	YSZC12003_36697	YSZC12003_36697	stool		control	Health	71.0		senior	female	GBR	no	IlluminaHiSeq	Qiagen	27818083	61427076	6041858501	30	100	ERR912022	no	no	Valentina_Giunchiglia;Marisa_Metzger	24.0	XieH_2016_61			vaginal			Berkshire		no																	yes			post									no	no																																																										2.0	20.0	dizygotic						
XieH_2016	YSZC12003_36698	YSZC12003_36698	stool		control	Health	50.0		adult	female	GBR	no	IlluminaHiSeq	Qiagen	27818083	69609424	6829344558	30	100	ERR912100	no	no	Valentina_Giunchiglia;Marisa_Metzger	22.0	XieH_2016_62						Inverness-shire		no																	yes			pre									no	no																																																											19.0	dizygotic						
XieH_2016	YSZC12003_36699	YSZC12003_36699	stool		control	Health	50.0		adult	female	GBR	no	IlluminaHiSeq	Qiagen	27818083	82420002	8078889676	30	100	ERR912101	no	no	Valentina_Giunchiglia;Marisa_Metzger	23.0	XieH_2016_62						Inverness-shire		no																	yes			going_through									no	no																																																											19.0	dizygotic						
XieH_2016	YSZC12003_36702	YSZC12003_36702	stool		migraine	migraine	62.0		adult	female	GBR	no	IlluminaHiSeq	Qiagen	27818083	77699876	7554872331	30	100	ERR912138	no	no	Valentina_Giunchiglia;Marisa_Metzger	21.0	XieH_2016_63			vaginal			Kent		no																	yes			post									no	no																																																										1.0	19.0	dizygotic						
XieH_2016	YSZC12003_36703	YSZC12003_36703	stool		control	Health	62.0		adult	female	GBR	no	IlluminaHiSeq	Qiagen	27818083	62082972	6108359083	30	100	ERR912023	no	no	Valentina_Giunchiglia;Marisa_Metzger	22.0	XieH_2016_63			vaginal			Hampshire		no																	yes			going_through									no	yes																																																										2.0	19.0	dizygotic						
XieH_2016	YSZC12003_36794	YSZC12003_36794	stool		control	Health	56.0		adult	female	GBR	no	IlluminaHiSeq	Qiagen	27818083	54487290	5353128140	30	100	ERR912024	no	no	Valentina_Giunchiglia;Marisa_Metzger	28.0	XieH_2016_64			vaginal			Surrey		no																	yes			going_through									no	no																																																										2.0	18.0	dizygotic						
XieH_2016	YSZC12003_36795	YSZC12003_36795	stool		control	Health	56.0		adult	female	GBR	no	IlluminaHiSeq	Qiagen	27818083	69159446	6799671395	30	100	ERR912102	no	no	Valentina_Giunchiglia;Marisa_Metzger	32.0	XieH_2016_64			vaginal			Devon		no																	yes			going_through									no	no																																																										1.0	18.0	dizygotic						
XieH_2016	YSZC12003_36981	YSZC12003_36981	stool		control	Health	50.0		adult	female	GBR	no	IlluminaHiSeq	Qiagen	27818083	90552120	8891610105	30	100	ERR912025	no	no	Valentina_Giunchiglia;Marisa_Metzger	32.0	XieH_2016_65			vaginal			salop		no																	no			going_through									no	no																																																										2.0	23.0	dizygotic						
XieH_2016	YSZC12003_37097	YSZC12003_37097	stool		control	Health	64.0		adult	female	GBR	no	IlluminaHiSeq	Qiagen	27818083	74526922	7318751359	30	100	ERR912104	no	no	Valentina_Giunchiglia;Marisa_Metzger	32.0	XieH_2016_66			vaginal			Aberdeenshire		no																	no			going_through									no	no																																																											21.0	dizygotic						
XieH_2016	YSZC12003_37100	YSZC12003_37100	stool		control	Health	63.0		adult	female	GBR	no	IlluminaHiSeq	Qiagen	27818083	73428274	7209259960	30	100	ERR912105	no	no	Valentina_Giunchiglia;Marisa_Metzger	20.0	XieH_2016_67			vaginal			Gloucestershire		no																	yes			post									no	yes																																																										1.0	22.0	monozygotic						
XieH_2016	YSZC12003_37101	YSZC12003_37101	stool		control	Health	63.0		adult	female	GBR	no	IlluminaHiSeq	Qiagen	27818083	76045890	7440421356	30	100	ERR912026	no	no	Valentina_Giunchiglia;Marisa_Metzger	19.0	XieH_2016_67			vaginal			Greater_London		no																	yes			post									no	no																																																										2.0	22.0	monozygotic						
XieH_2016	YSZC12003_37102	YSZC12003_37102	stool		migraine	migraine	63.0		adult	female	GBR	no	IlluminaHiSeq	Qiagen	27818083	87251408	8482145993	30	100	ERR912139	no	no	Valentina_Giunchiglia;Marisa_Metzger	27.0	XieH_2016_68			c_section			Greater_London		no																	yes			post									no	no																																																										2.0	19.0	dizygotic						
XieH_2016	YSZC12003_37103	YSZC12003_37103	stool		migraine	migraine	63.0		adult	female	GBR	no	IlluminaHiSeq	Qiagen	27818083	75068618	7237835184	30	100	ERR912140	no	no	Valentina_Giunchiglia;Marisa_Metzger	30.0	XieH_2016_68			c_section			Greater_London		no																	yes			post									no	no																																																										1.0	19.0	dizygotic						
XieH_2016	YSZC12003_37105	YSZC12003_37105	stool		control	Health	65.0		adult	female	GBR	no	IlluminaHiSeq	Qiagen	27818083	69512328	6809949339	30	100	ERR912027	no	no	Valentina_Giunchiglia;Marisa_Metzger	24.0	XieH_2016_69			vaginal			Kent		no																	yes			post									no	no																																																										1.0	24.0	dizygotic						
XieH_2016	YSZC12003_37126	YSZC12003_37126	stool		control	Health	47.0		adult	female	GBR	no	IlluminaHiSeq	Qiagen	27818083	86000274	8428842118	30	100	ERR912106	no	no	Valentina_Giunchiglia;Marisa_Metzger	21.0	XieH_2016_70			vaginal			Suffolk		no																	yes			pre									no	yes																																																											19.0	dizygotic						
XieH_2016	YSZC12003_37127	YSZC12003_37127	stool		control	Health	47.0		adult	female	GBR	no	IlluminaHiSeq	Qiagen	27818083	90083444	8889801833	30	100	ERR912191	no	no	Valentina_Giunchiglia;Marisa_Metzger	25.0	XieH_2016_70			vaginal			Hertfordshire		no																	yes			pre									no	yes																																																											19.0	dizygotic						
XieH_2016	YSZC12003_37133	YSZC12003_37133	stool		control	Health	62.0		adult	female	GBR	no	IlluminaHiSeq	Qiagen	27818083	66603632	6422476670	30	100	ERR912141	no	no	Valentina_Giunchiglia;Marisa_Metzger	35.0	XieH_2016_71			vaginal			Greater_London		no																	yes			post									no	yes																																																										2.0	18.0	dizygotic						
XieH_2016	YSZC12003_37134	YSZC12003_37134	stool		control	Health	62.0		adult	female	GBR	no	IlluminaHiSeq	Qiagen	27818083	82796788	8125755966	30	100	ERR912028	no	no	Valentina_Giunchiglia;Marisa_Metzger	28.0	XieH_2016_71			vaginal			Greater_London		no																	no												no	yes																																																										1.0	18.0	dizygotic						
XieH_2016	YSZC12003_37135	YSZC12003_37135	stool		control	Health	38.0		adult	female	GBR	no	IlluminaHiSeq	Qiagen	27818083	60465110	5956589244	30	100	ERR912029	no	no	Valentina_Giunchiglia;Marisa_Metzger	23.0	XieH_2016_72						Wiltshire		yes																	yes			pre									no	no																																																										2.0	21.0	monozygotic						
XieH_2016	YSZC12003_37136	YSZC12003_37136	stool		control	Health	38.0		adult	female	GBR	no	IlluminaHiSeq	Qiagen	27818083	62567154	6145948833	30	100	ERR912030	no	no	Valentina_Giunchiglia;Marisa_Metzger	26.0	XieH_2016_72						Somerset		yes																	yes			pre									no	no																																																										1.0	21.0	monozygotic						
XieH_2016	YSZC12003_37137	YSZC12003_37137	stool		control	Health	51.0		adult	female	GBR	no	IlluminaHiSeq	Qiagen	27818083	67175178	6615752428	30	100	ERR912031	no	no	Valentina_Giunchiglia;Marisa_Metzger	25.0	XieH_2016_73			vaginal			Glasgow		no																	yes			going_through									yes	yes																																																										1.0	17.0	dizygotic						
XieH_2016	YSZC12003_37138	YSZC12003_37138	stool		control	Health	51.0		adult	female	GBR	no	IlluminaHiSeq	Qiagen	27818083	77251548	7588508000	30	100	ERR912032	no	no	Valentina_Giunchiglia;Marisa_Metzger	24.0	XieH_2016_73			vaginal			West_Sussex		no																	yes			going_through									no	yes																																																										2.0	17.0	dizygotic						
XieH_2016	YSZC12003_37171	YSZC12003_37171	stool		migraine	migraine	59.0		adult	female	GBR	no	IlluminaHiSeq	Qiagen	27818083	63601526	6268179977	30	100	ERR912192	no	no	Valentina_Giunchiglia;Marisa_Metzger	32.0	XieH_2016_74						South_Yorkshire		yes																	no												no	no																																																										1.0	18.0	dizygotic						
XieH_2016	YSZC12003_37173	YSZC12003_37173	stool		control	Health	54.0		adult	female	GBR	no	IlluminaHiSeq	Qiagen	27818083	78689342	7562326144	30	100	ERR912034	no	no	Valentina_Giunchiglia;Marisa_Metzger	24.0	XieH_2016_75						South_Yorkshire		no																	yes			post									no	no																																																										2.0	24.0	dizygotic						
XieH_2016	YSZC12003_37174	YSZC12003_37174	stool		control	Health	54.0		adult	female	GBR	no	IlluminaHiSeq	Qiagen	27818083	74145428	7226046352	30	100	ERR912142	no	no	Valentina_Giunchiglia;Marisa_Metzger	33.0	XieH_2016_75						South_Yorkshire		no																	yes			going_through									no	no																																																										1.0	24.0	dizygotic						
XieH_2016	YSZC12003_37175	YSZC12003_37175	stool		control	Health	55.0		adult	female	GBR	no	IlluminaHiSeq	Qiagen	27818083	68182836	6660105206	30	100	ERR912143	no	no	Valentina_Giunchiglia;Marisa_Metzger	26.0	XieH_2016_76			vaginal			Norfolk		no																	yes			pre									no	no																																																										2.0	18.0	dizygotic						
XieH_2016	YSZC12003_37176	YSZC12003_37176	stool		control	Health	55.0		adult	female	GBR	no	IlluminaHiSeq	Qiagen	27818083	74791338	7332371425	30	100	ERR912107	no	no	Valentina_Giunchiglia;Marisa_Metzger	23.0	XieH_2016_76			vaginal			Norfolk		no																	yes			post									no	yes																																																										1.0	18.0	dizygotic						
XieH_2016	YSZC12003_37179	YSZC12003_37179	stool		control	Health	60.0		adult	female	GBR	no	IlluminaHiSeq	Qiagen	27818083	67292782	6598516466	30	100	ERR912035	no	no	Valentina_Giunchiglia;Marisa_Metzger	27.0	XieH_2016_77			c_section			Kent		no																	yes			post									no	no																																																										1.0	16.0	monozygotic						
XieH_2016	YSZC12003_37181R1	YSZC12003_37181R1	stool		control	Health	64.0		adult	female	GBR	no	IlluminaHiSeq	Qiagen	27818083	95908144	9385677369	30	100	ERR912036	no	no	Valentina_Giunchiglia;Marisa_Metzger	26.0	XieH_2016_78			vaginal			Derbyshire		no																	yes			post									no	yes																																																										1.0	17.0	dizygotic						
XieH_2016	YSZC12003_37182R1	YSZC12003_37182R1	stool		control	Health	64.0		adult	female	GBR	no	IlluminaHiSeq	Qiagen	27818083	78597718	7679342823	30	100	ERR912108	no	no	Valentina_Giunchiglia;Marisa_Metzger	24.0	XieH_2016_78			vaginal			Hampshire		no																	yes			post									no	no																																																										2.0	17.0	dizygotic						
XieH_2016	YSZC12003_37189R1	YSZC12003_37189R1	stool		control	Health	49.0		adult	female	GBR	no	IlluminaHiSeq	Qiagen	27818083	74724306	7247958784	30	100	ERR912037	no	no	Valentina_Giunchiglia;Marisa_Metzger	35.0	XieH_2016_79			vaginal			Kent		no																	no			post									no	yes																																																										2.0	18.0	dizygotic						
XieH_2016	YSZC12003_37191R1	YSZC12003_37191R1	stool		control	Health	61.0		adult	female	GBR	no	IlluminaHiSeq	Qiagen	27818083	79055658	7715299606	30	100	ERR912039	no	no	Valentina_Giunchiglia;Marisa_Metzger	32.0	XieH_2016_80			vaginal			West_Glamorgan		no																	yes												no	no																																																										1.0	17.0	dizygotic						
XieH_2016	YSZC12003_37192R1	YSZC12003_37192R1	stool		control	Health	61.0		adult	female	GBR	no	IlluminaHiSeq	Qiagen	27818083	87288462	8473225541	30	100	ERR912144	no	no	Valentina_Giunchiglia;Marisa_Metzger	33.0	XieH_2016_80			vaginal			Greater_Manchester		no																	no			post									no	no																																																										2.0	17.0	dizygotic						
XieH_2016	YSZC12003_37193R1	YSZC12003_37193R1	stool		control	Health	70.0		senior	female	GBR	no	IlluminaHiSeq	Qiagen	27818083	53836552	5297776805	30	100	ERR912040	no	no	Valentina_Giunchiglia;Marisa_Metzger	23.0	XieH_2016_81						Cambridgeshire		yes																	yes			post									no	yes																																																										2.0	17.0	dizygotic						
XieH_2016	YSZC12003_37195	YSZC12003_37195	stool		control	Health	60.0		adult	female	GBR	no	IlluminaHiSeq	Qiagen	27818083	70273270	6832138153	30	100	ERR912145	no	no	Valentina_Giunchiglia;Marisa_Metzger	29.0	XieH_2016_82						West_Sussex		yes																	yes			post									no	no																																																										1.0	20.0	dizygotic						
XieH_2016	YSZC12003_37196	YSZC12003_37196	stool		control	Health	60.0		adult	female	GBR	no	IlluminaHiSeq	Qiagen	27818083	79916932	7840136899	30	100	ERR912042	no	no	Valentina_Giunchiglia;Marisa_Metzger	26.0	XieH_2016_82						West_Sussex		yes																	yes			post									no	no																																																										2.0	20.0	dizygotic						
XieH_2016	YSZC12003_37197R1	YSZC12003_37197R1	stool		control	Health	58.0		adult	female	GBR	no	IlluminaHiSeq	Qiagen	27818083	69838878	6811607858	30	100	ERR912109	no	no	Valentina_Giunchiglia;Marisa_Metzger	22.0	XieH_2016_83			vaginal			Oxfordshire		no																	yes			post									no	no																																																										2.0	18.0	dizygotic						
XieH_2016	YSZC12003_37199	YSZC12003_37199	stool		migraine	migraine	59.0		adult	female	GBR	no	IlluminaHiSeq	Qiagen	27818083	70437356	6867433443	30	100	ERR912044	no	no	Valentina_Giunchiglia;Marisa_Metzger	25.0	XieH_2016_84			vaginal			Northamptonshire		no																	yes			post									no	no																																																										1.0	18.0	dizygotic						
XieH_2016	YSZC12003_37200R1	YSZC12003_37200R1	stool		control	Health	59.0		adult	female	GBR	no	IlluminaHiSeq	Qiagen	27818083	69959040	6898937613	30	100	ERR912110	no	no	Valentina_Giunchiglia;Marisa_Metzger	33.0	XieH_2016_84			vaginal			East_Riding		no																	yes			post									no	no																																																										2.0	18.0	dizygotic						
XieH_2016	YSZC12003_37201	YSZC12003_37201	stool		control	Health	46.0		adult	female	GBR	no	IlluminaHiSeq	Qiagen	27818083	70529310	6829092814	30	100	ERR912146	no	no	Valentina_Giunchiglia;Marisa_Metzger	33.0	XieH_2016_85						West_Yorkshire		yes																	yes			pre									no	no																																																										1.0	15.0	dizygotic						
XieH_2016	YSZC12003_37202R1	YSZC12003_37202R1	stool		control	Health	46.0		adult	female	GBR	no	IlluminaHiSeq	Qiagen	27818083	65434240	6430429376	30	100	ERR912111	no	no	Valentina_Giunchiglia;Marisa_Metzger	32.0	XieH_2016_85						Greaterer_London		yes																	yes												no	no																																																										2.0	15.0	dizygotic						
XieH_2016	YSZC12003_37203	YSZC12003_37203	stool		control	Health	61.0		adult	female	GBR	no	IlluminaHiSeq	Qiagen	27818083	58800416	5777881554	30	100	ERR912193	no	no	Valentina_Giunchiglia;Marisa_Metzger	31.0	XieH_2016_86						East_Sussex		no																				post									no	no																																																										2.0	18.0	monozygotic						
XieH_2016	YSZC12003_37207R1	YSZC12003_37207R1	stool		control	Health	65.0		adult	female	GBR	no	IlluminaHiSeq	Qiagen	27818083	71720130	7038089767	30	100	ERR912114	no	no	Valentina_Giunchiglia;Marisa_Metzger	27.0	XieH_2016_88			vaginal			Essex		no																	yes			post									no	yes																																																										1.0	16.0	dizygotic						
XieH_2016	YSZC12003_37208R1	YSZC12003_37208R1	stool		control	Health	65.0		adult	female	GBR	no	IlluminaHiSeq	Qiagen	27818083	75777254	7382307203	30	100	ERR912147	no	no	Valentina_Giunchiglia;Marisa_Metzger	22.0	XieH_2016_88			vaginal			Essex		no																	yes			post									no	no																																																										2.0	16.0	dizygotic						
XieH_2016	YSZC12003_37209	YSZC12003_37209	stool		control	Health	47.0		adult	female	GBR	no	IlluminaHiSeq	Qiagen	27818083	76680248	7478481387	30	100	ERR912148	no	no	Valentina_Giunchiglia;Marisa_Metzger	23.0	XieH_2016_89						Lancashire		no																	no			pre									no	no																																																										1.0	23.0	monozygotic						
XieH_2016	YSZC12003_37210	YSZC12003_37210	stool		control	Health	47.0		adult	female	GBR	no	IlluminaHiSeq	Qiagen	27818083	83665358	8183168568	30	100	ERR912046	no	no	Valentina_Giunchiglia;Marisa_Metzger	24.0	XieH_2016_89						Cheshire		no																	yes			pre									no	no																																																										2.0	23.0	monozygotic						
XieH_2016	YSZC12003_37222	YSZC12003_37222	stool		control	Health	56.0		adult	female	GBR	no	IlluminaHiSeq	Qiagen	27818083	74516056	7324256458	30	100	ERR912115	no	no	Valentina_Giunchiglia;Marisa_Metzger	23.0	XieH_2016_90			vaginal			Dorset		no																	yes			pre									no	yes																																																										2.0	16.0	monozygotic						
XieH_2016	YSZC12003_37223	YSZC12003_37223	stool		control	Health	56.0		adult	female	GBR	no	IlluminaHiSeq	Qiagen	27818083	75368498	7406316269	30	100	ERR912047	no	no	Valentina_Giunchiglia;Marisa_Metzger	27.0	XieH_2016_90			vaginal			Worcestershire		no																	yes			pre									no	no																																																										1.0	16.0	monozygotic						
XieH_2016	YSZC12003_37228	YSZC12003_37228	stool		migraine	migraine	55.0		adult	female	GBR	no	IlluminaHiSeq	Qiagen	27818083	83487500	8216924349	30	100	ERR912116	no	no	Valentina_Giunchiglia;Marisa_Metzger	34.0	XieH_2016_91			vaginal			Derbyshire		no																	yes			pre									no	no																																																											19.0	dizygotic						
XieH_2016	YSZC12003_37229	YSZC12003_37229	stool		control	Health	55.0		adult	female	GBR	no	IlluminaHiSeq	Qiagen	27818083	79154778	7696918594	30	100	ERR912048	no	no	Valentina_Giunchiglia;Marisa_Metzger	28.0	XieH_2016_91			vaginal			Derbyshire		no																	yes												no	yes																																																											19.0	dizygotic						
XieH_2016	YSZC12003_37232	YSZC12003_37232	stool		migraine	migraine	51.0		adult	female	GBR	no	IlluminaHiSeq	Qiagen	27818083	75223688	7399890009	30	100	ERR912194	no	no	Valentina_Giunchiglia;Marisa_Metzger	25.0	XieH_2016_92						Essex		no																	yes			going_through									no	yes																																																										1.0	18.0	dizygotic						
XieH_2016	YSZC12003_37233	YSZC12003_37233	stool		migraine	migraine	51.0		adult	female	GBR	no	IlluminaHiSeq	Qiagen	27818083	76802326	7524835172	30	100	ERR912049	no	no	Valentina_Giunchiglia;Marisa_Metzger	27.0	XieH_2016_92						Essex		no																	yes			pre									no	no																																																										2.0	18.0	dizygotic						
XieH_2016	YSZC12003_37254	YSZC12003_37254	stool		control	Health	67.0		senior	female	GBR	no	IlluminaHiSeq	Qiagen	27818083	83182342	8074948973	30	100	ERR912149	no	no	Valentina_Giunchiglia;Marisa_Metzger	24.0	XieH_2016_93			vaginal			Kent		no																	yes			post									no	no																																																										2.0	20.0	monozygotic						
XieH_2016	YSZC12003_37255	YSZC12003_37255	stool		control	Health	67.0		senior	female	GBR	no	IlluminaHiSeq	Qiagen	27818083	83300828	8157615727	30	100	ERR912117	no	no	Valentina_Giunchiglia;Marisa_Metzger	23.0	XieH_2016_93			vaginal			West_Sussex		no																	yes			post									no	no																																																										1.0	20.0	monozygotic						
XieH_2016	YSZC12003_37264	YSZC12003_37264	stool		control	Health	52.0		adult	female	GBR	no	IlluminaHiSeq	Qiagen	27818083	74338068	7268765017	30	100	ERR912118	no	no	Valentina_Giunchiglia;Marisa_Metzger	26.0	XieH_2016_94			vaginal			Cornwall		no																	yes			going_through									yes	yes																																																											19.0	dizygotic						
XieH_2016	YSZC12003_37265R1	YSZC12003_37265R1	stool		control	Health	52.0		adult	female	GBR	no	IlluminaHiSeq	Qiagen	27818083	80839326	7901688842	30	100	ERR912050	no	no	Valentina_Giunchiglia;Marisa_Metzger	28.0	XieH_2016_94			vaginal			Cornwall		no																	yes			post									no	no																																																											19.0	dizygotic						
XieH_2016	YSZC12003_37268R1	YSZC12003_37268R1	stool		control	Health	62.0		adult	female	GBR	no	IlluminaHiSeq	Qiagen	27818083	70670996	6882050771	30	100	ERR912150	no	no	Valentina_Giunchiglia;Marisa_Metzger	22.0	XieH_2016_95			vaginal			Cambridgeshire		no																	no			post									no	no																																																										1.0	20.0	dizygotic						
XieH_2016	YSZC12003_37269	YSZC12003_37269	stool		control	Health	62.0		adult	female	GBR	no	IlluminaHiSeq	Qiagen	27818083	79122312	7675410158	30	100	ERR912051	no	no	Valentina_Giunchiglia;Marisa_Metzger	32.0	XieH_2016_95			vaginal			Cambridgeshire		no																	no			post									no	yes																																																										2.0	20.0	dizygotic						
XieH_2016	YSZC12003_37271R1	YSZC12003_37271R1	stool		control	Health	65.0		adult	female	GBR	no	IlluminaHiSeq	Qiagen	27818083	77642648	7593247731	30	100	ERR912052	no	no	Valentina_Giunchiglia;Marisa_Metzger	39.0	XieH_2016_96			vaginal			Dorset		no																	yes			post									no	yes																																																										1.0	17.0	dizygotic						
XieH_2016	YSZC12003_37276	YSZC12003_37276	stool		migraine	migraine	70.0		senior	female	GBR	no	IlluminaHiSeq	Qiagen	27818083	59005502	5798569729	30	100	ERR912119	no	no	Valentina_Giunchiglia;Marisa_Metzger	16.0	XieH_2016_97			vaginal			Kent		no																	yes			post									no	no																																																										2.0	16.0	monozygotic						
XieH_2016	YSZC12003_37277	YSZC12003_37277	stool		migraine	migraine	70.0		senior	female	GBR	no	IlluminaHiSeq	Qiagen	27818083	76515990	7486283534	30	100	ERR912053	no	no	Valentina_Giunchiglia;Marisa_Metzger	19.0	XieH_2016_97			vaginal			Dorset		no																	yes			post									no	yes																																																										1.0	16.0	monozygotic						
XieH_2016	YSZC12003_37282	YSZC12003_37282	stool		migraine	migraine	62.0		adult	female	GBR	no	IlluminaHiSeq	Qiagen	27818083	76306922	7468804003	30	100	ERR912054	no	no	Valentina_Giunchiglia;Marisa_Metzger	33.0	XieH_2016_98			vaginal			North_Yorkshire		no																	yes			post									no	yes																																																										1.0	16.0	dizygotic						
XieH_2016	YSZC12003_37283	YSZC12003_37283	stool		control	Health	62.0		adult	female	GBR	no	IlluminaHiSeq	Qiagen	27818083	79007544	7707569708	30	100	ERR912055	no	no	Valentina_Giunchiglia;Marisa_Metzger	30.0	XieH_2016_98			vaginal			Northamptonshire		no																	yes			post									no	yes																																																										2.0	16.0	dizygotic						
XieH_2016	YSZC12003_37284	YSZC12003_37284	stool		migraine	migraine	62.0		adult	female	GBR	no	IlluminaHiSeq	Qiagen	27818083	72568340	7006126745	30	100	ERR912120	no	no	Valentina_Giunchiglia;Marisa_Metzger	25.0	XieH_2016_99			vaginal			Devon		no																	yes			post									no	no																																																										1.0	19.0	monozygotic						
XieH_2016	YSZC12003_37285	YSZC12003_37285	stool		migraine	migraine	62.0		adult	female	GBR	no	IlluminaHiSeq	Qiagen	27818083	70586390	6863406629	30	100	ERR912152	no	no	Valentina_Giunchiglia;Marisa_Metzger	22.0	XieH_2016_99			vaginal			South_Glamorgan		no																	yes			going_through									no	no																																																										2.0	19.0	monozygotic						
XieH_2016	YSZC12003_37286	YSZC12003_37286	stool		control	Health	64.0		adult	female	GBR	no	IlluminaHiSeq	Qiagen	27818083	60658346	5954613663	30	100	ERR912056	no	no	Valentina_Giunchiglia;Marisa_Metzger	27.0	XieH_2016_100			vaginal			Devon		no																	yes			post									no	yes																																																										1.0	18.0	dizygotic						
XieH_2016	YSZC12003_37287	YSZC12003_37287	stool		control	Health	64.0		adult	female	GBR	no	IlluminaHiSeq	Qiagen	27818083	65648250	6475464716	30	100	ERR912195	no	no	Valentina_Giunchiglia;Marisa_Metzger	30.0	XieH_2016_100			vaginal			Essex		no																	no			post									no	no																																																										2.0	18.0	dizygotic						
XieH_2016	YSZC12003_37292	YSZC12003_37292	stool		control	Health	57.0		adult	female	GBR	no	IlluminaHiSeq	Qiagen	27818083	83550276	8145053011	30	100	ERR912153	no	no	Valentina_Giunchiglia;Marisa_Metzger	23.0	XieH_2016_101			vaginal			Glasgow		no																	yes			pre									no	no																																																											18.0	monozygotic						
XieH_2016	YSZC12003_37293	YSZC12003_37293	stool		control	Health	57.0		adult	female	GBR	no	IlluminaHiSeq	Qiagen	27818083	67105912	6557946626	30	100	ERR912121	no	no	Valentina_Giunchiglia;Marisa_Metzger	24.0	XieH_2016_101			vaginal			Glasgow		no																	yes			pre									no	no																																																											18.0	monozygotic						
XieH_2016	YSZC12003_37296R1	YSZC12003_37296R1	stool		control	Health	63.0		adult	female	GBR	no	IlluminaHiSeq	Qiagen	27818083	72512598	7075345294	30	100	ERR912057	no	no	Valentina_Giunchiglia;Marisa_Metzger	34.0	XieH_2016_102			vaginal			Hampshire		no																	yes			post									no	no																																																										2.0	11.0	dizygotic						
XieH_2016	YSZC12003_37297R1	YSZC12003_37297R1	stool		control	Health	63.0		adult	female	GBR	no	IlluminaHiSeq	Qiagen	27818083	83003516	8112267739	30	100	ERR912058	no	no	Valentina_Giunchiglia;Marisa_Metzger	27.0	XieH_2016_102			vaginal			Hampshire		no																	yes			post									no	yes																																																										1.0	11.0	dizygotic						
XieH_2016	YSZC12003_37298R1	YSZC12003_37298R1	stool		control	Health	57.0		adult	female	GBR	no	IlluminaHiSeq	Qiagen	27818083	72024512	7036360482	30	100	ERR912154	no	no	Valentina_Giunchiglia;Marisa_Metzger	23.0	XieH_2016_103						Wiltshire		yes																	yes			post									no	no																																																										1.0	16.0	dizygotic						
XieH_2016	YSZC12003_37299R1	YSZC12003_37299R1	stool		control	Health	57.0		adult	female	GBR	no	IlluminaHiSeq	Qiagen	27818083	82965520	8140971531	30	100	ERR912059	no	no	Valentina_Giunchiglia;Marisa_Metzger	24.0	XieH_2016_103						Essex		yes																	yes			going_through									no	yes																																																										2.0	16.0	dizygotic						
XieH_2016	YSZC12003_37304R1	YSZC12003_37304R1	stool		control	Health	64.0		adult	female	GBR	no	IlluminaHiSeq	Qiagen	27818083	64273822	6273828379	30	100	ERR912060	no	no	Valentina_Giunchiglia;Marisa_Metzger	28.0	XieH_2016_104			vaginal			Dorset		no																	yes			post									no	no																																																										1.0	18.0	dizygotic						
XieH_2016	YSZC12003_37305R1	YSZC12003_37305R1	stool		control	Health	64.0		adult	female	GBR	no	IlluminaHiSeq	Qiagen	27818083	70285276	6845671542	30	100	ERR912061	no	no	Valentina_Giunchiglia;Marisa_Metzger	28.0	XieH_2016_104			vaginal			Surrey		no																	no			post									yes	yes																																																										2.0	18.0	dizygotic						
XieH_2016	YSZC12003_37308R1	YSZC12003_37308R1	stool		control	Health	62.0		adult	female	GBR	no	IlluminaHiSeq	Qiagen	27818083	83181462	8116796023	30	100	ERR912062	no	no	Valentina_Giunchiglia;Marisa_Metzger	23.0	XieH_2016_105			vaginal			Essex		no																	yes			post									no	no																																																										1.0	21.0	dizygotic						
XieH_2016	YSZC12003_37309R1	YSZC12003_37309R1	stool		control	Health	62.0		adult	female	GBR	no	IlluminaHiSeq	Qiagen	27818083	59201358	5852813293	30	100	ERR912196	no	no	Valentina_Giunchiglia;Marisa_Metzger	19.0	XieH_2016_105			vaginal			Suffolk		no																	yes			post									no	no																																																										2.0	21.0	dizygotic						
XieH_2016	YSZC12003_37314	YSZC12003_37314	stool		control	Health	69.0		senior	female	GBR	no	IlluminaHiSeq	Qiagen	27818083	80020142	7741803262	30	100	ERR912155	no	no	Valentina_Giunchiglia;Marisa_Metzger	17.0	XieH_2016_106			vaginal			Surrey		no																	yes			post									no	no																																																										1.0	18.0	dizygotic						
XieH_2016	YSZC12003_37315	YSZC12003_37315	stool		control	Health	69.0		senior	female	GBR	no	IlluminaHiSeq	Qiagen	27818083	77615248	7508550297	30	100	ERR912156	no	no	Valentina_Giunchiglia;Marisa_Metzger	18.0	XieH_2016_106			vaginal			Ross_and_Cromarty		no																	yes			post									no	no																																																										2.0	18.0	dizygotic						
XieH_2016	YSZC12003_37316	YSZC12003_37316	stool		migraine	migraine	69.0		senior	female	GBR	no	IlluminaHiSeq	Qiagen	27818083	65416512	6437518905	30	100	ERR912063	no	no	Valentina_Giunchiglia;Marisa_Metzger	23.0	XieH_2016_107			vaginal			Somerset		no																	yes			post									no	no																																																										2.0	19.0	dizygotic						
XieH_2016	YSZC12003_37317	YSZC12003_37317	stool		control	Health	69.0		senior	female	GBR	no	IlluminaHiSeq	Qiagen	27818083	83208348	8204885191	30	100	ERR912197	no	no	Valentina_Giunchiglia;Marisa_Metzger	24.0	XieH_2016_107			vaginal			Somerset		no																	yes			post									no	no																																																										1.0	19.0	dizygotic						
XieH_2016	YSZC12003_37322	YSZC12003_37322	stool		migraine	migraine	56.0		adult	female	GBR	no	IlluminaHiSeq	Qiagen	27818083	77844198	7627181196	30	100	ERR912064	no	no	Valentina_Giunchiglia;Marisa_Metzger	27.0	XieH_2016_108			c_section			Hampshire		no																	yes			post									no	yes																																																										2.0	41.0	dizygotic						
XieH_2016	YSZC12003_37323	YSZC12003_37323	stool		migraine	migraine	56.0		adult	female	GBR	no	IlluminaHiSeq	Qiagen	27818083	62455456	6158327205	30	100	ERR912065	no	no	Valentina_Giunchiglia;Marisa_Metzger	20.0	XieH_2016_108			c_section			Surrey		no																	yes			post									yes	yes																																																										1.0	41.0	dizygotic						
XieH_2016	YSZC12003_37330	YSZC12003_37330	stool		migraine	migraine	66.0		senior	female	GBR	no	IlluminaHiSeq	Qiagen	27818083	86361636	8504289070	30	100	ERR912198	no	no	Valentina_Giunchiglia;Marisa_Metzger	30.0	XieH_2016_109						Ayrshire		no																	yes			post									no	yes																																																										1.0	20.0	dizygotic						
XieH_2016	YSZC12003_37331	YSZC12003_37331	stool		control	Health	66.0		senior	female	GBR	no	IlluminaHiSeq	Qiagen	27818083	64541890	6340892706	30	100	ERR912157	no	no	Valentina_Giunchiglia;Marisa_Metzger	27.0	XieH_2016_109						Hertfordshire		no																	yes			post									no	no																																																										2.0	20.0	dizygotic						
XieH_2016	YSZC12003_37332	YSZC12003_37332	stool		migraine	migraine	67.0		senior	female	GBR	no	IlluminaHiSeq	Qiagen	27818083	100407626	9787588569	30	100	ERR912066	no	no	Valentina_Giunchiglia;Marisa_Metzger	24.0	XieH_2016_110			vaginal			Surrey		no																	yes			post									no	no																																																										1.0	19.0	dizygotic						
XieH_2016	YSZC12003_37333	YSZC12003_37333	stool		migraine	migraine	67.0		senior	female	GBR	no	IlluminaHiSeq	Qiagen	27818083	68294232	6677168449	30	100	ERR912158	no	no	Valentina_Giunchiglia;Marisa_Metzger	28.0	XieH_2016_110			vaginal			Surrey		no																	yes			post									yes	yes																																																										2.0	19.0	dizygotic						
XieH_2016	YSZC12003_37336	YSZC12003_37336	stool		control	Health	65.0		adult	female	GBR	no	IlluminaHiSeq	Qiagen	27818083	71323536	6983623934	30	100	ERR912159	no	no	Valentina_Giunchiglia;Marisa_Metzger	21.0	XieH_2016_111			vaginal			Buckinghamshire		no																	yes			post									no	no																																																										2.0	21.0	dizygotic						
XieH_2016	YSZC12003_37337	YSZC12003_37337	stool		control	Health	65.0		adult	female	GBR	no	IlluminaHiSeq	Qiagen	27818083	87724804	8568246879	30	100	ERR912160	no	no	Valentina_Giunchiglia;Marisa_Metzger	20.0	XieH_2016_111			vaginal			Cornwall		no																	yes			post									no	no																																																										1.0	21.0	dizygotic						
XieH_2016	YSZC12003_37348	YSZC12003_37348	stool		migraine	migraine	51.0		adult	female	GBR	no	IlluminaHiSeq	Qiagen	27818083	76456844	7330696949	30	100	ERR912161	no	no	Valentina_Giunchiglia;Marisa_Metzger	26.0	XieH_2016_112			vaginal			Oxfordshire		no																	yes			pre									no	yes																																																										1.0	20.0	dizygotic						
XieH_2016	YSZC12003_37349	YSZC12003_37349	stool		control	Health	51.0		adult	female	GBR	no	IlluminaHiSeq	Qiagen	27818083	89197432	8725572237	30	100	ERR912162	no	no	Valentina_Giunchiglia;Marisa_Metzger	22.0	XieH_2016_112			vaginal			Cornwall		no																	yes			going_through									no	no																																																										2.0	20.0	dizygotic						
XieH_2016	YSZC12003_37352	YSZC12003_37352	stool		migraine	migraine	65.0		adult	female	GBR	no	IlluminaHiSeq	Qiagen	27818083	58704052	5795270823	30	100	ERR912067	no	no	Valentina_Giunchiglia;Marisa_Metzger	24.0	XieH_2016_113			c_section			Greater_London		no																	yes			post									no	yes																																																										2.0	20.0	dizygotic						
XieH_2016	YSZC12003_37353	YSZC12003_37353	stool		control	Health	65.0		adult	female	GBR	no	IlluminaHiSeq	Qiagen	27818083	82672166	8018684269	30	100	ERR912163	no	no	Valentina_Giunchiglia;Marisa_Metzger	24.0	XieH_2016_113			c_section			Greater_London		no																	yes			post									no	yes																																																										1.0	20.0	dizygotic						
XieH_2016	YSZC12003_37393	YSZC12003_37393	stool		control	Health	67.0		senior	female	GBR	no	IlluminaHiSeq	Qiagen	27818083	88450548	8713798748	30	100	ERR912199	no	no	Valentina_Giunchiglia;Marisa_Metzger	23.0	XieH_2016_114			vaginal			West_Sussex		no																	yes			post									no	yes																																																										2.0	15.0	monozygotic						
XieH_2016	YSZC12003_37394	YSZC12003_37394	stool		control	Health	67.0		senior	female	GBR	no	IlluminaHiSeq	Qiagen	27818083	51948390	5046421117	30	100	ERR912164	no	no	Valentina_Giunchiglia;Marisa_Metzger	24.0	XieH_2016_114			vaginal			Hampshire		no																	yes			post									no	no																																																										1.0	15.0	monozygotic						
XieH_2016	YSZC12003_37399	YSZC12003_37399	stool		control	Health	52.0		adult	female	GBR	no	IlluminaHiSeq	Qiagen	27818083	75338046	7323093325	30	100	ERR912165	no	no	Valentina_Giunchiglia;Marisa_Metzger	19.0	XieH_2016_115			vaginal			Essex		no																	yes			pre									yes	yes																																																											19.0	dizygotic						
XieH_2016	YSZC12003_37406	YSZC12003_37406	stool		control	Health	62.0		adult	female	GBR	no	IlluminaHiSeq	Qiagen	27818083	81960192	8034373648	30	100	ERR912200	no	no	Valentina_Giunchiglia;Marisa_Metzger	27.0	XieH_2016_116			vaginal			East_Sussex		no																	yes			post									no	yes																																																										2.0	21.0	dizygotic						
XieH_2016	YSZC12003_37461	YSZC12003_37461	stool		control	Health	79.0		senior	female	GBR	no	IlluminaHiSeq	Qiagen	27818083	62844092	6196008357	30	100	ERR912069	no	no	Valentina_Giunchiglia;Marisa_Metzger	24.0	XieH_2016_117						West_Sussex		yes																	yes			post									no	yes																																																										1.0	21.0	dizygotic						
XieH_2016	YSZC12003_37462	YSZC12003_37462	stool		migraine	migraine	79.0		senior	female	GBR	no	IlluminaHiSeq	Qiagen	27818083	69685338	6833609555	30	100	ERR912070	no	no	Valentina_Giunchiglia;Marisa_Metzger	22.0	XieH_2016_117						Surrey		yes																	no			post									no	no																																																										2.0	21.0	dizygotic						
XieH_2016	YSZC12003_37543	YSZC12003_37543	stool		control	Health	65.0		adult	female	GBR	no	IlluminaHiSeq	Qiagen	27818083	67012002	6537139653	30	100	ERR912167	no	no	Valentina_Giunchiglia;Marisa_Metzger	29.0	XieH_2016_118			vaginal			Hampshire		no																	yes			post									no	no																																																										1.0	20.0	monozygotic						
XieH_2016	YSZC12003_37544	YSZC12003_37544	stool		control	Health	65.0		adult	female	GBR	no	IlluminaHiSeq	Qiagen	27818083	76286136	7449581756	30	100	ERR912168	no	no	Valentina_Giunchiglia;Marisa_Metzger	27.0	XieH_2016_118			vaginal			Hampshire		no																	yes												no	no																																																										2.0	20.0	monozygotic						
XieH_2016	YSZC12003_37545	YSZC12003_37545	stool		control	Health	66.0		senior	female	GBR	no	IlluminaHiSeq	Qiagen	27818083	65110806	6358194415	30	100	ERR912169	no	no	Valentina_Giunchiglia;Marisa_Metzger	31.0	XieH_2016_119			vaginal			West_Sussex		no																	yes			post									no	no																																																										2.0	16.0	dizygotic						
XieH_2016	YSZC12003_37546	YSZC12003_37546	stool		control	Health	66.0		senior	female	GBR	no	IlluminaHiSeq	Qiagen	27818083	66633278	6488317060	30	100	ERR912170	no	no	Valentina_Giunchiglia;Marisa_Metzger	29.0	XieH_2016_119			vaginal			Surrey		no																	no			post									no	yes																																																										1.0	16.0	dizygotic						
XieH_2016	YSZC12003_37583	YSZC12003_37583	stool		control	Health	73.0		senior	female	GBR	no	IlluminaHiSeq	Qiagen	27818083	63373492	6186681994	30	100	ERR912171	no	no	Valentina_Giunchiglia;Marisa_Metzger	22.0	XieH_2016_120			vaginal			Surrey		no																	yes			post									no	no																																																											22.0	dizygotic						
XieH_2016	YSZC12003_37584	YSZC12003_37584	stool		control	Health	73.0		senior	female	GBR	no	IlluminaHiSeq	Qiagen	27818083	59965666	5854304014	30	100	ERR912172	no	no	Valentina_Giunchiglia;Marisa_Metzger	25.0	XieH_2016_120			vaginal			County_Dublin		no																	yes			post									no	no																																																											22.0	dizygotic						
XieH_2016	YSZC12003_37647	YSZC12003_37647	stool		migraine	migraine	65.0		adult	female	GBR	no	IlluminaHiSeq	Qiagen	27818083	78430516	7636175097	30	100	ERR912173	no	no	Valentina_Giunchiglia;Marisa_Metzger	21.0	XieH_2016_121						Berkshire		yes																	yes			post									no	no																																																										1.0	22.0	monozygotic						
XieH_2016	YSZC12003_37648	YSZC12003_37648	stool		control	Health	65.0		adult	female	GBR	no	IlluminaHiSeq	Qiagen	27818083	76952260	7528726538	30	100	ERR912174	no	no	Valentina_Giunchiglia;Marisa_Metzger	19.0	XieH_2016_121						East_Sussex		yes																	yes			post									no	yes																																																										2.0	22.0	monozygotic						
XieH_2016	YSZC12003_37651	YSZC12003_37651	stool		control	Health	65.0		adult	female	GBR	no	IlluminaHiSeq	Qiagen	27818083	68758972	6670280308	30	100	ERR912175	no	no	Valentina_Giunchiglia;Marisa_Metzger	22.0	XieH_2016_122			vaginal			Gloucestershire		no																	yes			post									no	no																																																										1.0	18.0	dizygotic						
XieH_2016	YSZC12003_37652	YSZC12003_37652	stool		control	Health	65.0		adult	female	GBR	no	IlluminaHiSeq	Qiagen	27818083	71971268	6970570380	30	100	ERR912176	no	no	Valentina_Giunchiglia;Marisa_Metzger	23.0	XieH_2016_122			vaginal			Midlothian		no																	yes			post									no	no																																																										2.0	18.0	dizygotic						
XieH_2016	YSZC12003_37753	YSZC12003_37753	stool		control	Health	59.0		adult	female	GBR	no	IlluminaHiSeq	Qiagen	27818083	84827394	8289429225	30	100	ERR912177	no	no	Valentina_Giunchiglia;Marisa_Metzger	22.0	XieH_2016_123			c_section			Kent		no																	yes			post									no	yes																																																										2.0	23.0	dizygotic						
XieH_2016	YSZC12003_37754	YSZC12003_37754	stool		migraine	migraine	59.0		adult	female	GBR	no	IlluminaHiSeq	Qiagen	27818083	70512380	6933738100	30	100	ERR912071	no	no	Valentina_Giunchiglia;Marisa_Metzger	29.0	XieH_2016_123			c_section			Kent		no																	yes			post									no	yes																																																										1.0	23.0	dizygotic						
XieH_2016	YSZC12003_37829	YSZC12003_37829	stool		control	Health	72.0		senior	female	GBR	no	IlluminaHiSeq	Qiagen	27818083	71109022	6901327595	30	100	ERR912179	no	no	Valentina_Giunchiglia;Marisa_Metzger	23.0	XieH_2016_125						Kent		yes																	yes			post									no	yes																																																										1.0	22.0	dizygotic						
XieH_2016	YSZC12003_37830	YSZC12003_37830	stool		control	Health	72.0		senior	female	GBR	no	IlluminaHiSeq	Qiagen	27818083	77603044	7582840715	30	100	ERR912072	no	no	Valentina_Giunchiglia;Marisa_Metzger	24.0	XieH_2016_125						Kent		yes																	yes			post									no	no																																																										2.0	22.0	dizygotic						
XieH_2016	YSZC12003_37877	YSZC12003_37877	stool		control	Health	47.0		adult	female	GBR	no	IlluminaHiSeq	Qiagen	27818083	73824966	7229412911	30	100	ERR912180	no	no	Valentina_Giunchiglia;Marisa_Metzger	20.0	XieH_2016_126						Suffolk		no																	yes			going_through									no	no																																																										1.0	18.0	monozygotic						
XieH_2016	YSZC12003_37878	YSZC12003_37878	stool		control	Health	47.0		adult	female	GBR	no	IlluminaHiSeq	Qiagen	27818083	56909442	5591200733	30	100	ERR912122	no	no	Valentina_Giunchiglia;Marisa_Metzger	22.0	XieH_2016_126						Kent		no																	yes			going_through									no	no																																																										2.0	18.0	monozygotic						
