OUT	Class	Family	Species	Abb.
f6944e5be5cca661767014ab95867c4dc3848235	Bacteroidales	Porphyromonadaceae	Porphyromonas loveana	P. loveana
9075bd7b4542aad1faf685d8960946088cca0810	Bacteroidales	Rikenellaceae	Alistipes indistinctus-OTU57	A. indistinctus-OTU57
c84919371da9c309c2b7a50ab6ed836c0c9555e6	Selenomonadales	Veillonellaceae	Dialister pneumosintes	D. pneumosintes
4c6d7a5409ae36dbf1be703072de0fc8872933ca	Clostridiales	Lachnospiraceae	Anaerostipes caccae	A. caccae
d32c3a758a590f2e70b54af0f90eceb9730958bc	Clostridiales	Lachnospiraceae	Lachnospiraceae-OTU85	Lachnospiraceae-OTU85
795dbf8c019483a25ae9a8827a62a936185d84a0	Bacteroidales	Bacteroidaceae	Bacteroides barnesiae	B. barnesiae
b1c85b23cb036d5783eb5cb420b42d5816b804f1	Enterobacteriales	Enterobacteriaceae	Escherichia-Shigella-OTU88	Escherichia-Shigella-OTU88
b4039debc95fcd3157de7b17572bed80a93ae889	Clostridiales	Lachnospiraceae	Blautia producta-OTU32	B. producta-OTU32
7fe4f3b04e35b20bb4516344debfbb6154e330d3	Clostridiales	Ruminococcaceae	Faecalibacterium prausnitzii-OTU68	F. prausnitzii-OTU68
4973d0786e190acfd6718eb8bf6732cb978c023c	Bacteroidales	Bacteroidaceae	Bacteroides caecicola-OTU84	B. caecicola-OTU84
9e6194334ec79f0f19d760dc2ac0e90c42aa0e7d	Bacteroidales	Bacteroidaceae	Bacteroides coprosuis-OTU62	B. coprosuis-OTU62
3ca0f6463b44a9076deedbb5f3bb7ed00fcb358d	Bacteroidales	Bacteroidaceae	Bacteroides caecicola-OTU86	B. caecicola-OTU86
1c2c5de41c9879a9f2929f356acca72066f2e209	Bacteroidales	Bacteroidaceae	Bacteroides propionicifaciens-OTU73	B. propionicifaciens-OTU73
fde0738b497ff50d42b1a7c7a66a1d1576c53494	Clostridiales	Lachnospiraceae	Merdimonas faecis	M. faecis
3a21d49f9431e24145b80c43adc46af78fd5f00f	Campylobacterales	Campylobacteraceae	Campylobacter pinnipediorum	C. pinnipediorum
4a750c3b25e9ba149a2323ba3b62ee0ca7940d83	Clostridiales	Peptostreptococcaceae	Romboutsia lituseburensis	R. lituseburensis
69f5addfb12c83bce0beaa7a738668e8a772480e	Bacteroidales	Rikenellaceae	Alistipes indistinctus-OTU20	A. indistinctus-OTU20
6172539e0c22e9c7314bc68485a8fc72755422d5	Clostridiales	Lachnospiraceae	Coprococcus catus	C. catus
82d482e629b615acdbb8a62b39115e47040c7d71	Clostridiales	Lachnospiraceae	Eubacterium ramulus	E. ramulus
213246e0ef70d6a711664e7bd453dfe1c4e30106	Bacteroidales	Bacteroidaceae	Bacteroides gallinaceum-OTU1	B. gallinaceum-OTU1
e5db91f58295e8e2597c1853ff383348b92c2d10	Clostridiales	Lachnospiraceae	Bacteroides xylanolyticus	B. xylanolyticus
94b075dce1f20d6e7f961093eefe1a744fbac31c	Clostridiales	Lachnospiraceae	Blautia producta-OTU81	B. producta-OTU81
dc838e370410fb0d4763470f21542ac3f052167a	Clostridiales	Ruminococcaceae	Ruminococcaceae-OTU91	Ruminococcaceae-OTU91
6d16c8dfa0d7dce3f6e27a904b61a21c2be8d0f5	Clostridiales	Family XI	Peptoniphilus olsenii	P. olsenii
72d37863abe6d7f5bf4e982b8dbc3a0bb9a0ec6b	Bacteroidales	Tannerellaceae	Parabacteroides chartae-OTU69	P. chartae-OTU69
af877f3cca95c2c63622bf43466341fb27fd9f9c	Bacteroidales	Marinifilaceae	Odoribacter denticanis	O. denticanis
22cb39282371a1bb23780ab7580e545a8662974f	Clostridiales	Peptostreptococcaceae	Intestinibacter bartlettii	I. bartlettii
46c2c0eb93a1ac9fe10cf77d44de3ad899afab65	Clostridiales	Ruminococcaceae	Ruminococcaceae-OTU46	Ruminococcaceae-OTU46
5a61829814af31711bd597f814142ea04f651806	Lactobacillales	Leuconostocaceae	Leuconostoc fallax	L. fallax
a4c6b012d72033d40026c27a32be2901526531ce	Clostridiales	Ruminococcaceae	Ruminiclostridium-OTU96Ruminiclostridium-OTU96	Ruminiclostridium-OTU96
568373ca075c2cf3245a60cc7d25de80c9a90f43	Clostridiales	Family XI	Ezakiella-OTU94	Ezakiella-OTU94
cbf95306034ca33994a754185ac09707603d4a6e	Clostridiales	Ruminococcaceae	Subdoligranulum variabile-OTU93	S. variabile-OTU93
8adac8a13ae26336b44e1401350c58c3b7905593	Clostridiales	Lachnospiraceae	Ruminococcus gnavus	R. gnavus
78d664d8199a1a5050c114fb3669304f3d9a8d4e	Bacteroidales	Bacteroidaceae	Bacteroides zoogleoformans	B. zoogleoformans
42d8f985e8c26f2b842279c4d945a4e78743b687	Clostridiales	Ruminococcaceae	Faecalibacterium prausnitzii-OTU80	F. prausnitzii-OTU80
b57894411d721c03980b74f932b5d661aee5ddd1	Clostridiales	Ruminococcaceae	Faecalibacterium prausnitzii-OTU79	F. prausnitzii-OTU79
792f1a299b5d9bf02072d370497e5d2b18c6378a	Bacteroidales	Bacteroidaceae	Bacteroides caecicola-OTU78	B. caecicola-OTU78
5cada88510f75d5e2aac52d66708ccc43f8114fa	Clostridiales	Lachnospiraceae	Hungatella effluvii-OTU77	H. effluvii-OTU77
58d72faf04d64350b1b6674360ced8602b36eb94	Clostridiales	Family XIII	S5-A14a-OTU76	S5-A14a-OTU76
53e93035aec5d823c3e67ec85c1bb14945ca2050	Clostridiales	Lachnospiraceae	Agathobacter ruminis-OTU75	A. ruminis-OTU75
c17c40fbf5843a9a0c17aa02432b3902ffe021a4	Clostridiales	Family XI	Ezakiella peruensis	E. peruensis
67a04bc26f26894432770b3cc66a7ba0b0ac3cab	Bacteroidales	Bacteroidaceae	Bacteroides caecicola-OTU70	B. caecicola-OTU70
6b7dc0529e91be865d4211f5c3dfd65fc0b1b79d	Bacteroidales	Bacteroidaceae	Bacteroides coprosuis-OTU67	B. coprosuis-OTU67
b301c74849d58d56977e3bfb75fff7c930096735	Clostridiales	Lachnospiraceae	Hungatella effluvii-OTU64	H. effluvii-OTU64
832cb85976b1b559b471a849211e41e9fc33e0d8	Clostridiales	Lachnospiraceae	Dorea formicigenerans	D. formicigenerans
7ee6bdbeafe5f04b4d10a682bab889c7852be4cd	Bacteroidales	Porphyromonadaceae	Porphyromonas sp. 2007b	P. sp. 2007b
98cc48030d2670f4493685c3bb1fbd7bf2182cc5	Bacteroidales	Prevotellaceae	Prevotella buccalis	P. buccalis
4055b3f1e3e0a8f04d0a83f7de0e7ca9fcdc0222	Clostridiales	Family XI	Peptoniphilus ivorii	P. ivorii
671e184eef8fe77c8d41237140afb0c9774475d5	Clostridiales	Lachnospiraceae	Lachnospiraceae-OTU55	Lachnospiraceae-OTU55
18b62d123674facfbde7a0a670bdcbdeec61dca3	Bacteroidales	Tannerellaceae	Parabacteroides chartae-OTU54	P. chartae-OTU54
b7958ee8f163b8c7f8efcd7f093f897421c2eeeb	Clostridiales	Lachnospiraceae	Blautia hydrogenotrophica	B. hydrogenotrophica
7c2e0be05c81e92be893416502901cc796a11a97	Clostridiales	Lachnospiraceae	Eubacterium rectale-OTU52	E. rectale-OTU52
0d181ab99c59f5465506730734e655becc2135a3	Bacteroidales	Bacteroidaceae	Bacteroides caecicola-OTU51	B. caecicola-OTU51
2b6187b111e334718a1171a3395f8de7528eff3d	Lactobacillales	Leuconostocaceae	Weissella ghanensis	W. ghanensis
b21cc5dfad113e06eff6eeaefb9fb221379b1659	Clostridiales	Lachnospiraceae	Eubacterium rectale-OTU47	E. rectale-OTU47
5ecedc2ba1f718c8bf27df3525e075dcbc0f1819	Clostridiales	Ruminococcaceae	Subdoligranulum variabile-OTU44	S. variabile-OTU44
7c8124a599ef55c3aca8d4c1edee81189d249762	Clostridiales	Ruminococcaceae	Ruminococcus lactaris-OTU43	R. lactaris-OTU43
b83e3de5cc0156ec15810fb19eacc9c855a1f0c1	Bacteroidales	Bacteroidaceae	Bacteroides gallinaceum-OTU42	B. gallinaceum-OTU42
23b75a012b2bec213e848893b24842d695014dee	Bacteroidales	Bacteroidaceae	Bacteroides propionicifaciens-OTU41	B. propionicifaciens-OTU41
36b71e0fa60b370e95082d0cee5ba3ed92ea4f14	Clostridiales	Family XI	Finegoldia magna	F. magna
bf41a92ce95bc3c5068b7e5705d3eb75dd0441f1	Clostridiales	Lachnospiraceae	Ruminococcus lactaris-OTU38	R. lactaris-OTU38
3ba90965ce76880f6bbcddc96b6ab309ac932ee1	Clostridiales	Lachnospiraceae	Blautia hansenii	B. hansenii
3bbf321699fe62c76c1931fff91d8e078feeba87	Clostridiales	Ruminococcaceae	Ruminiclostridium-OTU36	Ruminiclostridium-OTU36
3ae4d87f6c2b8a813fb60f584165d9dd2821d2d5	Clostridiales	Lachnospiraceae	Coprococcus comes	C. comes
06a157c47ae3d15ba27d3409e47b2d1bda1228d9	Clostridiales	Family XI	Peptoniphilus lacrimalis	P. lacrimalis
5f4f6d97004ada3407550a3afccd0f8b6bd61758	Clostridiales	Ruminococcaceae	Flavonifractor plautii	F. plautii
d77ce8b9e5a334c7e4103f6f21bf217540134ced	Clostridiales	Lachnospiraceae	Fusicatenibacter saccharivorans	F. saccharivorans
04f6d8267903b2cc853efc25678b5d11da252ba8	Desulfovibrionales	Desulfovibrionaceae	Bilophila-OTU30	Bilophila-OTU30
6c4a13cb8c2989b4ddf90ce4827e1a46ec08fdbd	Bifidobacteriales	Bifidobacteriaceae	Bifidobacterium magnum	B. magnum
833ee1018bc65e8c8dfd0e8c1a1ee5f25d4153d3	Bacteroidales	Bacteroidaceae	Bacteroides gallinaceum-OTU27	B. gallinaceum-OTU27
ebab44d6a7d001286bddcc959257cb9ac84ca9b4	Bacteroidales	Rikenellaceae	Alistipes indistinctus-OTU26	A. indistinctus-OTU26
7f50d4d8d87d26b57bb3da8edfb1b5d72f05e75c	Clostridiales	Lachnospiraceae	Lachnoclostridium pacaense	L. pacaense
055eb03b82092827561fa816d990711e65a10a2d	Bacteroidales	Bacteroidaceae	Bacteroides coprophilus	B. coprophilus
777b862accae329073ba4e71b9b913d7922b771b	Clostridiales	Ruminococcaceae	Ruminococcaceae-OTU23	Ruminococcaceae-OTU23
71c28cdc242a9120ca3970ba66b423c771079a9c	Clostridiales	Ruminococcaceae	Ruminococcaceae-OTU22	Ruminococcaceae-OTU22
3af07d551903d8f0450ac42e478b0858857f99b5	Clostridiales	Lachnospiraceae	Lachnospiraceae-OTU18	Lachnospiraceae-OTU18
6e7e6fb1a2a243f338a53dddf99816665d92bd49	Clostridiales	Lachnospiraceae	Eubacterium oxidoreducens	E. oxidoreducens
e79e9f25d3414a038116ba80ba9c90b4fea3e6d8	Bacteroidales	Bacteroidaceae	Bacteroides caecicola-OTU16	B. caecicola-OTU16
98896715b47780296c7b918cad24c28f4d058945	Clostridiales	Ruminococcaceae	Butyricicoccus sp. K4410.MGS-46	B. sp. K4410.MGS-46
629b41b4214225423c5ff00fdbf5dfb2e2ba196d	Clostridiales	Ruminococcaceae	UBA1819-OTU14	UBA1819-OTU14
4cef6fc61a9c38eea885a18cde8de772f7412697	Clostridiales	Lachnospiraceae	Clostridium amygdalinum	C. amygdalinum
b5f49eebe9a619dafc2725fd6b4b6db0a0476c8f	Lactobacillales	Streptococcaceae	Streptococcus thermophilus TH1435	S. thermophilus TH1435
ef71fca08a960f52b392e3f728c68d4779a06da8	Clostridiales	Lachnospiraceae	Ruminococcus torques	R. torques
93a203cd147eaca4fefa76a477e453dd6a16f551	Clostridiales	Family XI	Anaerococcus octavius	A. octavius
92d2b54526a297955ecf1d5be6e4d8695afa8172	Bacteroidales	Bacteroidaceae	Bacteroides caecicola-OTU10	B. caecicola-OTU10
0b814f25f0aac03c48bd8f719c6dba91f99df818	Clostridiales	Lachnospiraceae	Dorea longicatena	D. longicatena
7d217b5dac70526010aee823a23b9274e8fed212	Clostridiales	Ruminococcaceae	Faecalibacterium prausnitzii-OTU8	F. prausnitzii-OTU8
759d3bce74029b0421b6b7829823329beec0cbda	Clostridiales	Ruminococcaceae	Oscillibacter valericigenes	O. valericigenes
341e2fd8e931fa32697ef5a3cc97bbddddb81f32	Clostridiales	Lachnospiraceae	Roseburia hominis	R. hominis
595b5c69e0c0ab678b4b1457da6abbd3142afa3f	Betaproteobacteriales	Burkholderiaceae	Parasutterella secunda	P. secunda
2a069c745b4e3079b4be010d8e8d15866089a47c	Bacteroidales	Bacteroidaceae	Bacteroides caecicola-OTU4	B. caecicola-OTU4
b0f51adf671d76a5f07c3b5bc16ab4d5c4ff609b	Clostridiales	Ruminococcaceae	Ruminococcaceae-OTU3	Ruminococcaceae-OTU3
543e9142bfd56e3312822277113e06cbb521aa91	Clostridiales	Lachnospiraceae	Agathobacter ruminis-OTU2	A. ruminis-OTU2
2725fb5dd2001597d9a103735ec633f4fec723af	Clostridiales	Lachnospiraceae	Ruminococcus lactaris-OTU0	R. lactaris-OTU0
0cfa2d530d8bb8deb60488dd1a5ae30b0783b626	Bacteroidales	Bacteroidaceae	Bacteroides caecicola-OTU72	B. caecicola-OTU72
d8d5f629119e6c50f9e7c95b6240649272c930cd	Bacteroidales	Bacteroidaceae	Bacteroides gallinaceum-OTU83	B. gallinaceum-OTU83
20218ad750875d16c9e5642a9a5b42f360b4964d	Bacteroidales	Bacteroidaceae	Bacteroides propionicifaciens-OTU29	B. propionicifaciens-OTU29
