study_name	sample_id	subject_id	body_site	antibiotics_current_use	study_condition	disease	age	infant_age	age_category	gender	country	non_westernized	sequencing_platform	DNA_extraction_kit	PMID	number_reads	number_bases	minimum_read_length	median_read_length	NCBI_accession	pregnant	lactating	curator	BMI	family	days_from_first_collection	family_role	born_method	feeding_practice	travel_destination	location	visit_number	premature	birth_weight	gestational_age	antibiotics_family	disease_subtype	days_after_onset	creatine	albumine	hscrp	ESR	treatment	ast	alt	globulin	urea_nitrogen	BASDAI	BASFI	alcohol	flg_genotype	population	menopausal_status	lifestyle	body_subsite	diet	tnm	triglycerides	hdl	ldl	hba1c	smoker	ever_smoker	dental_sample_type	history_of_periodontitis	PPD_M	PPD_B	PPD_D	PPD_L	fobt	disease_stage	disease_location	calprotectin	HBI	SCCAI	uncurated_metadata	mumps	cholesterol	c_peptide	glucose	creatinine	bilubirin	prothrombin_time	wbc	rbc	hemoglobinometry	remission	dyastolic_p	systolic_p	insulin_cat	adiponectin	glp_1	cd163	il_1	leptin	fgf_19	glutamate_decarboxylase_2_antibody	HLA	autoantibody_positive	age_seroconversion	age_T1D_diagnosis	hitchip_probe_class	fasting_insulin	fasting_glucose	protein_intake	stec_count	shigatoxin_2_elisa	stool_texture	anti_PD_1	mgs_richness	ferm_milk_prod_consumer	inr	ctp	birth_control_pil	c_section_type	ajcc	hla_drb12	hla_dqa12	hla_dqa11	hla_drb11	birth_order	age_twins_started_to_live_apart	zigosity	brinkman_index	alcohol_numeric	breastfeeding_duration	formula_first_day	ALT	eGFR
GuptaA_2019	GupDM_JP	GupDM_JP	stool	no	CRC	CRC	67.0		senior	male	IND	no	IlluminaNextSeq	Qiagen	31719139	10400668	1428270555	60	150	SRR8865580			Arianna_Bonetti;Paolo_Manghi	17.69													adenocarcinoma															Bhopal					t3n2m0													yes	3.0	rectum																																																									
GuptaA_2019	GupDM_JG	GupDM_JG	stool	no	CRC	CRC	71.0		senior	male	IND	no	IlluminaNextSeq	Qiagen	31719139	8460528	1130086052	60	150	SRR8865577			Arianna_Bonetti;Paolo_Manghi	18.07													adenocarcinoma															Bhopal					t1n0m0													yes	1.0	colon																																																									
GuptaA_2019	GupDM_A4	GupDM_A4	stool	no	CRC	CRC	72.0		senior	male	IND	no	IlluminaNextSeq	Qiagen	31719139	12005312	1619915370	60	150	SRR8865593			Arianna_Bonetti;Paolo_Manghi	18.22													adenocarcinoma															Kerala					t3n2m0													yes	3.0	colon																																																									
GuptaA_2019	GupDM_JM	GupDM_JM	stool	no	CRC	CRC	60.0		adult	male	IND	no	IlluminaNextSeq	Qiagen	31719139	10328094	1435043694	60	150	SRR8865575			Arianna_Bonetti;Paolo_Manghi	18.33													adenocarcinoma															Bhopal					t2n0m0													yes	1.0	rectum																																																									
GuptaA_2019	GupDM_A13	GupDM_A13	stool	no	CRC	CRC	48.0		adult	male	IND	no	IlluminaNextSeq	Qiagen	31719139	8067640	1118699109	60	150	SRR8865594			Arianna_Bonetti;Paolo_Manghi	18.69													adenocarcinoma															Kerala					t3n0m0													yes	2.0	rectum																																																									
GuptaA_2019	GupDM_JK	GupDM_JK	stool	no	CRC	CRC	66.0		senior	female	IND	no	IlluminaNextSeq	Qiagen	31719139	10425236	1449671956	60	150	SRR8865573			Arianna_Bonetti;Paolo_Manghi	18.73													adenocarcinoma															Bhopal					t4n1m0													yes	3.0	sigmoid colon																																																									
GuptaA_2019	GupDM_JI	GupDM_JI	stool	no	CRC	CRC	54.0		adult	male	IND	no	IlluminaNextSeq	Qiagen	31719139	11460622	1547957943	60	150	SRR8865579			Arianna_Bonetti;Paolo_Manghi	18.96													adenocarcinoma															Bhopal					t2n0m0													yes	1.0	colon																																																									
GuptaA_2019	GupDM_A7	GupDM_A7	stool	no	CRC	CRC	59.0		adult	male	IND	no	IlluminaNextSeq	Qiagen	31719139	7268266	939363261	60	150	SRR8865586			Arianna_Bonetti;Paolo_Manghi	19.1													adenocarcinoma															Kerala					t4n2m0													yes	3.0	sigmoid colon																																																									
GuptaA_2019	GupDM_A2	GupDM_A2	stool	no	CRC	CRC	55.0		adult	male	IND	no	IlluminaNextSeq	Qiagen	31719139	7916638	1100929747	60	150	SRR8865597			Arianna_Bonetti;Paolo_Manghi	19.14													adenocarcinoma															Kerala					t3n2m0													yes	3.0	sigmoid colon																																																									
GuptaA_2019	GupDM_A_11	GupDM_A11	stool	no	CRC	CRC	41.0		adult	female	IND	no	IlluminaNextSeq	Qiagen	31719139	6227234	883347281	60	151	SRR8865600			Arianna_Bonetti;Paolo_Manghi	19.22													adenocarcinoma															Kerala					t2m0n0													yes	1.0	rectum																																																									
GuptaA_2019	GupDM_JC	GupDM_JC	stool	no	CRC	CRC	61.0		adult	male	IND	no	IlluminaNextSeq	Qiagen	31719139	7854080	1057890138	60	150	SRR8865591			Arianna_Bonetti;Paolo_Manghi	19.47													adenocarcinoma															Bhopal					t3n2m0													yes	3.0	colon																																																									
GuptaA_2019	GupDM_JN	GupDM_JN	stool	no	CRC	CRC	58.0		adult	male	IND	no	IlluminaNextSeq	Qiagen	31719139	9789278	1347588954	60	150	SRR8865574			Arianna_Bonetti;Paolo_Manghi	19.92													adenocarcinoma															Bhopal					t2n0m0													yes	1.0	rectum																																																									
GuptaA_2019	GupDM_JJ	GupDM_JJ	stool	no	CRC	CRC	62.0		adult	female	IND	no	IlluminaNextSeq	Qiagen	31719139	8350184	1151783466	60	150	SRR8865578			Arianna_Bonetti;Paolo_Manghi	20.03													adenocarcinoma															Bhopal					t2n0m1													yes	4.0	colon																																																									
GuptaA_2019	GupDM_JO	GupDM_JO	stool	no	CRC	CRC	71.0		senior	male	IND	no	IlluminaNextSeq	Qiagen	31719139	11274338	1501226163	60	150	SRR8865581			Arianna_Bonetti;Paolo_Manghi	20.03													adenocarcinoma															Bhopal					t4n1m0													yes	3.0	sigmoid colon																																																									
GuptaA_2019	GupDM_A1	GupDM_A1	stool	no	CRC	CRC	62.0		adult	male	IND	no	IlluminaNextSeq	Qiagen	31719139	27687226	3808647004	60	150	SRR8865598			Arianna_Bonetti;Paolo_Manghi	20.08													adenocarcinoma															Kerala					t2n0m0													yes	1.0	rectum																																																									
GuptaA_2019	GupDM_JE	GupDM_JE	stool	no	CRC	CRC	64.0		adult	male	IND	no	IlluminaNextSeq	Qiagen	31719139	6825048	920913556	60	150	SRR8865583			Arianna_Bonetti;Paolo_Manghi	20.08													adenocarcinoma															Bhopal					t1n0m0													yes	1.0	rectum																																																									
GuptaA_2019	GupDM_A12	GupDM_A12	stool	no	CRC	CRC	65.0		adult	male	IND	no	IlluminaNextSeq	Qiagen	31719139	6988838	984235167	60	150	SRR8865601			Arianna_Bonetti;Paolo_Manghi	20.32													adenocarcinoma															Kerala					t2n2m0													yes	3.0	rectum																																																									
GuptaA_2019	GupDM_JL	GupDM_JL	stool	no	CRC	CRC	59.0		adult	female	IND	no	IlluminaNextSeq	Qiagen	31719139	9878044	1387793557	60	151	SRR8865572			Arianna_Bonetti;Paolo_Manghi	20.34													adenocarcinoma															Bhopal					t4n1m0													yes	3.0	rectum																																																									
GuptaA_2019	GupDM_A14	GupDM_A14	stool	no	CRC	CRC	56.0		adult	male	IND	no	IlluminaNextSeq	Qiagen	31719139	10038762	1413415112	60	151	SRR8865595			Arianna_Bonetti;Paolo_Manghi	20.45													adenocarcinoma															Kerala					t4n1m0													yes	3.0	rectum																																																									
GuptaA_2019	GupDM_A8	GupDM_A8	stool	no	CRC	CRC	66.0		senior	female	IND	no	IlluminaNextSeq	Qiagen	31719139	11368644	1560459053	60	150	SRR8865587			Arianna_Bonetti;Paolo_Manghi	20.5													adenocarcinoma															Kerala					t1n0m0													yes	1.0	colon																																																									
GuptaA_2019	GupDM_A3	GupDM_A3	stool	no	CRC	CRC	49.0		adult	male	IND	no	IlluminaNextSeq	Qiagen	31719139	3283982	456791391	60	150	SRR8865592			Arianna_Bonetti;Paolo_Manghi	20.83													adenocarcinoma															Kerala					t4n1m0													yes	3.0	colon																																																									
GuptaA_2019	GupDM_A10	GupDM_A10	stool	no	CRC	CRC	65.0		adult	female	IND	no	IlluminaNextSeq	Qiagen	31719139	8468208	1174245166	60	150	SRR8865599			Arianna_Bonetti;Paolo_Manghi	21.01													adenocarcinoma															Kerala					t3n2m0													yes	3.0	colon																																																									
GuptaA_2019	GupDM_A5	GupDM_A5	stool	no	CRC	CRC	75.0		senior	female	IND	no	IlluminaNextSeq	Qiagen	31719139	7220182	997921511	60	150	SRR8865584			Arianna_Bonetti;Paolo_Manghi	21.21													adenocarcinoma															Kerala					t3n2m0													yes	3.0	rectum																																																									
GuptaA_2019	GupDM_A_15	GupDM_A15	stool	no	CRC	CRC	59.0		adult	male	IND	no	IlluminaNextSeq	Qiagen	31719139	9884266	1384530792	60	150	SRR8865596			Arianna_Bonetti;Paolo_Manghi	21.4													adenocarcinoma															Kerala					t2n0m0													yes	1.0	rectum																																																									
GuptaA_2019	GupDM_JH	GupDM_JH	stool	no	CRC	CRC	58.0		adult	female	IND	no	IlluminaNextSeq	Qiagen	31719139	12994616	1753239492	60	150	SRR8865576			Arianna_Bonetti;Paolo_Manghi	21.49													adenocarcinoma															Bhopal					t4n1m0													yes	3.0	sigmoid colon																																																									
GuptaA_2019	GupDM_JD	GupDM_JD	stool	no	CRC	CRC	57.0		adult	male	IND	no	IlluminaNextSeq	Qiagen	31719139	5660024	780426560	60	150	SRR8865582			Arianna_Bonetti;Paolo_Manghi	21.7													adenocarcinoma															Bhopal					t1n0m0													yes	1.0	colon																																																									
GuptaA_2019	GupDM_A9	GupDM_A9	stool	no	CRC	CRC	56.0		adult	female	IND	no	IlluminaNextSeq	Qiagen	31719139	4665104	661492622	60	151	SRR8865588			Arianna_Bonetti;Paolo_Manghi	22.22													adenocarcinoma															Kerala					t4n1m0													yes	3.0	rectum																																																									
GuptaA_2019	GupDM_A6	GupDM_A6	stool	no	CRC	CRC	58.0		adult	female	IND	no	IlluminaNextSeq	Qiagen	31719139	8086526	1064744495	60	150	SRR8865585			Arianna_Bonetti;Paolo_Manghi	22.67													adenocarcinoma															Kerala					t4n1m0													yes	3.0	sigmoid colon																																																									
GuptaA_2019	GupDM_JB	GupDM_JB	stool	no	CRC	CRC	53.0		adult	female	IND	no	IlluminaNextSeq	Qiagen	31719139	6436176	882523087	60	150	SRR8865590			Arianna_Bonetti;Paolo_Manghi	22.97													adenocarcinoma															Bhopal					t4n1m0													yes	3.0	rectum																																																									
GuptaA_2019	GupDM_JA	GupDM_JA	stool	no	CRC	CRC	47.0		adult	female	IND	no	IlluminaNextSeq	Qiagen	31719139	7561246	1040725254	60	150	SRR8865589			Arianna_Bonetti;Paolo_Manghi	23.81													adenocarcinoma															Bhopal					t1n0m0													yes	1.0	rectum																																																									
GuptaA_2019	GupDM_HAK	GupDM_HAK	stool	no	control	Health	29.0		adult	female	IND	no	IlluminaNextSeq	Qiagen	30698687	10655514	1344200520	32	150	SRR5898908			Arianna_Bonetti;Paolo_Manghi	22.03																												Bhopal																																																																													
GuptaA_2019	GupDM_HAJ	GupDM_HAJ	stool	no	control	Health	22.0		adult	female	IND	no	IlluminaNextSeq	Qiagen	30698687	6171104	773772009	32	150	SRR5898909			Arianna_Bonetti;Paolo_Manghi	23.23																												Bhopal																																																																													
GuptaA_2019	GupDM_HAI	GupDM_HAI	stool	no	control	Health	24.0		adult	male	IND	no	IlluminaNextSeq	Qiagen	30698687	17519102	2142440783	35	149	SRR5898910			Arianna_Bonetti;Paolo_Manghi	26.03																												Bhopal																																																																													
GuptaA_2019	GupDM_HAH	GupDM_HAH	stool	no	control	Health	25.0		adult	female	IND	no	IlluminaNextSeq	Qiagen	30698687	10271966	1316013844	32	150	SRR5898911			Arianna_Bonetti;Paolo_Manghi	21.26																												Bhopal																																																																													
GuptaA_2019	GupDM_HAG	GupDM_HAG	stool	no	control	Health	23.0		adult	female	IND	no	IlluminaNextSeq	Qiagen	30698687	8105478	1036575018	32	150	SRR5898912			Arianna_Bonetti;Paolo_Manghi	22.3																												Bhopal																																																																													
GuptaA_2019	GupDM_HAL	GupDM_HAL	stool	no	control	Health	24.0		adult	female	IND	no	IlluminaNextSeq	Qiagen	30698687	9271322	1203927125	35	150	SRR5898920			Arianna_Bonetti;Paolo_Manghi	23.25																												Bhopal																																																																													
GuptaA_2019	GupDM_HAM	GupDM_HAM	stool	no	control	Health	23.0		adult	female	IND	no	IlluminaNextSeq	Qiagen	30698687	12979624	1688320620	35	150	SRR5898921			Arianna_Bonetti;Paolo_Manghi	19.22																												Bhopal																																																																													
GuptaA_2019	GupDM_HAN	GupDM_HAN	stool	no	control	Health	26.0		adult	female	IND	no	IlluminaNextSeq	Qiagen	30698687	13145190	1696663348	35	150	SRR5898922			Arianna_Bonetti;Paolo_Manghi	22.03																												Bhopal																																																																													
GuptaA_2019	GupDM_HAO	GupDM_HAO	stool	no	control	Health	26.0		adult	female	IND	no	IlluminaNextSeq	Qiagen	30698687	16932172	2103248766	35	150	SRR5898923			Arianna_Bonetti;Paolo_Manghi	20.82																												Bhopal																																																																													
GuptaA_2019	GupDM_HAP	GupDM_HAP	stool	no	control	Health	25.0		adult	male	IND	no	IlluminaNextSeq	Qiagen	30698687	12355776	1610417458	35	150	SRR5898924			Arianna_Bonetti;Paolo_Manghi	21.71																												Bhopal																																																																													
GuptaA_2019	GupDM_HAR	GupDM_HAR	stool	no	control	Health	28.0		adult	male	IND	no	IlluminaNextSeq	Qiagen	30698687	10185816	1327594148	35	150	SRR5898925			Arianna_Bonetti;Paolo_Manghi	25.51																												Bhopal																																																																													
GuptaA_2019	GupDM_HAT	GupDM_HAT	stool	no	control	Health	26.0		adult	male	IND	no	IlluminaNextSeq	Qiagen	30698687	5952458	802869306	35	150	SRR5898926			Arianna_Bonetti;Paolo_Manghi	22.65																												Bhopal																																																																													
GuptaA_2019	GupDM_HDF	GupDM_HDF	stool	no	control	Health	58.0		adult	female	IND	no	IlluminaNextSeq	Qiagen	30698687	7376354	1037368291	35	151	SRR5898948			Arianna_Bonetti;Paolo_Manghi	25.7																												Kerala																																																																													
GuptaA_2019	GupDM_HDB	GupDM_HDB	stool	no	control	Health	50.0		adult	female	IND	no	IlluminaNextSeq	Qiagen	30698687	4717922	668018094	35	151	SRR5898950			Arianna_Bonetti;Paolo_Manghi	25.1																												Kerala																																																																													
GuptaA_2019	GupDM_HCY	GupDM_HCY	stool	no	control	Health	53.0		adult	female	IND	no	IlluminaNextSeq	Qiagen	30698687	5247522	742418100	35	151	SRR5898954			Arianna_Bonetti;Paolo_Manghi	26.8																												Kerala																																																																													
GuptaA_2019	GupDM_HCL	GupDM_HCL	stool	no	control	Health	64.0		adult	female	IND	no	IlluminaNextSeq	Qiagen	30698687	7355758	1016781080	35	150	SRR5898966			Arianna_Bonetti;Paolo_Manghi	36.4																												Bhopal																																																																													
GuptaA_2019	GupDM_HCU	GupDM_HCU	stool	no	control	Health	61.0		adult	male	IND	no	IlluminaNextSeq	Qiagen	30698687	11104842	1433920763	35	150	SRR5898978			Arianna_Bonetti;Paolo_Manghi	19.5																												Bhopal																																																																													
GuptaA_2019	GupDM_HCV	GupDM_HCV	stool	no	control	Health	58.0		adult	female	IND	no	IlluminaNextSeq	Qiagen	30698687	10996252	1517224723	35	150	SRR5898979			Arianna_Bonetti;Paolo_Manghi	19.9																												Bhopal																																																																													
GuptaA_2019	GupDM_HCQ	GupDM_HCQ	stool	no	control	Health	52.0		adult	female	IND	no	IlluminaNextSeq	Qiagen	30698687	5635222	793309934	35	150	SRR5898980			Arianna_Bonetti;Paolo_Manghi	23.0																												Bhopal																																																																													
GuptaA_2019	GupDM_HCR	GupDM_HCR	stool	no	control	Health	62.0		adult	male	IND	no	IlluminaNextSeq	Qiagen	30698687	6710528	937125039	35	150	SRR5898981			Arianna_Bonetti;Paolo_Manghi	20.8																												Bhopal																																																																													
GuptaA_2019	GupDM_HCS	GupDM_HCS	stool	no	control	Health	50.0		adult	female	IND	no	IlluminaNextSeq	Qiagen	30698687	5521326	754584053	35	150	SRR5898982			Arianna_Bonetti;Paolo_Manghi	17.9																												Bhopal																																																																													
GuptaA_2019	GupDM_HCT	GupDM_HCT	stool	no	control	Health	58.0		adult	male	IND	no	IlluminaNextSeq	Qiagen	30698687	9651384	1363678978	35	150	SRR5898983			Arianna_Bonetti;Paolo_Manghi	19.2																												Bhopal																																																																													
GuptaA_2019	GupDM_HCM	GupDM_HCM	stool	no	control	Health	62.0		adult	female	IND	no	IlluminaNextSeq	Qiagen	30698687	7352590	1010009755	35	150	SRR5898984			Arianna_Bonetti;Paolo_Manghi	22.9																												Bhopal																																																																													
GuptaA_2019	GupDM_HCN	GupDM_HCN	stool	no	control	Health	57.0		adult	male	IND	no	IlluminaNextSeq	Qiagen	30698687	10142394	1313430561	35	150	SRR5898985			Arianna_Bonetti;Paolo_Manghi	17.9																												Bhopal																																																																													
GuptaA_2019	GupDM_HCO	GupDM_HCO	stool	no	control	Health	57.0		adult	female	IND	no	IlluminaNextSeq	Qiagen	30698687	9242932	1256070078	35	150	SRR5898986			Arianna_Bonetti;Paolo_Manghi	20.8																												Bhopal																																																																													
GuptaA_2019	GupDM_HCP	GupDM_HCP	stool	no	control	Health	71.0		senior	male	IND	no	IlluminaNextSeq	Qiagen	30698687	6704578	914569895	35	150	SRR5898987			Arianna_Bonetti;Paolo_Manghi	19.2																												Bhopal																																																																													
GuptaA_2019	GupDM_HP	GupDM_HP	stool	no	control	Health	30.0		adult	male	IND	no	IlluminaNextSeq	Qiagen	30698687	9276878	1156488365	32	150	SRR5899005			Arianna_Bonetti;Paolo_Manghi	19.36																												Bhopal																																																																													
GuptaA_2019	GupDM_HS	GupDM_HS	stool	no	control	Health	25.0		adult	male	IND	no	IlluminaNextSeq	Qiagen	30698687	13442182	1677800044	32	150	SRR5899006			Arianna_Bonetti;Paolo_Manghi	18.3																												Bhopal																																																																													
GuptaA_2019	GupDM_HR	GupDM_HR	stool	no	control	Health	26.0		adult	male	IND	no	IlluminaNextSeq	Qiagen	30698687	8951472	1153088906	32	150	SRR5899007			Arianna_Bonetti;Paolo_Manghi	22.22																												Bhopal																																																																													
GuptaA_2019	GupDM_HBR	GupDM_HBR	stool	no	control	Health	50.0		adult	female	IND	no	IlluminaNextSeq	Qiagen	30698687	4251494	616943354	35	151	SRR5899017			Arianna_Bonetti;Paolo_Manghi	27.1																												Kerala																																																																													
