study_name	sample_id	subject_id	body_site	antibiotics_current_use	study_condition	disease	age	infant_age	age_category	gender	country	non_westernized	sequencing_platform	DNA_extraction_kit	PMID	number_reads	number_bases	minimum_read_length	median_read_length	NCBI_accession	pregnant	lactating	curator	BMI	family	days_from_first_collection	family_role	born_method	feeding_practice	travel_destination	location	visit_number	premature	birth_weight	gestational_age	antibiotics_family	disease_subtype	days_after_onset	creatine	albumine	hscrp	ESR	treatment	ast	alt	globulin	urea_nitrogen	BASDAI	BASFI	alcohol	flg_genotype	population	menopausal_status	lifestyle	body_subsite	diet	tnm	triglycerides	hdl	ldl	hba1c	smoker	ever_smoker	dental_sample_type	history_of_periodontitis	PPD_M	PPD_B	PPD_D	PPD_L	fobt	disease_stage	disease_location	calprotectin	HBI	SCCAI	uncurated_metadata	mumps	cholesterol	c_peptide	glucose	creatinine	bilubirin	prothrombin_time	wbc	rbc	hemoglobinometry	remission	dyastolic_p	systolic_p	insulin_cat	adiponectin	glp_1	cd163	il_1	leptin	fgf_19	glutamate_decarboxylase_2_antibody	HLA	autoantibody_positive	age_seroconversion	age_T1D_diagnosis	hitchip_probe_class	fasting_insulin	fasting_glucose	protein_intake	stec_count	shigatoxin_2_elisa	stool_texture	anti_PD_1	mgs_richness	ferm_milk_prod_consumer	inr	ctp	birth_control_pil	c_section_type	ajcc	hla_drb12	hla_dqa12	hla_dqa11	hla_drb11	birth_order	age_twins_started_to_live_apart	zigosity	brinkman_index	alcohol_numeric	breastfeeding_duration	formula_first_day	ALT	eGFR
ZellerG_2014	CCIS00146684ST-4-0	FR-726	stool		control	Health	72.0		senior	female	FRA	no	IlluminaHiSeq	Gnome	25432777	76003628	6512170482	45	91	ERR480457;ERR480456;ERR480455;ERR480454;ERR478959;ERR478958;ERR478960;ERR478961			Paolo_Manghi	25.0																																														no																																																											
ZellerG_2014	CCIS00281083ST-3-0	FR-060	stool		control	Health	53.0		adult	male	FRA	no	IlluminaHiSeq	Gnome	25432777	47190574	3298640533	45	69	ERR480459;ERR480458;ERR478962;ERR478963			Paolo_Manghi	32.0																																														no																																																											
ZellerG_2014	CCIS02124300ST-4-0	FR-568	stool		control	Health	35.0		adult	male	FRA	no	IlluminaHiSeq	Gnome	25432777	87631061	7846466205	45	94	ERR480463;ERR480462;ERR480461;ERR480460;ERR478967;ERR478966;ERR478965;ERR478964			Paolo_Manghi	23.0																																														no																																																											
ZellerG_2014	CCIS02379307ST-4-0	FR-828	stool		CRC	CRC	67.0		senior	male	FRA	no	IlluminaHiSeq	Gnome	25432777	10574044	907920835	1	90	ERR480465;ERR480464;ERR478969;ERR478968			Paolo_Manghi	28.0													carcinoma																				t1n0m0													yes																																														i													
ZellerG_2014	CCIS02856720ST-4-0	FR-027	stool		control	Health	74.0		senior	male	FRA	no	IlluminaHiSeq	Gnome	25432777	73567419	6190369807	1	89	ERR480469;ERR480468;ERR480467;ERR480466;ERR478973;ERR478972;ERR478971;ERR478970			Paolo_Manghi	27.0																																														yes																																																											
ZellerG_2014	CCIS03473770ST-4-0	FR-192	stool		control	Health	29.0		adult	male	FRA	no	IlluminaHiSeq	Gnome	25432777	46217866	3733212784	45	91	ERR480471;ERR480470;ERR478975;ERR478974			Paolo_Manghi	24.0																																														no																																																											
ZellerG_2014	CCIS03857607ST-4-0	FR-349	stool		control	Health	61.0		adult	male	FRA	no	IlluminaHiSeq	Gnome	25432777	63911163	5403961311	1	89	ERR480475;ERR480473;ERR480472;ERR480474;ERR478976;ERR478979;ERR478978;ERR478977			Paolo_Manghi	23.0																																														no																																																											
ZellerG_2014	CCIS05314658ST-4-0	FR-169	stool		control	Health	65.0		adult	female	FRA	no	IlluminaHiSeq	Gnome	25432777	61688036	5175146179	1	89	ERR480479;ERR480478;ERR480477;ERR480476;ERR478980;ERR478983;ERR478982;ERR478981			Paolo_Manghi	24.0																																														no																																																											
ZellerG_2014	CCIS06260551ST-3-0	FR-200	stool		CRC	CRC	58.0		adult	male	FRA	no	IlluminaHiSeq	Gnome	25432777	36441111	2826425982	45	85	ERR480480;ERR480481;ERR478984;ERR478985			Paolo_Manghi	24.0													carcinoma																				t3n1m1													no																																														iv													
ZellerG_2014	CCIS07277498ST-4-0	FR-276	stool		control	Health	63.0		adult	male	FRA	no	IlluminaHiSeq	Gnome	25432777	66936604	5667757614	1	89	ERR480485;ERR480484;ERR480482;ERR480483;ERR478989;ERR478988;ERR478987;ERR478986			Paolo_Manghi																																																																																																										
ZellerG_2014	CCIS07539127ST-4-0	FR-460	stool		control	Health	77.0		senior	female	FRA	no	IlluminaHiSeq	Gnome	25432777	68406226	5817465348	45	90	ERR480489;ERR480488;ERR480487;ERR480486;ERR478993;ERR478992;ERR478991;ERR478990			Paolo_Manghi	22.0																																														no																																																											
ZellerG_2014	CCIS07648107ST-4-0	FR-053	stool		control	Health	62.0		adult	female	FRA	no	IlluminaHiSeq	Gnome	25432777	66245949	5739043252	45	91	ERR480493;ERR480492;ERR480491;ERR480490;ERR478997;ERR478996;ERR478994;ERR478995			Paolo_Manghi	21.0																																														no																																																											
ZellerG_2014	CCIS09568613ST-4-0	FR-400	stool		control	Health	67.0		senior	male	FRA	no	IlluminaHiSeq	Gnome	25432777	75876874	6488989235	45	91	ERR480499;ERR480498;ERR480497;ERR480496;ERR479001;ERR479000;ERR479003;ERR479002			Paolo_Manghi	21.0																																														no																																																											
ZellerG_2014	CCIS10706551ST-3-0	FR-193	stool		control	Health	25.0		adult	male	FRA	no	IlluminaHiSeq	Gnome	25432777	65983849	5152050233	1	89	ERR480501;ERR480500;ERR479004;ERR479005			Paolo_Manghi	24.0																																														no																																																											
ZellerG_2014	CCIS11015875ST-4-0	FR-788	stool		CRC	CRC	62.0		adult	male	FRA	no	IlluminaHiSeq	Gnome	25432777	57428555	5021042144	45	92	ERR480507;ERR480506;ERR479011;ERR479010			Paolo_Manghi	26.0													carcinoma																				t3n1m0													yes																																														iii													
ZellerG_2014	CCIS11354283ST-4-0	FR-212	stool		control	Health	67.0		senior	male	FRA	no	IlluminaHiSeq	Gnome	25432777	62234037	5296232853	45	91	ERR480513;ERR480512;ERR480511;ERR480510;ERR479017;ERR479016;ERR479015;ERR479014			Paolo_Manghi	27.0																																														no																																																											
ZellerG_2014	CCIS11362406ST-4-0	FR-398	stool		control	Health	44.0		adult	female	FRA	no	IlluminaHiSeq	Gnome	25432777	103363989	8334068161	1	89	ERR480516;ERR480515;ERR480514;ERR480517;ERR479021;ERR479018;ERR479020;ERR479019			Paolo_Manghi	26.0																																														no																																																											
ZellerG_2014	CCIS11558985ST-4-0	FR-902	stool		control	Health	56.0		adult	female	FRA	no	IlluminaHiSeq	Gnome	25432777	37988049	3229069072	45	92	ERR480519;ERR480518;ERR479023;ERR479022			Paolo_Manghi																																															no																																																											
ZellerG_2014	CCIS12370844ST-4-0	FR-823	stool		CRC	CRC	81.0		senior	female	FRA	no	IlluminaHiSeq	Gnome	25432777	5783578	497672074	45	94	ERR480524;ERR480523;ERR480522;ERR480521;ERR480520;ERR479028;ERR479027;ERR479025;ERR479024;ERR479026			Paolo_Manghi	39.0													carcinoma																				t2n0m0													yes																																														i													
ZellerG_2014	CCIS12656533ST-4-0	FR-654	stool		CRC	CRC	51.0		adult	male	FRA	no	IlluminaHiSeq	Gnome	25432777	45546920	3848992468	45	92	ERR480528;ERR480527;ERR480526;ERR480525;ERR479032;ERR479030;ERR479029;ERR479031			Paolo_Manghi	30.0													carcinoma																				t2n1m1													no																																														iv													
ZellerG_2014	CCIS13047523ST-4-0	FR-003	stool		control	Health	70.0		senior	male	FRA	no	IlluminaHiSeq	Gnome	25432777	62891719	5363998665	45	90	ERR480532;ERR480529;ERR480531;ERR480530;ERR479036;ERR479034;ERR479035;ERR479033			Paolo_Manghi	22.0																																														no																																																											
ZellerG_2014	CCIS14449628ST-4-0	FR-404	stool		CRC	CRC	59.0		adult	female	FRA	no	IlluminaHiSeq	Gnome	25432777	51748595	4256129777	45	92	ERR480534;ERR480533;ERR479038;ERR479037			Paolo_Manghi	20.0													carcinoma																				t4n1m0													no																																														iii													
ZellerG_2014	CCIS15704761ST-4-0	FR-901	stool		CRC	CRC	56.0		adult	female	FRA	no	IlluminaHiSeq	Gnome	25432777	42764985	3631882002	45	93	ERR480536;ERR480535;ERR479040;ERR479039			Paolo_Manghi														carcinoma																				t4n1m1													no																																														iv													
ZellerG_2014	CCIS15794887ST-4-0	FR-024	stool		control	Health	37.0		adult	female	FRA	no	IlluminaHiSeq	Gnome	25432777	45764894	3698892069	45	92	ERR480538;ERR480537;ERR479042;ERR479041			Paolo_Manghi	18.0																																														no																																																											
ZellerG_2014	CCIS16326685ST-4-0	FR-542	stool		control	Health	46.0		adult	female	FRA	no	IlluminaHiSeq	Gnome	25432777	53344597	4547422592	45	96	ERR480540;ERR480539;ERR479043;ERR479044			Paolo_Manghi	29.0																																														no																																																											
ZellerG_2014	CCIS16383318ST-4-0	FR-139	stool		control	Health	61.0		adult	female	FRA	no	IlluminaHiSeq	Gnome	25432777	78085760	6621569027	45	90	ERR480541;ERR480544;ERR480543;ERR480542;ERR479045;ERR479048;ERR479047;ERR479046			Paolo_Manghi	24.0																																														no																																																											
ZellerG_2014	CCIS16561622ST-4-0	FR-030	stool		control	Health	54.0		adult	male	FRA	no	IlluminaHiSeq	Gnome	25432777	87807063	7453752248	45	90	ERR480548;ERR480547;ERR480546;ERR480545;ERR479052;ERR479051;ERR479050;ERR479049			Paolo_Manghi	26.0																																														no																																																											
ZellerG_2014	CCIS17669415ST-4-0	FR-125	stool		CRC	CRC	72.0		senior	female	FRA	no	IlluminaHiSeq	Gnome	25432777	69983469	5754783062	45	90	ERR480552;ERR480551;ERR480550;ERR480549;ERR479056;ERR479054;ERR479053;ERR479055			Paolo_Manghi	37.0													carcinoma																				t1n0m0													no																																														i													
ZellerG_2014	CCIS20795251ST-4-0	FR-221	stool		control	Health	71.0		senior	female	FRA	no	IlluminaHiSeq	Gnome	25432777	55286215	4611051584	1	89	ERR480556;ERR480558;ERR480557;ERR480555;ERR479062;ERR479061;ERR479060;ERR479059			Paolo_Manghi	23.0																																														no																																																											
ZellerG_2014	CCIS21126322ST-4-0	FR-121	stool		control	Health	59.0		adult	male	FRA	no	IlluminaHiSeq	Gnome	25432777	82207625	6704190994	45	91	ERR480560;ERR480559;ERR479064;ERR479063			Paolo_Manghi	25.0																																														no																																																											
ZellerG_2014	CCIS21278152ST-4-0	FR-414	stool		CRC	CRC	63.0		adult	male	FRA	no	IlluminaHiSeq	Gnome	25432777	53183717	4306955793	45	91	ERR480562;ERR480561;ERR479066;ERR479065			Paolo_Manghi	25.0													carcinoma																				t3n0m0													yes																																														ii													
ZellerG_2014	CCIS22416007ST-4-0	FR-815	stool		CRC	CRC	82.0		senior	male	FRA	no	IlluminaHiSeq	Gnome	25432777	90417909	7567990129	1	89	ERR480569;ERR480570;ERR480568;ERR480567;ERR479074;ERR479073;ERR479072;ERR479071			Paolo_Manghi	24.0													carcinoma																				t4n1m1													no																																														iv													
ZellerG_2014	CCIS22958137ST-20-0	FR-506	stool		CRC	CRC	60.0		adult	male	FRA	no	IlluminaHiSeq	Gnome	25432777	98059549	8757847513	45	95	ERR480573;ERR480574;ERR479078;ERR479077			Paolo_Manghi	26.0													carcinoma																				t4n1m1													yes																																														iv													
ZellerG_2014	CCIS23164343ST-4-0	FR-316	stool		control	Health	62.0		adult	male	FRA	no	IlluminaHiSeq	Gnome	25432777	68712649	5871764899	45	90	ERR480577;ERR480575;ERR480578;ERR480576;ERR479081;ERR479080;ERR479082;ERR479079			Paolo_Manghi	23.0																																														no																																																											
ZellerG_2014	CCIS24254057ST-4-0	FR-767	stool		CRC	CRC	69.0		senior	female	FRA	no	IlluminaHiSeq	Gnome	25432777	133597487	11694061283	45	96	ERR480579;ERR480580;ERR479084;ERR479083			Paolo_Manghi	24.0													carcinoma																				t4n1m1													no																																														iv													
ZellerG_2014	CCIS27304052ST-3-0	FR-001	stool		control	Health	52.0		adult	female	FRA	no	IlluminaHiSeq	Gnome	25432777	48552680	3405411697	45	69	ERR480588;ERR480587;ERR479092;ERR479091			Paolo_Manghi	20.0																																														no																																																											
ZellerG_2014	CCIS27927933ST-4-0	FR-115	stool		control	Health	72.0		senior	male	FRA	no	IlluminaHiSeq	Gnome	25432777	97043260	7788532840	5	85	ERR480592;ERR480591;ERR480590;ERR480589;ERR479095;ERR479096;ERR479094;ERR479093			Paolo_Manghi	24.0																																														no																																																											
ZellerG_2014	CCIS29210128ST-4-0	FR-166	stool		control	Health	64.0		adult	male	FRA	no	IlluminaHiSeq	Gnome	25432777	48275455	3986872657	45	92	ERR480596;ERR480595;ERR479100;ERR479099			Paolo_Manghi	27.0																																														no																																																											
ZellerG_2014	CCIS29688262ST-20-0	FR-305	stool		control	Health	50.0		adult	male	FRA	no	IlluminaHiSeq	Gnome	25432777	81666867	7382792447	45	96	ERR480598;ERR480597;ERR479101;ERR479102			Paolo_Manghi	25.0																																														no																																																											
ZellerG_2014	CCIS32452666ST-4-0	FR-105	stool		control	Health	68.0		senior	male	FRA	no	IlluminaHiSeq	Gnome	25432777	53858804	4440407460	45	91	ERR480606;ERR480604;ERR480605;ERR480603;ERR479107;ERR479110;ERR479109;ERR479108			Paolo_Manghi	26.0																																														no																																																											
ZellerG_2014	CCIS33816588ST-4-0	FR-652	stool		CRC	CRC	64.0		adult	male	FRA	no	IlluminaHiSeq	Gnome	25432777	64242756	5678829952	45	96	ERR480609;ERR480608;ERR480607;ERR480610;ERR479114;ERR479113;ERR479112;ERR479111			Paolo_Manghi	21.0													carcinoma																				t3n1m0													yes																																														iii													
ZellerG_2014	CCIS34055159ST-4-0	FR-430	stool		CRC	CRC	80.0		senior	male	FRA	no	IlluminaHiSeq	Gnome	25432777	46734542	3943928884	45	92	ERR480612;ERR480611;ERR480613;ERR479115;ERR479117;ERR479116			Paolo_Manghi	29.0													carcinoma																				t2n0m0													yes																																														i													
ZellerG_2014	CCIS34604008ST-4-0	FR-129	stool		control	Health	63.0		adult	female	FRA	no	IlluminaHiSeq	Gnome	25432777	71147118	6044922649	1	89	ERR480615;ERR480614;ERR480617;ERR480616;ERR479120;ERR479118;ERR479119;ERR479121			Paolo_Manghi	27.0																																														no																																																											
ZellerG_2014	CCIS35100175ST-4-0	FR-812	stool		CRC	CRC	73.0		senior	male	FRA	no	IlluminaHiSeq	Gnome	25432777	54177103	4449210952	45	91	ERR480622;ERR480621;ERR480620;ERR480623;ERR479125;ERR479124;ERR479127;ERR479126			Paolo_Manghi	40.0													carcinoma																				t1n0m0													no																																														i													
ZellerG_2014	CCIS36699628ST-4-0	FR-142	stool		control	Health	68.0		senior	female	FRA	no	IlluminaHiSeq	Gnome	25432777	66456701	5731938297	45	91	ERR480627;ERR480626;ERR480625;ERR480624;ERR479131;ERR479130;ERR479129;ERR479128			Paolo_Manghi	25.0																																														no																																																											
ZellerG_2014	CCIS36797902ST-4-0	FR-198	stool		control	Health	63.0		adult	male	FRA	no	IlluminaHiSeq	Gnome	25432777	43056463	3608044435	45	90	ERR480629;ERR480628;ERR480631;ERR480630;ERR479135;ERR479132;ERR479134;ERR479133			Paolo_Manghi	25.0																																														no																																																											
ZellerG_2014	CCIS38765456ST-20-0	FR-723	stool		CRC	CRC	79.0		senior	female	FRA	no	IlluminaHiSeq	Gnome	25432777	81682982	7211705897	45	95	ERR480635;ERR480634;ERR479139;ERR479138			Paolo_Manghi	22.0													carcinoma																				t4n1m1													yes																																														iv													
ZellerG_2014	CCIS40244499ST-3-0	FR-202	stool		CRC	CRC	87.0		senior	female	FRA	no	IlluminaHiSeq	Gnome	25432777	55812127	4411570203	1	89	ERR480637;ERR480636;ERR479140;ERR479141			Paolo_Manghi	32.0													carcinoma																				t4n0m0													no																																														ii													
ZellerG_2014	CCIS41222843ST-4-0	FR-298	stool		CRC	CRC	73.0		senior	female	FRA	no	IlluminaHiSeq	Gnome	25432777	90240238	7602125134	1	89	ERR480640;ERR480639;ERR480638;ERR480641;ERR479143;ERR479142;ERR479144;ERR479145			Paolo_Manghi	24.0													carcinoma																				t3n1m0													no																																														iii													
ZellerG_2014	CCIS41288781ST-4-0	FR-817	stool		CRC	CRC	74.0		senior	female	FRA	no	IlluminaHiSeq	Gnome	25432777	44391860	3791242240	45	92	ERR480643;ERR480642;ERR479147;ERR479146			Paolo_Manghi	19.0													carcinoma																				t3n0m0													no																																														ii													
ZellerG_2014	CCIS41548810ST-4-0	FR-451	stool		CRC	CRC	78.0		senior	male	FRA	no	IlluminaHiSeq	Gnome	25432777	55469214	4694864212	45	91	ERR480644;ERR480645;ERR479148;ERR479149			Paolo_Manghi	19.0													carcinoma																				t3n0m1													yes																																														iv													
ZellerG_2014	CCIS41692898ST-4-0	FR-558	stool		control	Health	67.0		senior	female	FRA	no	IlluminaHiSeq	Gnome	25432777	75046271	6490271467	45	90	ERR480649;ERR480648;ERR480647;ERR480646;ERR479151;ERR479150;ERR479153;ERR479152			Paolo_Manghi	28.0																																														no																																																											
ZellerG_2014	CCIS44093303ST-4-0	FR-721	stool		control	Health	62.0		adult	female	FRA	no	IlluminaHiSeq	Gnome	25432777	73343518	6267951889	45	90	ERR480654;ERR480653;ERR480655;ERR480656;ERR479160;ERR479159;ERR479158;ERR479157			Paolo_Manghi	20.0																																														yes																																																											
ZellerG_2014	CCIS44757994ST-4-0	FR-770	stool		CRC	CRC	75.0		senior	male	FRA	no	IlluminaHiSeq	Gnome	25432777	49916410	4076256445	2	88	ERR480662;ERR480661;ERR479166;ERR479165			Paolo_Manghi	37.0													carcinoma																				t3n1m0													no																																														iii													
ZellerG_2014	CCIS45571137ST-3-0	FR-116	stool		control	Health	55.0		adult	female	FRA	no	IlluminaHiSeq	Gnome	25432777	37805003	2643933782	45	69	ERR480664;ERR480663;ERR479167;ERR479168			Paolo_Manghi	20.0																																														no																																																											
ZellerG_2014	CCIS45793747ST-4-0	FR-684	stool		control	Health	67.0		senior	male	FRA	no	IlluminaHiSeq	Gnome	25432777	84805529	7119073064	1	89	ERR480668;ERR480666;ERR480665;ERR480667;ERR479172;ERR479171;ERR479170;ERR479169			Paolo_Manghi	25.0																																														no																																																											
ZellerG_2014	CCIS46047672ST-4-0	FR-825	stool		CRC	CRC	65.0		adult	male	FRA	no	IlluminaHiSeq	Gnome	25432777	42982745	3427270177	45	89	ERR480670;ERR480669;ERR479174;ERR479173			Paolo_Manghi	24.0													carcinoma																				t4n0m1													no																																														iv													
ZellerG_2014	CCIS46467422ST-4-0	FR-830	stool		CRC	CRC	54.0		adult	female	FRA	no	IlluminaHiSeq	Gnome	25432777	12659025	1015859086	2	87	ERR480672;ERR480671;ERR479176;ERR479175			Paolo_Manghi	22.0													carcinoma																				t3n1m0													no																																														iii													
ZellerG_2014	CCIS47284573ST-4-0	FR-667	stool		CRC	CRC	67.0		senior	male	FRA	no	IlluminaHiSeq	Gnome	25432777	39745148	3264825557	45	90	ERR480673;ERR480676;ERR480675;ERR480674;ERR479180;ERR479179;ERR479178;ERR479177			Paolo_Manghi	25.0													carcinoma																				t4n1m0													yes																																														iii													
ZellerG_2014	CCIS48174381ST-4-0	FR-751	stool		control	Health	66.0		senior	male	FRA	no	IlluminaHiSeq	Gnome	25432777	51253211	4358945393	1	89	ERR480682;ERR480681;ERR480680;ERR480679;ERR479184;ERR479186;ERR479185;ERR479183			Paolo_Manghi	25.0																																														no																																																											
ZellerG_2014	CCIS48725289ST-4-0	FR-170	stool		CRC	CRC	62.0		adult	female	FRA	no	IlluminaHiSeq	Gnome	25432777	35971780	2924500773	45	91	ERR480689;ERR480690;ERR479194;ERR479193			Paolo_Manghi	21.0													carcinoma																				t1n0m0													yes																																														i													
ZellerG_2014	CCIS50003399ST-4-0	FR-194	stool		control	Health	66.0		senior	female	FRA	no	IlluminaHiSeq	Gnome	25432777	63416533	5408998961	45	90	ERR480692;ERR480691;ERR480694;ERR480693;ERR479198;ERR479196;ERR479195;ERR479197			Paolo_Manghi	28.0																																														no																																																											
ZellerG_2014	CCIS50148151ST-4-0	FR-503	stool		CRC	CRC	87.0		senior	female	FRA	no	IlluminaHiSeq	Gnome	25432777	54709150	4488120560	45	92	ERR480696;ERR480695;ERR479199;ERR479200			Paolo_Manghi	15.0													carcinoma																				t2n1m0													no																																														iii													
ZellerG_2014	CCIS50471204ST-4-0	FR-213	stool		control	Health	61.0		adult	female	FRA	no	IlluminaHiSeq	Gnome	25432777	81465089	6959611519	45	90	ERR480701;ERR480702;ERR480700;ERR480699;ERR479206;ERR479205;ERR479204;ERR479203			Paolo_Manghi	23.0																																														no																																																											
ZellerG_2014	CCIS51595129ST-4-0	FR-399	stool		control	Health	63.0		adult	female	FRA	no	IlluminaHiSeq	Gnome	25432777	59350393	5016717280	1	89	ERR480705;ERR480708;ERR480707;ERR480706;ERR479212;ERR479211;ERR479210;ERR479209			Paolo_Manghi	22.0																																														no																																																											
ZellerG_2014	CCIS52370277ST-4-0	FR-827	stool		CRC	CRC	53.0		adult	male	FRA	no	IlluminaHiSeq	Gnome	25432777	56128839	4655519051	45	92	ERR480717;ERR480718;ERR480716;ERR480715;ERR479222;ERR479221;ERR479220;ERR479219			Paolo_Manghi	25.0													carcinoma																				t4n1m1													no																																														iv													
ZellerG_2014	CCIS53043478ST-4-0	FR-551	stool		CRC	CRC	72.0		senior	male	FRA	no	IlluminaHiSeq	Gnome	25432777	41468101	3331840282	45	91	ERR480720;ERR480719;ERR479224;ERR479223			Paolo_Manghi	22.0													carcinoma																				t3n1m1													yes																																														iv													
ZellerG_2014	CCIS53355328ST-4-0	FR-293	stool		CRC	CRC	76.0		senior	male	FRA	no	IlluminaHiSeq	Gnome	25432777	40022941	3182274234	1	89	ERR480722;ERR480721;ERR479226;ERR479225			Paolo_Manghi														carcinoma																				t2n0m0													yes																																														i													
ZellerG_2014	CCIS55230578ST-4-0	FR-734	stool		CRC	CRC	64.0		adult	male	FRA	no	IlluminaHiSeq	Gnome	25432777	62688390	4925782891	45	89	ERR480733;ERR480731;ERR480732;ERR479237;ERR479236;ERR479235			Paolo_Manghi	30.0													carcinoma																				t3n1m1													no																																														iv													
ZellerG_2014	CCIS58234805ST-4-0	FR-268	stool		CRC	CRC	70.0		senior	female	FRA	no	IlluminaHiSeq	Gnome	25432777	24459826	2054641330	45	90	ERR480740;ERR480739;ERR479244;ERR479243			Paolo_Manghi	26.0													carcinoma																				t3n1m0													yes																																														iii													
ZellerG_2014	CCIS59132091ST-4-0	FR-617	stool		CRC	CRC	80.0		senior	female	FRA	no	IlluminaHiSeq	Gnome	25432777	103034276	8528422674	45	89	ERR480744;ERR480741;ERR480743;ERR480742;ERR479247;ERR479246;ERR479245;ERR479248			Paolo_Manghi	23.0													carcinoma																				t1n0m0													no																																														i													
ZellerG_2014	CCIS61287323ST-4-0	FR-376	stool		CRC	CRC	76.0		senior	male	FRA	no	IlluminaHiSeq	Gnome	25432777	79673095	6259486032	45	88	ERR480749;ERR480748;ERR480747;ERR479252;ERR479253;ERR479251			Paolo_Manghi	25.0													carcinoma																				t3n0m0													yes																																														ii													
ZellerG_2014	CCIS62605362ST-3-0	FR-504	stool		CRC	CRC	56.0		adult	female	FRA	no	IlluminaHiSeq	Gnome	25432777	134059337	10842063366	45	86	ERR480750;ERR479254			Paolo_Manghi	23.0													carcinoma																				t3n0m0													yes																																														ii													
ZellerG_2014	CCIS62794166ST-4-0	FR-780	stool		CRC	CRC	68.0		senior	male	FRA	no	IlluminaHiSeq	Gnome	25432777	39333809	3209540648	45	90	ERR480754;ERR480752;ERR480751;ERR480753;ERR479258;ERR479257;ERR479255;ERR479256			Paolo_Manghi	23.0													carcinoma																				t3n1m1													no																																														iv													
ZellerG_2014	CCIS63448910ST-4-0	FR-390	stool		control	Health	61.0		adult	female	FRA	no	IlluminaHiSeq	Gnome	25432777	61901654	5241560072	1	89	ERR480758;ERR480756;ERR480755;ERR480757;ERR479260;ERR479259;ERR479262;ERR479261			Paolo_Manghi	34.0																																														no																																																											
ZellerG_2014	CCIS63468405ST-4-0	FR-132	stool		control	Health	69.0		senior	female	FRA	no	IlluminaHiSeq	Gnome	25432777	67395395	5705040835	45	90	ERR480760;ERR480762;ERR480761;ERR480759;ERR479266;ERR479265;ERR479264;ERR479263			Paolo_Manghi	25.0																																														no																																																											
ZellerG_2014	CCIS63910149ST-4-0	FR-719	stool		control	Health	49.0		adult	female	FRA	no	IlluminaHiSeq	Gnome	25432777	24843993	1992837785	45	88	ERR480765;ERR480764;ERR480763;ERR479269;ERR479268;ERR479267			Paolo_Manghi	23.0																																														no																																																											
ZellerG_2014	CCIS64773582ST-4-0	FR-195	stool		control	Health	63.0		adult	female	FRA	no	IlluminaHiSeq	Gnome	25432777	91118209	7966706877	45	93	ERR480769;ERR480766;ERR480768;ERR480767;ERR479273;ERR479272;ERR479271;ERR479270			Paolo_Manghi	23.0																																														no																																																											
ZellerG_2014	CCIS64785924ST-20-0	FR-173	stool		control	Health	59.0		adult	female	FRA	no	IlluminaHiSeq	Gnome	25432777	12636839	1128108433	45	95	ERR480771;ERR480770;ERR479275;ERR479274			Paolo_Manghi	25.0																																														no																																																											
ZellerG_2014	CCIS65479369ST-4-0	FR-772	stool		CRC	CRC	69.0		senior	female	FRA	no	IlluminaHiSeq	Gnome	25432777	16650614	1369967696	45	91	ERR480774;ERR480773;ERR480772;ERR480775;ERR479277;ERR479276;ERR479279;ERR479278			Paolo_Manghi	25.0													carcinoma																				t3n1m1													yes																																														iv													
ZellerG_2014	CCIS71301801ST-4-0	FR-281	stool		CRC	CRC	50.0		adult	female	FRA	no	IlluminaHiSeq	Gnome	25432777	95671668	8220141004	45	92	ERR480781;ERR480780;ERR479285;ERR479284			Paolo_Manghi	24.0													carcinoma																				t1n0m0													yes																																														i													
ZellerG_2014	CCIS71578391ST-4-0	FR-187	stool		control	Health	70.0		senior	male	FRA	no	IlluminaHiSeq	Gnome	25432777	74021867	6260894901	45	90	ERR480784;ERR480783;ERR480785;ERR480782;ERR479289;ERR479288;ERR479287;ERR479286			Paolo_Manghi	25.0																																														no																																																											
ZellerG_2014	CCIS72607085ST-4-0	FR-824	stool		CRC	CRC	74.0		senior	female	FRA	no	IlluminaHiSeq	Gnome	25432777	46481994	3848726385	45	91	ERR480789;ERR480788;ERR480787;ERR480786;ERR479290;ERR479293;ERR479292;ERR479291			Paolo_Manghi	26.0													carcinoma																				t3nxm1													no																																														iv													
ZellerG_2014	CCIS74239020ST-4-0	FR-156	stool		control	Health	62.0		adult	male	FRA	no	IlluminaHiSeq	Gnome	25432777	60489281	5138705109	45	90	ERR480790;ERR480793;ERR480792;ERR480791;ERR479297;ERR479296;ERR479295;ERR479294			Paolo_Manghi	24.0																																														no																																																											
ZellerG_2014	CCIS76845094ST-20-0	FR-450	stool		CRC	CRC	44.0		adult	male	FRA	no	IlluminaHiSeq	Gnome	25432777	153432400	13684791942	45	95	ERR480798;ERR480799;ERR479303;ERR479302			Paolo_Manghi	20.0													carcinoma																				t3n1m1													yes																																														iv													
ZellerG_2014	CCIS77252613ST-4-0	FR-783	stool		CRC	CRC	65.0		adult	male	FRA	no	IlluminaHiSeq	Gnome	25432777	89494083	7783680878	45	92	ERR480807;ERR480806;ERR480805;ERR480804;ERR479311;ERR479310;ERR479309;ERR479308			Paolo_Manghi	26.0													carcinoma																				t1n0m0													yes																																														i													
ZellerG_2014	CCIS78100604ST-4-0	FR-728	stool		control	Health	64.0		adult	female	FRA	no	IlluminaHiSeq	Gnome	25432777	78150540	6619013691	1	89	ERR480811;ERR480810;ERR480809;ERR480808;ERR479313;ERR479312;ERR479314;ERR479315			Paolo_Manghi	30.0																																														no																																																											
ZellerG_2014	CCIS78318719ST-4-0	FR-768	stool		CRC	CRC	69.0		senior	female	FRA	no	IlluminaHiSeq	Gnome	25432777	59124409	4966168603	45	92	ERR480813;ERR480814;ERR480812;ERR479318;ERR479317;ERR479316			Paolo_Manghi	30.0													carcinoma																				t3n0m0													no																																														ii													
ZellerG_2014	CCIS79210440ST-3-0	FR-039	stool		control	Health	65.0		adult	male	FRA	no	IlluminaHiSeq	Gnome	25432777	44022141	3056783044	45	68	ERR480816;ERR480815;ERR479319;ERR479320			Paolo_Manghi	30.0																																														yes																																																											
ZellerG_2014	CCIS80834637ST-4-0	FR-716	stool		control	Health	60.0		adult	female	FRA	no	IlluminaHiSeq	Gnome	25432777	95462023	8078577899	45	90	ERR480820;ERR480819;ERR480818;ERR480817;ERR479323;ERR479324;ERR479321;ERR479322			Paolo_Manghi	28.0																																														no																																																											
ZellerG_2014	CCIS81139242ST-4-0	FR-118	stool		control	Health	64.0		adult	female	FRA	no	IlluminaHiSeq	Gnome	25432777	66773170	5713080966	45	96	ERR480822;ERR480821;ERR479326;ERR479325			Paolo_Manghi	20.0																																														no																																																											
ZellerG_2014	CCIS81887263ST-4-0	FR-302	stool		CRC	CRC	59.0		adult	male	FRA	no	IlluminaHiSeq	Gnome	25432777	89976522	7809347444	45	92	ERR480830;ERR480829;ERR480828;ERR480827;ERR479334;ERR479333;ERR479332;ERR479331			Paolo_Manghi	27.0													carcinoma																				t2n0m0													yes																																														i													
ZellerG_2014	CCIS82146115ST-4-0	FR-628	stool		CRC	CRC	51.0		adult	male	FRA	no	IlluminaHiSeq	Gnome	25432777	96243432	7855270798	1	89	ERR480834;ERR480833;ERR480832;ERR480831;ERR479338;ERR479337;ERR479336;ERR479335			Paolo_Manghi	24.0													carcinoma																				t3n1m1													no																																														iv													
ZellerG_2014	CCIS82507866ST-3-0	FR-040	stool		control	Health	57.0		adult	male	FRA	no	IlluminaHiSeq	Gnome	25432777	45388199	3180717679	45	69	ERR480836;ERR480835;ERR479339;ERR479340			Paolo_Manghi	24.0																																														no																																																											
ZellerG_2014	CCIS82944710ST-20-0	FR-730	stool		control	Health	38.0		adult	female	FRA	no	IlluminaHiSeq	Gnome	25432777	8890877	803852416	45	96	ERR480838;ERR480837;ERR479342;ERR479341			Paolo_Manghi	22.0																																														no																																																											
ZellerG_2014	CCIS83870198ST-4-0	FR-344	stool		CRC	CRC	48.0		adult	female	FRA	no	IlluminaHiSeq	Gnome	25432777	75224196	6297114104	45	92	ERR480846;ERR480845;ERR480844;ERR479349;ERR479348;ERR479350			Paolo_Manghi	24.0													carcinoma																				t1n0m0													no																																														i													
ZellerG_2014	CCIS84543192ST-4-0	FR-722	stool		CRC	CRC	45.0		adult	female	FRA	no	IlluminaHiSeq	Gnome	25432777	35125765	2811757403	45	89	ERR480848;ERR480847;ERR479351;ERR479352			Paolo_Manghi	28.0													carcinoma																				t2n0m0													yes																																														i													
ZellerG_2014	CCIS85214191ST-3-0	FR-208	stool		CRC	CRC	63.0		adult	male	FRA	no	IlluminaHiSeq	Gnome	25432777	60695192	4841564987	45	88	ERR480850;ERR480849;ERR479354;ERR479353			Paolo_Manghi	22.0													carcinoma																				t3n1m1													yes																																														iv													
ZellerG_2014	CCIS87116798ST-4-0	FR-310	stool		CRC	CRC	85.0		senior	female	FRA	no	IlluminaHiSeq	Gnome	25432777	50624818	4239137877	45	93	ERR480852;ERR480851;ERR479356;ERR479355			Paolo_Manghi	20.0													carcinoma																				t3n1m1													no																																														iv													
ZellerG_2014	CCIS87167916ST-4-0	FR-223	stool		CRC	CRC	79.0		senior	male	FRA	no	IlluminaHiSeq	Gnome	25432777	50204707	3868143620	45	82	ERR480854;ERR480853;ERR479358;ERR479357			Paolo_Manghi	30.0													carcinoma																				t4n1m1													yes																																														iv													
ZellerG_2014	CCIS87252800ST-4-0	FR-505	stool		CRC	CRC	73.0		senior	male	FRA	no	IlluminaHiSeq	Gnome	25432777	26015120	2216475835	45	93	ERR480857;ERR480856;ERR480855;ERR479361;ERR479359;ERR479360			Paolo_Manghi	17.0													carcinoma																				t2n0m0													no																																														i													
ZellerG_2014	CCIS87605453ST-4-0	FR-328	stool		CRC	CRC	73.0		senior	female	FRA	no	IlluminaHiSeq	Gnome	25432777	83221305	7016009997	1	89	ERR480865;ERR480864;ERR480863;ERR480862;ERR479369;ERR479368;ERR479367;ERR479366			Paolo_Manghi	26.0													carcinoma																				t3n0m0													yes																																														ii													
ZellerG_2014	CCIS88007743ST-4-0	FR-393	stool		control	Health	67.0		senior	female	FRA	no	IlluminaHiSeq	Gnome	25432777	62698501	5261700925	1	89	ERR480869;ERR480867;ERR480868;ERR480866;ERR479373;ERR479372;ERR479371;ERR479370			Paolo_Manghi	23.0																																														no																																																											
ZellerG_2014	CCIS88317640ST-4-0	FR-759	stool		control	Health	74.0		senior	male	FRA	no	IlluminaHiSeq	Gnome	25432777	72027798	6089304969	1	89	ERR480870;ERR480873;ERR480872;ERR480871;ERR479376;ERR479375;ERR479374;ERR479377			Paolo_Manghi	27.0																																														no																																																											
ZellerG_2014	CCIS90164298ST-4-0	FR-294	stool		control	Health	84.0		senior	male	FRA	no	IlluminaHiSeq	Gnome	25432777	64903644	5520171452	45	90	ERR480877;ERR480876;ERR480875;ERR480874;ERR479381;ERR479380;ERR479379;ERR479378			Paolo_Manghi	23.0																																														no																																																											
ZellerG_2014	CCIS91228662ST-4-0	FR-275	stool		CRC	CRC	63.0		adult	male	FRA	no	IlluminaHiSeq	Gnome	25432777	94076829	8027807010	45	92	ERR480885;ERR480886;ERR479390;ERR479389			Paolo_Manghi	31.0													carcinoma																				t1n0m0													no																																														i													
ZellerG_2014	CCIS93040568ST-20-0	FR-682	stool		control	Health	65.0		adult	male	FRA	no	IlluminaHiSeq	Gnome	25432777	13523536	1233826155	45	97	ERR480888;ERR480887;ERR479392;ERR479391			Paolo_Manghi	30.0																																														no																																																											
ZellerG_2014	CCIS94417875ST-3-0	FR-110	stool		control	Health	59.0		adult	female	FRA	no	IlluminaHiSeq	Gnome	25432777	44052987	3132363570	45	70	ERR480889;ERR480890;ERR479394;ERR479393			Paolo_Manghi	25.0																																														no																																																											
ZellerG_2014	CCIS94603952ST-4-0	FR-025	stool		control	Health	80.0		senior	female	FRA	no	IlluminaHiSeq	Gnome	25432777	69804753	5868133832	1	89	ERR480895;ERR480894;ERR480893;ERR480896;ERR479400;ERR479399;ERR479398;ERR479397			Paolo_Manghi	21.0																																														no																																																											
ZellerG_2014	CCIS95097901ST-4-0	FR-696	stool		control	Health	52.0		adult	male	FRA	no	IlluminaHiSeq	Gnome	25432777	51567166	4271802257	45	91	ERR480900;ERR480897;ERR480899;ERR480898;ERR479401;ERR479404;ERR479403;ERR479402			Paolo_Manghi	24.0																																														no																																																											
ZellerG_2014	CCIS95409808ST-4-0	FR-152	stool		control	Health	63.0		adult	female	FRA	no	IlluminaHiSeq	Gnome	25432777	66865743	5931273309	45	94	ERR480904;ERR480903;ERR480902;ERR480901;ERR479408;ERR479405;ERR479407;ERR479406			Paolo_Manghi	21.0																																														no																																																											
ZellerG_2014	CCIS98482370ST-3-0	FR-052	stool		control	Health	53.0		adult	female	FRA	no	IlluminaHiSeq	Gnome	25432777	45190917	3154490787	45	69	ERR480909;ERR480910;ERR479414;ERR479413			Paolo_Manghi	30.0																																														no																																																											
ZellerG_2014	CCIS98512455ST-4-0	FR-459	stool		CRC	CRC	63.0		adult	male	FRA	no	IlluminaHiSeq	Gnome	25432777	46052438	3914532361	45	96	ERR480911;ERR480912;ERR479416;ERR479415			Paolo_Manghi	29.0													carcinoma																				t4n1m1													no																																														iv													
ZellerG_2014	CCIS98832363ST-4-0	FR-552	stool		CRC	CRC	55.0		adult	female	FRA	no	IlluminaHiSeq	Gnome	25432777	69793122	5748965241	45	93	ERR480914;ERR480913;ERR479418;ERR479417			Paolo_Manghi	25.0													carcinoma																				t3n1m0													yes																																														iii													
