study_name	sample_id	subject_id	body_site	antibiotics_current_use	study_condition	disease	age	infant_age	age_category	gender	country	non_westernized	sequencing_platform	DNA_extraction_kit	PMID	number_reads	number_bases	minimum_read_length	median_read_length	NCBI_accession	pregnant	lactating	curator	BMI	family	days_from_first_collection	family_role	born_method	feeding_practice	travel_destination	location	visit_number	premature	birth_weight	gestational_age	antibiotics_family	disease_subtype	days_after_onset	creatine	albumine	hscrp	ESR	treatment	ast	alt	globulin	urea_nitrogen	BASDAI	BASFI	alcohol	flg_genotype	population	menopausal_status	lifestyle	body_subsite	diet	tnm	triglycerides	hdl	ldl	hba1c	smoker	ever_smoker	dental_sample_type	history_of_periodontitis	PPD_M	PPD_B	PPD_D	PPD_L	fobt	disease_stage	disease_location	calprotectin	HBI	SCCAI	uncurated_metadata	mumps	cholesterol	c_peptide	glucose	creatinine	bilubirin	prothrombin_time	wbc	rbc	hemoglobinometry	remission	dyastolic_p	systolic_p	insulin_cat	adiponectin	glp_1	cd163	il_1	leptin	fgf_19	glutamate_decarboxylase_2_antibody	HLA	autoantibody_positive	age_seroconversion	age_T1D_diagnosis	hitchip_probe_class	fasting_insulin	fasting_glucose	protein_intake	stec_count	shigatoxin_2_elisa	stool_texture	anti_PD_1	mgs_richness	ferm_milk_prod_consumer	inr	ctp	birth_control_pil	c_section_type	ajcc	hla_drb12	hla_dqa12	hla_dqa11	hla_drb11	birth_order	age_twins_started_to_live_apart	zigosity	brinkman_index	alcohol_numeric	breastfeeding_duration	formula_first_day	ALT	eGFR
YuJ_2015	SZAXPI003410-3	SZAXPI003410-3	stool		CRC	CRC	73.0		senior	male	CHN	no	IlluminaHiSeq	Qiagen	26408641	52854792	4958196559	30	100	ERR1018186			Paolo_Manghi	23.8													carcinoma																				t2n0m0	79.713	69.606	139.212		yes	yes									rectum						220.419			74.0																							99.0												i												17.0	63.65
YuJ_2015	SZAXPI003411-6	SZAXPI003411-6	stool		CRC	CRC	67.0		senior	female	CHN	no	IlluminaHiSeq	Qiagen	26408641	59873382	5674034861	30	100	ERR1018187			Paolo_Manghi	24.7													carcinoma																				t3n1m0	53.142	50.271	116.01												lc						177.882			58.0																							84.6												iii												17.0	78.11
YuJ_2015	SZAXPI003412-1	SZAXPI003412-1	stool		CRC	CRC	56.0		adult	male	CHN	no	IlluminaHiSeq	Qiagen	26408641	55761702	5343486861	30	100	ERR1018188			Paolo_Manghi	25.6													carcinoma																				t3n1m0	132.855	19.335	58.005		no	no									rectum						104.409			89.0																							100.8												iii												33.0	94.2
YuJ_2015	SZAXPI003413-4	SZAXPI003413-4	stool		CRC	CRC	59.0		adult	female	CHN	no	IlluminaHiSeq	Qiagen	26408641	64434830	6090719237	30	100	ERR1018189			Paolo_Manghi	20.7													carcinoma																				t3n3m1	79.713	46.404	27.069		no	no									lc						332.562																										82.8												iv												69.0	69.04
YuJ_2015	SZAXPI003414-3	SZAXPI003414-3	stool		CRC	CRC	61.0		adult	male	CHN	no	IlluminaHiSeq	Qiagen	26408641	52102228	4952005733	30	100	ERR1018190			Paolo_Manghi	25.2													carcinoma																				t3n1m0	159.426	42.537	166.281		no	no									lc						239.754			89.0																							84.6												iii												34.0	70.48
YuJ_2015	SZAXPI003415-12	SZAXPI003415-12	stool		CRC	CRC	60.0		adult	male	CHN	no	IlluminaHiSeq	Qiagen	26408641	62456910	5958738352	30	100	ERR1018191			Paolo_Manghi	23.2													carcinoma																				t3n2m0	88.57	46.404	127.611		yes	yes									rectum						189.483			81.0																							99.0												iii												19.0	83.4
YuJ_2015	SZAXPI003416-4	SZAXPI003416-4	stool		CRC	CRC	73.0		senior	female	CHN	no	IlluminaHiSeq	Qiagen	26408641	60073374	5634395962	30	100	ERR1018192			Paolo_Manghi	17.7													carcinoma																				t2n0m0	97.427	85.074	85.074		no	no									rectum						189.483			152.0																							95.4												i												19.0	18.88
YuJ_2015	SZAXPI003417-4	SZAXPI003417-4	stool		control	Health	62.0		adult	male	CHN	no	IlluminaHiSeq	Qiagen	26408641	61229038	5802081901	30	100	ERR1018193			Paolo_Manghi	21.7																																						no	no																		86.0																																															23.0	65.88
YuJ_2015	SZAXPI003419-6	SZAXPI003419-6	stool		control	Health	65.0		adult	male	CHN	no	IlluminaHiSeq	Qiagen	26408641	64164216	6128118370	30	100	ERR1018195			Paolo_Manghi	20.7																																		97.427	30.936	73.473																		123.744			85.0																							77.4																								28.0	59.65
YuJ_2015	SZAXPI003421-5	SZAXPI003421-5	stool		CRC	CRC	71.0		senior	male	CHN	no	IlluminaHiSeq	Qiagen	26408641	60074902	5750793357	30	100	ERR1018197			Paolo_Manghi	25.8													carcinoma																				t2n0m0	97.427	50.271	123.744		yes	yes									rectum						193.35			87.0																							82.8												i												27.0	70.19
YuJ_2015	SZAXPI003423-8	SZAXPI003423-8	stool		CRC	CRC	55.0		adult	male	CHN	no	IlluminaHiSeq	Qiagen	26408641	29589862	2820598675	30	100	ERR1018199			Paolo_Manghi	22.2													carcinoma																				t3n1m1	115.141	46.404	119.877												rectum						189.483			72.0																							102.6												iv												21.0	94.32
YuJ_2015	SZAXPI003424-12	SZAXPI003424-12	stool		CRC	CRC	77.0		senior	male	CHN	no	IlluminaHiSeq	Qiagen	26408641	58546892	5593003062	30	100	ERR1018200			Paolo_Manghi	21.7													carcinoma																				t3n1m0	123.998	34.803	143.079		no	no									lc						201.084			104.0																							95.4												iii												10.0	42.22
YuJ_2015	SZAXPI003427-1	SZAXPI003427-1	stool		CRC	CRC	58.0		adult	female	CHN	no	IlluminaHiSeq	Qiagen	26408641	54116632	5167203436	30	100	ERR1018203			Paolo_Manghi	21.6													carcinoma																						104.409	81.207		no	no															193.35			76.0																							84.6																								28.0	56.36
YuJ_2015	SZAXPI003428-6	SZAXPI003428-6	stool		CRC	CRC	58.0		adult	female	CHN	no	IlluminaHiSeq	Qiagen	26408641	56648482	5260734071	30	100	ERR1018204			Paolo_Manghi	23.9													carcinoma																				t2n1m0	265.71	42.537	127.611												rectum						220.419			72.0																							104.4												iii												31.0	70.08
YuJ_2015	SZAXPI003429-3	SZAXPI003429-3	stool		control	Health	68.0		senior	male	CHN	no	IlluminaHiSeq	Qiagen	26408641	57035188	5434611996	30	100	ERR1018205			Paolo_Manghi	21.7																																																																																																									63.98
YuJ_2015	SZAXPI003430-5	SZAXPI003430-5	stool		CRC	CRC	64.0		adult	female	CHN	no	IlluminaHiSeq	Qiagen	26408641	62258080	5963691551	30	100	ERR1018206			Paolo_Manghi	29.1													carcinoma																				t3n1m0	177.14	42.537	166.281												lc						247.488			62.0																							90.0												iii												15.0	91.82
YuJ_2015	SZAXPI003432-12	SZAXPI003432-12	stool		CRC	CRC	73.0		senior	male	CHN	no	IlluminaHiSeq	Qiagen	26408641	58822118	5458804627	30	100	ERR1018208			Paolo_Manghi	22.7													carcinoma																				t3n0m0	150.569	42.537	123.744		no	no									rc						197.217			97.0																							124.2												ii												31.0	51.79
YuJ_2015	SZAXPI003433-7	SZAXPI003433-7	stool		control	Health	62.0		adult	female	CHN	no	IlluminaHiSeq	Qiagen	26408641	56134340	5409995654	30	100	ERR1018209			Paolo_Manghi	21.4																																		42.5136	81.207	65.739																		154.68			43.0																							93.6																								23.0	94.76
YuJ_2015	SZAXPI003434-7	SZAXPI003434-7	stool		CRC	CRC	80.0		senior	male	CHN	no	IlluminaHiSeq	Qiagen	26408641	60820472	5746098424	30	100	ERR1018210			Paolo_Manghi	24.0													carcinoma																				t1n0m0	123.998	55.6848	73.473		no	no									rectum						150.813			128.0																							77.4												i												13.0	37.62
YuJ_2015	SZAXPI003435-11	SZAXPI003435-11	stool		CRC	CRC	67.0		senior	male	CHN	no	IlluminaHiSeq	Qiagen	26408641	61937738	5870370380	30	100	ERR1018211			Paolo_Manghi	23.1													carcinoma																				t3n0m0	115.141	54.138	92.808		no	no									lc						174.015			74.0																							93.6												ii												25.0	71.78
YuJ_2015	SZAXPI003436-7	SZAXPI003436-7	stool		CRC	CRC	61.0		adult	female	CHN	no	IlluminaHiSeq	Qiagen	26408641	59665954	5620259779	30	100	ERR1018212			Paolo_Manghi	22.0													carcinoma																				t1n0m0	97.427	58.005	116.01		no	no									rectum						193.35			65.0																							93.6												i												18.0	73.39
YuJ_2015	SZAXPI003437-3	SZAXPI003437-3	stool		CRC	CRC	63.0		adult	male	CHN	no	IlluminaHiSeq	Qiagen	26408641	57476278	5477743161	30	100	ERR1018213			Paolo_Manghi	24.4													carcinoma																				t1n0m0	212.568	38.67	85.074		yes	yes									rectum						162.414			94.0																							113.4												i												23.0	59.0
YuJ_2015	SZAXPI015210-17	SZAXPI015210-17	stool		CRC	CRC	64.0		adult	male	CHN	no	IlluminaHiSeq	Qiagen	26408641	71617186	6779395176	30	100	ERR1018215			Paolo_Manghi														carcinoma																				t1n0m0	309.995	42.537	127.611		yes	yes															232.02			85.0																							108.0												i												24.0	87.92
YuJ_2015	SZAXPI015212-113	SZAXPI015212-113	stool		control	Health	68.0		senior	male	CHN	no	IlluminaHiSeq	Qiagen	26408641	63330138	5953975242	30	100	ERR1018217			Paolo_Manghi	20.4																																		106.284	77.34	104.409																		201.084																										81.0																								19.0	
YuJ_2015	SZAXPI015213-15	SZAXPI015213-15	stool		CRC	CRC	83.0		senior	female	CHN	no	IlluminaHiSeq	Qiagen	26408641	62319068	6116520802	30	100	ERR1018218			Paolo_Manghi	30.4													carcinoma																				t3n1m0	97.427	38.67	112.143												rc						174.015			52.0																							93.6												iii												27.0	78.33
YuJ_2015	SZAXPI015219-129	SZAXPI015219-129	stool		CRC	CRC	54.0		adult	female	CHN	no	IlluminaHiSeq	Qiagen	26408641	50308904	4798011366	30	100	ERR1018224			Paolo_Manghi	29.7													carcinoma																				t3n0m0	123.998	50.271	131.478		no	no									lc						204.951			66.0																							108.0												ii												12.0	103.6
YuJ_2015	SZAXPI015221-142	SZAXPI015221-142	stool		CRC	CRC	54.0		adult	female	CHN	no	IlluminaHiSeq	Qiagen	26408641	68438974	6659496745	30	100	ERR1018226			Paolo_Manghi	25.6													carcinoma																				t4n1m1	97.427	42.537	127.611		no	no									lc						193.35			41.0																							79.2												iv												16.0	136.52
YuJ_2015	SZAXPI015222-123	SZAXPI015222-123	stool		CRC	CRC	69.0		senior	male	CHN	no	IlluminaHiSeq	Qiagen	26408641	72260226	7063847425	30	100	ERR1018227			Paolo_Manghi	29.0													carcinoma																				t2n0m0	177.14	54.138	27.069		yes	yes									rectum						116.01																										108.0												i													129.0
YuJ_2015	SZAXPI015224-13	SZAXPI015224-13	stool		CRC	CRC	44.0		adult	male	CHN	no	IlluminaHiSeq	Qiagen	26408641	58539128	5388058294	30	100	ERR1018229			Paolo_Manghi	22.5													carcinoma																				t2n0m0	44.285	58.005	158.547												lc						228.153			88.0																							108.0												i												27.0	89.3
YuJ_2015	SZAXPI015226-14	SZAXPI015226-14	stool		CRC	CRC	73.0		senior	male	CHN	no	IlluminaHiSeq	Qiagen	26408641	53627618	5270117008	30	100	ERR1018231			Paolo_Manghi	24.5													carcinoma																				t4n0m0	70.856	50.271	158.547		no	no									lc						224.286			87.0																							106.2												ii												55.0	67.68
YuJ_2015	SZAXPI015227-13	SZAXPI015227-13	stool		control	Health	62.0		adult	female	CHN	no	IlluminaHiSeq	Qiagen	26408641	66064102	6435852633	30	100	ERR1018232			Paolo_Manghi	32.5																																		117.7981	49.4976	135.345																		208.818			73.0																							90.0																								19.0	84.84
YuJ_2015	SZAXPI015229-15	SZAXPI015229-15	stool		control	Health	64.0		adult	male	CHN	no	IlluminaHiSeq	Qiagen	26408641	61617318	5938321460	30	100	ERR1018234			Paolo_Manghi	24.8																																		106.284	54.138	185.616																		259.089			78.0																							88.2																								19.0	79.04
YuJ_2015	SZAXPI015230-16	SZAXPI015230-16	stool		control	Health	65.0		adult	female	CHN	no	IlluminaHiSeq	Qiagen	26408641	68472136	6673610903	30	100	ERR1018235			Paolo_Manghi	35.1																																		115.141	65.739	150.813		no	no															239.754			65.0																							86.4																								15.0	96.44
YuJ_2015	SZAXPI015231-17	SZAXPI015231-17	stool		control	Health	62.0		adult	male	CHN	no	IlluminaHiSeq	Qiagen	26408641	69534266	6814348601	30	100	ERR1018236			Paolo_Manghi	23.5																																		79.713	73.473	77.34		no	no															166.281			101.0																							91.8																								68.0	60.75
YuJ_2015	SZAXPI015232-18	SZAXPI015232-18	stool		control	Health	69.0		senior	female	CHN	no	IlluminaHiSeq	Qiagen	26408641	68004090	6660180016	30	100	ERR1018237			Paolo_Manghi	24.9																																		191.3112	38.67	100.542																		177.882			56.0																							95.4																								27.0	83.45
YuJ_2015	SZAXPI015234-20	SZAXPI015234-20	stool		control	Health	64.0		adult	female	CHN	no	IlluminaHiSeq	Qiagen	26408641	59159772	5749744210	30	100	ERR1018239			Paolo_Manghi	26.4																																		53.142	92.808	58.005																		158.547			66.0																							111.6																									78.2
YuJ_2015	SZAXPI015235-21	SZAXPI015235-21	stool		control	Health	59.0		adult	male	CHN	no	IlluminaHiSeq	Qiagen	26408641	67478554	6628831167	30	100	ERR1018240			Paolo_Manghi	25.6																																		74.3988	38.67	92.808																		146.946			70.0																							84.6																								22.0	105.25
YuJ_2015	SZAXPI015238-24	SZAXPI015238-24	stool		control	Health	71.0		senior	female	CHN	no	IlluminaHiSeq	Qiagen	26408641	63843786	5974605135	30	100	ERR1018242			Paolo_Manghi	26.7																																		70.856	73.473	73.473		no	no															162.414			54.0																							102.6																								20.0	76.09
YuJ_2015	SZAXPI015241-27	SZAXPI015241-27	stool		control	Health	64.0		adult	male	CHN	no	IlluminaHiSeq	Qiagen	26408641	52698148	4931948740	30	100	ERR1018245			Paolo_Manghi	24.7																																		88.57	61.872	154.68		no	no															232.02			100.0																							84.6																								22.0	63.52
YuJ_2015	SZAXPI015245-33	SZAXPI015245-33	stool		control	Health	64.0		adult	male	CHN	no	IlluminaHiSeq	Qiagen	26408641	49693868	4743989231	30	100	ERR1018249			Paolo_Manghi	25.6																																		79.713	69.606	54.138		no	no															139.212																										91.8																								9.0	
YuJ_2015	SZAXPI015246-34	SZAXPI015246-34	stool		control	Health	58.0		adult	male	CHN	no	IlluminaHiSeq	Qiagen	26408641	47524484	4605248434	30	100	ERR1018250			Paolo_Manghi	23.1																																		95.6556	53.7513	100.542		no	no															174.015			87.0																							82.8																								22.0	69.51
YuJ_2015	SZAXPI015247-35	SZAXPI015247-35	stool		control	Health	64.0		adult	female	CHN	no	IlluminaHiSeq	Qiagen	26408641	55499678	5228553296	30	100	ERR1018251			Paolo_Manghi	17.1																																		44.285	92.808	123.744		no	no															224.286			56.0																							108.0																								22.0	56.71
YuJ_2015	SZAXPI015248-36	SZAXPI015248-36	stool		control	Health	65.0		adult	male	CHN	no	IlluminaHiSeq	Qiagen	26408641	46313860	4284823360	30	100	ERR1018252			Paolo_Manghi	22.4																																																									81.0																							97.2																								19.0	63.73
YuJ_2015	SZAXPI015250-39	SZAXPI015250-39	stool		control	Health	64.0		adult	female	CHN	no	IlluminaHiSeq	Qiagen	26408641	56707948	5532795294	30	100	ERR1018254			Paolo_Manghi	21.1																																		70.856	85.074	61.872		no	no															158.547			55.0																							88.2																									77.96
YuJ_2015	SZAXPI015251-41	SZAXPI015251-41	stool		control	Health	68.0		senior	female	CHN	no	IlluminaHiSeq	Qiagen	26408641	44019090	4087572754	30	100	ERR1018255			Paolo_Manghi	24.9																																		53.142	135.345	108.276																		255.222			60.0																							93.6																								18.0	73.97
YuJ_2015	SZAXPI015253-44	SZAXPI015253-44	stool		control	Health	64.0		adult	female	CHN	no	IlluminaHiSeq	Qiagen	26408641	61595372	6031404940	30	100	ERR1018257			Paolo_Manghi	22.7																																		203.711	42.537	146.946		no	no															228.153			69.0																							108.0																								28.0	70.19
YuJ_2015	SZAXPI015254-45	SZAXPI015254-45	stool		control	Health	61.0		adult	male	CHN	no	IlluminaHiSeq	Qiagen	26408641	57962360	5452370978	30	100	ERR1018258			Paolo_Manghi	21.5																																		53.142	88.941	119.877		no	no															220.419			86.0																							82.8																									64.36
YuJ_2015	SZAXPI015255-46	SZAXPI015255-46	stool		control	Health	62.0		adult	female	CHN	no	IlluminaHiSeq	Qiagen	26408641	56561906	5286392158	30	100	ERR1018259			Paolo_Manghi	21.1																																		92.1128	50.6577	165.5076																		235.887																										124.2																								25.0	
YuJ_2015	SZAXPI015256-47	SZAXPI015256-47	stool		control	Health	64.0		adult	male	CHN	no	IlluminaHiSeq	Qiagen	26408641	61955812	5913649423	30	100	ERR1018260			Paolo_Manghi	24.1																																		123.998	73.473	81.207		yes	yes															177.882			85.0																							86.4																									63.74
YuJ_2015	SZAXPI015258-57	SZAXPI015258-57	stool		control	Health	64.0		adult	female	CHN	no	IlluminaHiSeq	Qiagen	26408641	77263508	7565053111	30	100	ERR1018262			Paolo_Manghi	22.6																																		61.999	85.074	146.946		no	no															243.621			67.0																							97.2																								16.0	62.81
YuJ_2015	SZAXPI015259-62	SZAXPI015259-62	stool		control	Health	71.0		senior	female	CHN	no	IlluminaHiSeq	Qiagen	26408641	55579348	5461060156	30	100	ERR1018263			Paolo_Manghi	23.0																																		118.6838		201.084																																												99.0																								39.0	
YuJ_2015	SZAXPI015261-75	SZAXPI015261-75	stool		control	Health	65.0		adult	male	CHN	no	IlluminaHiSeq	Qiagen	26408641	62784088	6142339703	30	100	ERR1018265			Paolo_Manghi	22.5																																		35.428	77.34	100.542		no	no															177.882			62.0																							115.2																								40.0	96.64
YuJ_2015	SZAXPI015264-87	SZAXPI015264-87	stool		control	Health	65.0		adult	female	CHN	no	IlluminaHiSeq	Qiagen	26408641	58364678	5705212005	30	100	ERR1018268			Paolo_Manghi	21.2																																		88.57	65.739	170.148																		255.222			66.0																							90.0																								11.0	65.3
YuJ_2015	SZAXPI015265-88	SZAXPI015265-88	stool		control	Health	60.0		adult	male	CHN	no	IlluminaHiSeq	Qiagen	26408641	60676490	5953705467	30	100	ERR1018269			Paolo_Manghi	22.5																																		97.427	73.473	100.542		no	no															193.35			92.0																							91.8																								25.0	69.47
YuJ_2015	SZAXPI015267-102	SZAXPI015267-102	stool		control	Health	64.0		adult	female	CHN	no	IlluminaHiSeq	Qiagen	26408641	55190022	5067016252	30	100	ERR1018271			Paolo_Manghi	21.3																																		80.5987	51.4311	157.0002																		224.286			71.0																							82.8																								15.0	53.68
YuJ_2015	SZAXPI015270-90	SZAXPI015270-90	stool		control	Health	59.0		adult	male	CHN	no	IlluminaHiSeq	Qiagen	26408641	63280364	5963817711	30	100	ERR1018274			Paolo_Manghi	23.7																																		67.3132	46.404	162.414																		224.286			74.0																							113.4																								43.0	95.52
YuJ_2015	SZAXPI015271-93	SZAXPI015271-93	stool		control	Health	70.0		senior	female	CHN	no	IlluminaHiSeq	Qiagen	26408641	43217884	4208577504	30	100	ERR1018275			Paolo_Manghi	22.2																																		141.712	54.138	116.01		no	no															197.217			58.0																							90.0																								18.0	68.09
YuJ_2015	SZAXPI015272-108	SZAXPI015272-108	stool		control	Health	61.0		adult	male	CHN	no	IlluminaHiSeq	Qiagen	26408641	44188276	4325874871	30	100	ERR1018276			Paolo_Manghi	23.7																																		115.141	50.271	92.808																		162.414			72.0																							91.8																								14.0	84.96
YuJ_2015	SZAXPI015273-95	SZAXPI015273-95	stool		control	Health	52.0		adult	male	CHN	no	IlluminaHiSeq	Qiagen	26408641	60671012	5963396124	30	100	ERR1018277			Paolo_Manghi	24.6																																		256.853	38.67	127.611		no	no															220.419			66.0																							106.2																								24.0	115.04
YuJ_2015	SZAXPI015274-111	SZAXPI015274-111	stool		control	Health	58.0		adult	male	CHN	no	IlluminaHiSeq	Qiagen	26408641	63322690	5988073670	30	100	ERR1018278			Paolo_Manghi	24.5																																		106.284	69.606	116.01		no	no															204.951			70.0																							84.6																								27.0	95.03
YuJ_2015	SZAXPI017451-16	SZAXPI017451-16	stool		CRC	CRC	60.0		adult	male	CHN	no	IlluminaHiSeq	Qiagen	26408641	63781394	6159612826	30	100	ERR1018279			Paolo_Manghi	20.0													carcinoma																				t1n0m0	123.998	38.67	96.675																		162.414			52.0																							99.0												i												27.0	101.92
YuJ_2015	SZAXPI017452-17	SZAXPI017452-17	stool		CRC	CRC	77.0		senior	male	CHN	no	IlluminaHiSeq	Qiagen	26408641	65133586	6291809354	30	100	ERR1018280			Paolo_Manghi	24.5													carcinoma																				t3n0m0	79.713	34.803	46.404		no	no															100.542			96.0																							97.2												ii												13.0	53.15
YuJ_2015	SZAXPI017454-20	SZAXPI017454-20	stool		CRC	CRC	71.0		senior	female	CHN	no	IlluminaHiSeq	Qiagen	26408641	56903946	5300707451	30	100	ERR1018282			Paolo_Manghi	21.2													carcinoma																				t3n1m0	159.426	58.005	112.143		no	no															201.084			202.0																							109.8												iii												20.0	16.81
YuJ_2015	SZAXPI017456-23	SZAXPI017456-23	stool		CRC	CRC	77.0		senior	male	CHN	no	IlluminaHiSeq	Qiagen	26408641	51812238	4853435538	30	100	ERR1018284			Paolo_Manghi	22.0													carcinoma																				t3n0m0	44.285	58.005	61.872		yes	yes									lc						127.611			65.0																							100.8												ii												11.0	58.85
YuJ_2015	SZAXPI017457-24	SZAXPI017457-24	stool		CRC	CRC	77.0		senior	male	CHN	no	IlluminaHiSeq	Qiagen	26408641	62149784	5802726469	30	100	ERR1018285			Paolo_Manghi	23.5													carcinoma																				t3n0m0	115.141	19.335	69.606		yes	yes									lc						112.143			121.0																							109.8												ii												33.0	39.48
YuJ_2015	SZAXPI017458-25	SZAXPI017458-25	stool		CRC	CRC	83.0		senior	female	CHN	no	IlluminaHiSeq	Qiagen	26408641	55720964	5228621466	30	100	ERR1018286			Paolo_Manghi	22.8													carcinoma																				t3n0m0	97.427	69.606	143.079		no	no									lc						232.02			90.0																							97.2												ii												12.0	33.94
YuJ_2015	SZAXPI017460-27	SZAXPI017460-27	stool		CRC	CRC	69.0		senior	female	CHN	no	IlluminaHiSeq	Qiagen	26408641	38931972	3719245972	30	100	ERR1018288			Paolo_Manghi	28.3													carcinoma																				t3n0m1	79.713	61.872	81.207		no	no									lc						158.547			55.0																							97.2												iv												11.0	86.99
YuJ_2015	SZAXPI017461-32	SZAXPI017461-32	stool		CRC	CRC	62.0		adult	male	CHN	no	IlluminaHiSeq	Qiagen	26408641	35025672	3387430279	30	100	ERR1018289			Paolo_Manghi	23.5													carcinoma																				t1n0m0	79.713	58.005	96.675		no	no															170.148			63.0																							99.0												i												21.0	92.83
YuJ_2015	SZAXPI017462-33	SZAXPI017462-33	stool		CRC	CRC	78.0		senior	male	CHN	no	IlluminaHiSeq	Qiagen	26408641	38286210	3694689270	30	100	ERR1018290			Paolo_Manghi	27.0													carcinoma																				t3n2m0	106.284	42.537	92.808		no	no									rectum						158.547			86.0																							97.2												iii												16.0	62.03
YuJ_2015	SZAXPI017464-37	SZAXPI017464-37	stool		CRC	CRC	81.0		senior	male	CHN	no	IlluminaHiSeq	Qiagen	26408641	36345768	3525605588	30	100	ERR1018292			Paolo_Manghi	18.2													carcinoma																				t3n0m0	159.426	42.537	81.207		yes	yes									rectum						154.68			74.0																							93.6												iii												17.0	58.5
YuJ_2015	SZAXPI017465-43	SZAXPI017465-43	stool		CRC	CRC	63.0		adult	female	CHN	no	IlluminaHiSeq	Qiagen	26408641	37024436	3514766749	30	100	ERR1018293			Paolo_Manghi	28.0													carcinoma																				t3n1m0	53.142	46.404	116.01												rectum						170.148			49.0																							97.2												iii												10.0	82.09
YuJ_2015	SZAXPI017468-88	SZAXPI017468-88	stool		CRC	CRC	76.0		senior	male	CHN	no	IlluminaHiSeq	Qiagen	26408641	10961564	1077534564	30	100	ERR1018296			Paolo_Manghi	21.9													carcinoma																				t3n1m0	88.57	77.34	92.808		no	no									rectum						189.483			69.0																							109.8												iii												17.0	64.75
YuJ_2015	SZAXPI017582-94	SZAXPI017582-94	stool		CRC	CRC	74.0		senior	male	CHN	no	IlluminaHiSeq	Qiagen	26408641	50539146	4977096921	30	100	ERR1018299			Paolo_Manghi	24.2													carcinoma																				t2n1m0	44.285	50.271	112.143		yes	yes									rc						170.148			79.0																							100.8												iii												12.0	66.75
YuJ_2015	SZAXPI017583-102	SZAXPI017583-102	stool		CRC	CRC	77.0		senior	male	CHN	no	IlluminaHiSeq	Qiagen	26408641	40240288	3861481843	30	100	ERR1018300			Paolo_Manghi	20.2													carcinoma																				t3n0m0	70.856	69.606	112.143		no	yes									rectum						197.217			77.0																							86.4												ii												20.0	55.31
YuJ_2015	SZAXPI017585-109	SZAXPI017585-109	stool		CRC	CRC	70.0		senior	female	CHN	no	IlluminaHiSeq	Qiagen	26408641	65450728	6454082758	30	100	ERR1018302			Paolo_Manghi	26.7													carcinoma																				t2n0m0	203.711	50.271	146.946												rectum						235.887			63.0																							102.6												i												15.0	83.35
YuJ_2015	SZAXPI017586-111	SZAXPI017586-111	stool		CRC	CRC	83.0		senior	female	CHN	no	IlluminaHiSeq	Qiagen	26408641	57315876	5593184628	30	100	ERR1018303			Paolo_Manghi	18.9													carcinoma																				t3n2m0	79.713	65.739	88.941												rectum						170.148			58.0																							115.2												iii												10.0	43.12
YuJ_2015	SZAXPI017587-113	SZAXPI017587-113	stool		CRC	CRC	68.0		senior	male	CHN	no	IlluminaHiSeq	Qiagen	26408641	59042440	5796676630	30	100	ERR1018304			Paolo_Manghi	21.5													carcinoma																				t3n0m0	79.713	81.207	123.744		yes	yes									lc						220.419			74.0																							79.2												ii												15.0	65.77
YuJ_2015	SZAXPI017588-123	SZAXPI017588-123	stool		CRC	CRC	79.0		senior	male	CHN	no	IlluminaHiSeq	Qiagen	26408641	58518194	5738342166	30	100	ERR1018305			Paolo_Manghi	26.8													carcinoma																				t3n0m0	53.142	42.537	58.005		no	no									rc						112.143			102.0																							91.8												ii												16.0	58.29
YuJ_2015	SZAXPI017589-133	SZAXPI017589-133	stool		CRC	CRC	64.0		adult	female	CHN	no	IlluminaHiSeq	Qiagen	26408641	49356502	4855210014	30	100	ERR1018306			Paolo_Manghi	28.3													carcinoma																				t4n2m1	265.71	34.803	146.946												rc						232.02			66.0																							90.0												iv												21.0	88.18
YuJ_2015	SZAXPI017590-136	SZAXPI017590-136	stool		CRC	CRC	67.0		senior	male	CHN	no	IlluminaHiSeq	Qiagen	26408641	51070446	4993945911	30	100	ERR1018307			Paolo_Manghi	24.9													carcinoma																				t2n1m0	70.856	42.537	135.345												rectum						193.35			82.0																							104.4												iii												31.0	83.49
YuJ_2015	SZAXPI017591-140	SZAXPI017591-140	stool		control	Health	61.0		adult	male	CHN	no	IlluminaHiSeq	Qiagen	26408641	58080274	5690446732	30	100	ERR1018308			Paolo_Manghi	23.8																																		32.7709	78.8868	78.5001		no	no															163.9608			93.0																							108.0																								20.0	66.82
YuJ_2015	SZAXPI017592-142	SZAXPI017592-142	stool		control	Health	62.0		adult	male	CHN	no	IlluminaHiSeq	Qiagen	26408641	57219434	5584524714	30	100	ERR1018309			Paolo_Manghi	21.5																																		61.999	50.271	85.074		yes	yes															146.946			88.0																							90.0																								20.0	65.37
YuJ_2015	SZAXPI017593-158	SZAXPI017593-158	stool		CRC	CRC	68.0		senior	male	CHN	no	IlluminaHiSeq	Qiagen	26408641	66186116	6469426091	30	100	ERR1018310			Paolo_Manghi	23.7													carcinoma																				t3n2m0	61.999	73.473	123.744		no	yes									lc						204.951			97.0																							86.4												iii												21.0	65.41
