study_name	sample_id	subject_id	body_site	antibiotics_current_use	study_condition	disease	age	infant_age	age_category	gender	country	non_westernized	sequencing_platform	DNA_extraction_kit	PMID	number_reads	number_bases	minimum_read_length	median_read_length	NCBI_accession	pregnant	lactating	curator	BMI	family	days_from_first_collection	family_role	born_method	feeding_practice	travel_destination	location	visit_number	premature	birth_weight	gestational_age	antibiotics_family	disease_subtype	days_after_onset	creatine	albumine	hscrp	ESR	treatment	ast	alt	globulin	urea_nitrogen	BASDAI	BASFI	alcohol	flg_genotype	population	menopausal_status	lifestyle	body_subsite	diet	tnm	triglycerides	hdl	ldl	hba1c	smoker	ever_smoker	dental_sample_type	history_of_periodontitis	PPD_M	PPD_B	PPD_D	PPD_L	fobt	disease_stage	disease_location	calprotectin	HBI	SCCAI	uncurated_metadata	mumps	cholesterol	c_peptide	glucose	creatinine	bilubirin	prothrombin_time	wbc	rbc	hemoglobinometry	remission	dyastolic_p	systolic_p	insulin_cat	adiponectin	glp_1	cd163	il_1	leptin	fgf_19	glutamate_decarboxylase_2_antibody	HLA	autoantibody_positive	age_seroconversion	age_T1D_diagnosis	hitchip_probe_class	fasting_insulin	fasting_glucose	protein_intake	stec_count	shigatoxin_2_elisa	stool_texture	anti_PD_1	mgs_richness	ferm_milk_prod_consumer	inr	ctp	birth_control_pil	c_section_type	ajcc	hla_drb12	hla_dqa12	hla_dqa11	hla_drb11	birth_order	age_twins_started_to_live_apart	zigosity	brinkman_index	alcohol_numeric	breastfeeding_duration	formula_first_day	ALT	eGFR
ThomasAM_2018a	LILT_VF100_T016	VF100	stool	no	CRC	CRC	64.0		adult	male	ITA	no	IlluminaHiSeq	Qiagen	30936548	133912406	13276646416	75	100				Paolo_Manghi;Marisa_Metzger	30.0													adenocarcinoma													no												no	no																																																																		
ThomasAM_2018a	LILT_VF107_16	VF107	stool	no	CRC	CRC	78.0		senior	male	ITA	no	IlluminaHiSeq	Qiagen	30936548	87100526	8617506418	75	100				Paolo_Manghi;Marisa_Metzger	30.0													adenocarcinoma													no												no	no																																																																		
ThomasAM_2018a	LILT_VF154_T017	VF154	stool	no	CRC	CRC	77.0		senior	male	ITA	no	IlluminaHiSeq	Qiagen	30936548	91215084	9035509454	75	100				Paolo_Manghi;Marisa_Metzger	22.0													adenocarcinoma													no												no	no																																																																		
ThomasAM_2018a	LILT_VF166_T017	VF166	stool	no	CRC	CRC	83.0		senior	female	ITA	no	IlluminaHiSeq	Qiagen	30936548	59541712	5906211662	75	100				Paolo_Manghi;Marisa_Metzger	19.0													adenocarcinoma													no												no	no																																																																		
ThomasAM_2018a	LILT_VF174_T017	VF174	stool	no	CRC	CRC	66.0		senior	male	ITA	no	IlluminaHiSeq	Qiagen	30936548	88876004	8808726504	75	100				Paolo_Manghi;Marisa_Metzger	24.0													adenocarcinoma													no												no	no																																																																		
ThomasAM_2018a	LILT_VF31_16	VF31	stool	no	control	Health	59.0		adult	male	ITA	no	IlluminaHiSeq	Qiagen	30936548	77957436	7733156120	75	100				Paolo_Manghi;Marisa_Metzger	26.0																										no												no	no																																																																		
ThomasAM_2018a	LILT_VF77_16	VF77	stool	no	CRC	CRC	70.0		senior	male	ITA	no	IlluminaHiSeq	Qiagen	30936548	153585374	15258226958	75	100				Paolo_Manghi;Marisa_Metzger	24.0													adenocarcinoma													no												no	no																																																																		
ThomasAM_2018a	LILT_VF95_16	VF95	stool	no	CRC	CRC	71.0		senior	female	ITA	no	IlluminaHiSeq	Qiagen	30936548	78354990	7785120980	75	100				Paolo_Manghi;Marisa_Metzger	30.0													adenocarcinoma													no												no	no																																																																		
ThomasAM_2018a	LILT_VF270_T017	VF270	stool	no	CRC	CRC	60.0		adult	male	ITA	no	IlluminaHiSeq	Qiagen	30936548	74406936	7397852902	75	100				Paolo_Manghi;Marisa_Metzger	22.0													adenocarcinoma													no												no	no																																																																		
ThomasAM_2018a	LILT_VF207_T017	VF207	stool	no	CRC	CRC	63.0		adult	male	ITA	no	IlluminaHiSeq	Qiagen	30936548	79900864	7936914746	75	100				Paolo_Manghi;Marisa_Metzger	25.0													adenocarcinoma													no												no	no																																																																		
ThomasAM_2018a	LILT_VF234_T017	VF234	stool	no	CRC	CRC	61.0		adult	male	ITA	no	IlluminaHiSeq	Qiagen	30936548	63130715	6264323571	75	100				Paolo_Manghi;Marisa_Metzger	23.0													adenocarcinoma													no												no	no																																																																		
ThomasAM_2018a	LILT_VF208_T017	VF208	stool	no	CRC	CRC	74.0		senior	male	ITA	no	IlluminaHiSeq	Qiagen	30936548	197907940	19642180890	75	100				Paolo_Manghi;Marisa_Metzger	23.0													adenocarcinoma													no												no	no																																																																		
ThomasAM_2018a	LILT_VF281_T017	VF281	stool	no	CRC	CRC	76.0		senior	male	ITA	no	IlluminaHiSeq	Qiagen	30936548	136972528	13612629160	75	100				Paolo_Manghi;Marisa_Metzger	26.0													adenocarcinoma																																																																																												
ThomasAM_2018a	LILT_VF216_T017	VF216	stool	no	CRC	CRC	84.0		senior	male	ITA	no	IlluminaHiSeq	Qiagen	30936548	140195504	13926989396	75	100				Paolo_Manghi;Marisa_Metzger	22.0													adenocarcinoma													no												no	no																																																																		
ThomasAM_2018a	LILT_VF264_T017	VF264	stool	no	CRC	CRC	78.0		senior	male	ITA	no	IlluminaHiSeq	Qiagen	30936548	190490540	18935403182	75	100				Paolo_Manghi;Marisa_Metzger	24.0													adenocarcinoma													no												no	no																																																																		
ThomasAM_2018a	LILT_VF251_T017	VF251	stool	no	CRC	CRC	84.0		senior	female	ITA	no	IlluminaHiSeq	Qiagen	30936548	97021922	9638732712	75	100				Paolo_Manghi;Marisa_Metzger	23.0													adenocarcinoma													no												no	no																																																																		
ThomasAM_2018a	LILT_VF259_T016	VF259	stool	no	control	Health	71.0		senior	male	ITA	no	IlluminaHiSeq	Qiagen	30936548	54199996	5376905682	75	100				Paolo_Manghi;Marisa_Metzger	24.0																										no												no	no																																																																		
ThomasAM_2018a	LILT_VF255_T016	VF255	stool	no	control	Health	69.0		senior	male	ITA	no	IlluminaHiSeq	Qiagen	30936548	51786786	5141254888	75	100				Paolo_Manghi;Marisa_Metzger	30.0																										no												no	no																																																																		
ThomasAM_2018a	LILT_VF212_T016	VF212	stool	no	control	Health	80.0		senior	female	ITA	no	IlluminaHiSeq	Qiagen	30936548	70760642	7016890308	75	100				Paolo_Manghi;Marisa_Metzger	32.0																										no												no	no																																																																		
ThomasAM_2018a	LILT_VF261_T016	VF261	stool	no	control	Health	69.0		senior	male	ITA	no	IlluminaHiSeq	Qiagen	30936548	46788848	4644638366	75	100				Paolo_Manghi;Marisa_Metzger	24.0																										no												no	no																																																																		
ThomasAM_2018a	LILT_VF262_T016	VF262	stool	no	control	Health	64.0		adult	male	ITA	no	IlluminaHiSeq	Qiagen	30936548	119440344	11861266938	75	100				Paolo_Manghi;Marisa_Metzger	27.0																										no												no	no																																																																		
ThomasAM_2018a	LILT_VF263_T016	VF263	stool	no	control	Health	81.0		senior	female	ITA	no	IlluminaHiSeq	Qiagen	30936548	157270336	15626665916	75	100				Paolo_Manghi;Marisa_Metzger	28.0																										no												no	no																																																																		
ThomasAM_2018a	LILT_VF279_T016	VF279	stool	no	control	Health	61.0		adult	male	ITA	no	IlluminaHiSeq	Qiagen	30936548	159113906	15817515118	75	100				Paolo_Manghi;Marisa_Metzger	22.0																										no												no	no																																																																		
ThomasAM_2018a	LILT_VF10_T016	VF10	stool	no	control	Health	60.0		adult	female	ITA	no	IlluminaHiSeq	Qiagen	30936548	60515600	6006120776	75	100				Paolo_Manghi;Marisa_Metzger	20.0																										no												no	no																																																																		
ThomasAM_2018a	LILT_VF140_T016	VF140	stool	no	control	Health	67.0		senior	female	ITA	no	IlluminaHiSeq	Qiagen	30936548	45553940	4516925822	75	100				Paolo_Manghi;Marisa_Metzger	24.0																										no												no	no																																																																		
ThomasAM_2018a	LILT_VF171_T016	VF171	stool	no	control	Health	77.0		senior	female	ITA	no	IlluminaHiSeq	Qiagen	30936548	268665478	26692365132	75	100				Paolo_Manghi;Marisa_Metzger																																																																																																										
ThomasAM_2018a	LILT_VF18_T016	VF18	stool	no	control	Health	64.0		adult	male	ITA	no	IlluminaHiSeq	Qiagen	30936548	375721418	37358543174	75	100				Paolo_Manghi;Marisa_Metzger	26.0																										no												no	no																																																																		
ThomasAM_2018a	LILT_VF189_T016	VF189	stool	no	control	Health	66.0		senior	male	ITA	no	IlluminaHiSeq	Qiagen	30936548	159674438	15838227946	75	100				Paolo_Manghi;Marisa_Metzger	34.0																										no												no	no																																																																		
ThomasAM_2018a	LILT_VF82_T016	VF82	stool	no	control	Health	61.0		adult	female	ITA	no	IlluminaHiSeq	Qiagen	30936548	46305044	4602808946	75	100				Paolo_Manghi;Marisa_Metzger																																																																																																										
ThomasAM_2018b	CRC_MR_SBJ01C_17	SBJ01C	stool	no	CRC	CRC	51.0		adult	male	ITA	no	IlluminaHiSeq	Gnome	30936548	43868542	4347430447	75	100				Paolo_Manghi	20.86111966							Milan																																																																																																		
ThomasAM_2018b	CRC_MR_SBJ02C_17	SBJ02C	stool	no	CRC	CRC	51.0		adult	male	ITA	no	IlluminaHiSeq	Gnome	30936548	43898442	4346220764	75	100				Paolo_Manghi	31.56167151							Milan																																																																																																		
ThomasAM_2018b	CRC_MR_SBJ03H_17	SBJ03H	stool	no	control	Health	52.0		adult	male	ITA	no	IlluminaHiSeq	Gnome	30936548	62248461	6153910114	75	100				Paolo_Manghi	23.72281065							Milan																																																																																																		
ThomasAM_2018b	CRC_MR_SBJ04C_17	SBJ04C	stool	no	CRC	CRC	69.0		senior	male	ITA	no	IlluminaHiSeq	Gnome	30936548	36366179	3600392404	75	100				Paolo_Manghi	28.982007							Milan																																																																																																		
ThomasAM_2018b	CRC_MR_SBJ05C_17	SBJ05C	stool	no	CRC	CRC	46.0		adult	male	ITA	no	IlluminaHiSeq	Gnome	30936548	45139735	4468032703	75	100				Paolo_Manghi	22.46003435							Milan																																																																																																		
ThomasAM_2018b	CRC_MR_SBJ06C_17	SBJ06C	stool	no	CRC	CRC	57.0		adult	male	ITA	no	IlluminaHiSeq	Gnome	30936548	60592176	5988622295	75	100				Paolo_Manghi	27.77692989							Milan																																																																																																		
ThomasAM_2018b	CRC_MR_SBJ07C_17	SBJ07C	stool	no	CRC	CRC	38.0		adult	male	ITA	no	IlluminaHiSeq	Gnome	30936548	61416613	6077990175	75	100				Paolo_Manghi	27.04164413							Milan																																																																																																		
ThomasAM_2018b	CRC_MR_SBJ10C_17	SBJ10C	stool	no	CRC	CRC	68.0		senior	male	ITA	no	IlluminaHiSeq	Gnome	30936548	50329530	4979832567	75	100				Paolo_Manghi	24.30248706							Milan																																																																																																		
ThomasAM_2018b	CRC_MR_SBJ11C_17	SBJ11C	stool	no	CRC	CRC	68.0		senior	female	ITA	no	IlluminaHiSeq	Gnome	30936548	48916828	4859038231	75	100				Paolo_Manghi								Milan																																																																																																		
ThomasAM_2018b	CRC_MR_SBJ12C_17	SBJ12C	stool	no	CRC	CRC	65.0		adult	male	ITA	no	IlluminaHiSeq	Gnome	30936548	39541779	3893420532	75	100				Paolo_Manghi	29.56194571							Milan																																																																																																		
ThomasAM_2018b	CRC_MR_SBJ16H_17	SBJ16H	stool	no	control	Health	56.0		adult	male	ITA	no	IlluminaHiSeq	Gnome	30936548	44260518	4398674622	75	100				Paolo_Manghi	25.68956193							Milan																																																																																																		
ThomasAM_2018b	CRC_MR_SBJ17H_17	SBJ17H	stool	no	control	Health	50.0		adult	male	ITA	no	IlluminaHiSeq	Gnome	30936548	73496867	7310035386	75	100				Paolo_Manghi	23.59700421							Milan																																																																																																		
ThomasAM_2018b	CRC_MR_SBJ18H_17	SBJ18H	stool	no	control	Health	54.0		adult	male	ITA	no	IlluminaHiSeq	Gnome	30936548	27453968	2727610389	75	100				Paolo_Manghi	25.18078512							Milan																																																																																																		
ThomasAM_2018b	CRC_MR_SBJ20C_17	SBJ20C	stool	no	CRC	CRC	59.0		adult	female	ITA	no	IlluminaHiSeq	Gnome	30936548	65119701	6471743852	75	100				Paolo_Manghi	28.99930748							Milan																																																																																																		
ThomasAM_2018b	CRC_MR_SBJ21H_17	SBJ21H	stool	no	control	Health	67.0		senior	female	ITA	no	IlluminaHiSeq	Gnome	30936548	36494066	3613112582	75	100				Paolo_Manghi	20.43816558							Milan																																																																																																		
ThomasAM_2018b	CRC_MR_SBJ22C_17	SBJ22C	stool	no	CRC	CRC	62.0		adult	male	ITA	no	IlluminaHiSeq	Gnome	30936548	23604828	2336269953	75	100				Paolo_Manghi	31.09789075							Milan																																																																																																		
ThomasAM_2018b	CRC_MR_SBJ24H_17	SBJ24H	stool	no	control	Health	66.0		senior	male	ITA	no	IlluminaHiSeq	Gnome	30936548	36804377	3645903179	75	100				Paolo_Manghi	19.71332153							Milan																																																																																																		
ThomasAM_2018b	CRC_MR_SBJ25C_17	SBJ25C	stool	no	CRC	CRC	70.0		senior	male	ITA	no	IlluminaHiSeq	Gnome	30936548	31480824	3117973069	75	100				Paolo_Manghi	28.37370242							Milan																																																																																																		
ThomasAM_2018b	CRC_MR_SBJ26C_17	SBJ26C	stool	no	CRC	CRC	56.0		adult	female	ITA	no	IlluminaHiSeq	Gnome	30936548	41358998	4101051285	75	100				Paolo_Manghi	27.82931354							Milan																																																																																																		
ThomasAM_2018b	CRC_MR_SBJ27C_17	SBJ27C	stool	no	CRC	CRC	61.0		adult	male	ITA	no	IlluminaHiSeq	Gnome	30936548	36706377	3637111009	75	100				Paolo_Manghi	27.44059917							Milan																																																																																																		
ThomasAM_2018b	CRC_MR_SBJ29C_17	SBJ29C	stool	no	CRC	CRC	65.0		adult	male	ITA	no	IlluminaHiSeq	Gnome	30936548	32390885	3210377101	75	100				Paolo_Manghi	25.35154137							Milan																																																																																																		
ThomasAM_2018b	CRC_MR_SBJ31C_17	SBJ31C	stool	no	CRC	CRC	62.0		adult	male	ITA	no	IlluminaHiSeq	Gnome	30936548	13190360	1306864665	75	100				Paolo_Manghi	26.64359862							Milan																																																																																																		
ThomasAM_2018b	CRC_MR_SBJ32C_17	SBJ32C	stool	no	CRC	CRC	39.0		adult	female	ITA	no	IlluminaHiSeq	Gnome	30936548	31790441	3148165940	75	100				Paolo_Manghi	20.54988662							Milan																																																																																																		
ThomasAM_2018b	CRC_MR_SBJ33C_17	SBJ33C	stool	no	CRC	CRC	63.0		adult	male	ITA	no	IlluminaHiSeq	Gnome	30936548	41330625	4096574082	75	100				Paolo_Manghi	29.96161169							Milan																																																																																																		
ThomasAM_2018b	CRC_MR_SBJ34H_17	SBJ34H	stool	no	control	Health	58.0		adult	female	ITA	no	IlluminaHiSeq	Gnome	30936548	38425974	3806976294	75	100				Paolo_Manghi	20.3125							Milan																																																																																																		
ThomasAM_2018b	CRC_MR_SBJ35C_17	SBJ35C	stool	no	CRC	CRC	59.0		adult	male	ITA	no	IlluminaHiSeq	Gnome	30936548	42524787	4205409821	75	100				Paolo_Manghi	27.58020032							Milan																																																																																																		
ThomasAM_2018b	CRC_MR_SBJ36C_17	SBJ36C	stool	no	CRC	CRC	51.0		adult	female	ITA	no	IlluminaHiSeq	Gnome	30936548	31808126	3151820262	75	100				Paolo_Manghi	19.43301326							Milan																																																																																																		
ThomasAM_2018b	CRC_MR_SBJ37H_17	SBJ37H	stool	no	control	Health	58.0		adult	female	ITA	no	IlluminaHiSeq	Gnome	30936548	10456845	1034879683	75	100				Paolo_Manghi	17.68978885							Milan																																																																																																		
ThomasAM_2018b	CRC_MR_SBJ39C_17	SBJ39C	stool	no	CRC	CRC	58.0		adult	male	ITA	no	IlluminaHiSeq	Gnome	30936548	30131718	2982949375	75	100				Paolo_Manghi	34.68609088							Milan																																																																																																		
ThomasAM_2018b	CRC_MR_SBJ40C_17	SBJ40C	stool	no	CRC	CRC	59.0		adult	male	ITA	no	IlluminaHiSeq	Gnome	30936548	35163513	3483587316	75	100				Paolo_Manghi	38.53061224							Milan																																																																																																		
ThomasAM_2018b	CRC_MR_SBJ42C_17	SBJ42C	stool	no	CRC	CRC	64.0		adult	male	ITA	no	IlluminaHiSeq	Gnome	30936548	59944791	5954642751	75	100				Paolo_Manghi	24.93372049							Milan																																																																																																		
ThomasAM_2018b	CRC_MR_SBJ45H_17	SBJ45H	stool	no	control	Health	54.0		adult	male	ITA	no	IlluminaHiSeq	Gnome	30936548	92522014	9200046372	75	100				Paolo_Manghi	24.48979592							Milan																																																																																																		
ThomasAM_2018b	CRC_MR_SBJ46H_17	SBJ46H	stool	no	control	Health	66.0		senior	male	ITA	no	IlluminaHiSeq	Gnome	30936548	45756759	4548795487	75	100				Paolo_Manghi	21.70512943							Milan																																																																																																		
ThomasAM_2018b	CRC_MR_SBJ47C_17	SBJ47C	stool	no	CRC	CRC	50.0		adult	female	ITA	no	IlluminaHiSeq	Gnome	30936548	33645368	3342496938	75	100				Paolo_Manghi	19.81784449							Milan																																																																																																		
ThomasAM_2018b	CRC_MR_SBJ49C_17	SBJ49C	stool	no	CRC	CRC	69.0		senior	male	ITA	no	IlluminaHiSeq	Gnome	30936548	47699523	4733537457	75	100				Paolo_Manghi	22.64219297							Milan																																																																																																		
ThomasAM_2018b	CRC_MR_SBJ50C_17	SBJ50C	stool	no	CRC	CRC	56.0		adult	male	ITA	no	IlluminaHiSeq	Gnome	30936548	56181745	5573403305	75	100				Paolo_Manghi	25.18078512							Milan																																																																																																		
ThomasAM_2018b	CRC_MR_SBJ51C_17	SBJ51C	stool	no	CRC	CRC	62.0		adult	female	ITA	no	IlluminaHiSeq	Gnome	30936548	24668831	2448286377	75	100				Paolo_Manghi	20.95717116							Milan																																																																																																		
ThomasAM_2018b	CRC_MR_SBJ52C_17	SBJ52C	stool	no	CRC	CRC	66.0		senior	female	ITA	no	IlluminaHiSeq	Gnome	30936548	31846171	3158066958	75	100				Paolo_Manghi	28.08433211							Milan																																																																																																		
ThomasAM_2018b	CRC_MR_SBJ53C_17	SBJ53C	stool	no	CRC	CRC	55.0		adult	male	ITA	no	IlluminaHiSeq	Gnome	30936548	46264048	4591336105	75	100				Paolo_Manghi	29.36576335							Milan																																																																																																		
ThomasAM_2018b	CRC_MR_SBJ55C_17	SBJ55C	stool	no	CRC	CRC	67.0		senior	male	ITA	no	IlluminaHiSeq	Gnome	30936548	35636732	3534484981	75	100				Paolo_Manghi	29.06976744							Milan																																																																																																		
ThomasAM_2018b	CRC_MR_SBJ57H_17	SBJ57H	stool	no	control	Health	66.0		senior	female	ITA	no	IlluminaHiSeq	Gnome	30936548	43890117	4354149935	75	100				Paolo_Manghi	21.09375							Milan																																																																																																		
ThomasAM_2018b	CRC_MR_SBJ60H_17	SBJ60H	stool	no	control	Health	56.0		adult	male	ITA	no	IlluminaHiSeq	Gnome	30936548	107211531	10646203801	75	100				Paolo_Manghi	23.45091822							Milan																																																																																																		
ThomasAM_2018b	CRC_MR_SBJ61C_17	SBJ61C	stool	no	CRC	CRC	56.0		adult	female	ITA	no	IlluminaHiSeq	Gnome	30936548	63115792	6265536349	75	100				Paolo_Manghi	25.390625							Milan																																																																																																		
ThomasAM_2018b	CRC_MR_SBJ63H_17	SBJ63H	stool	no	control	Health			adult	female	ITA	no	IlluminaHiSeq	Gnome	30936548	85236126	8455482154	75	100				Paolo_Manghi								Milan																																																																																																		
ThomasAM_2018b	CRC_MR_SBJ64C_17	SBJ64C	stool	no	CRC	CRC	48.0		adult	male	ITA	no	IlluminaHiSeq	Gnome	30936548	75825202	7519969732	75	100				Paolo_Manghi	25.2675737							Milan																																																																																																		
ThomasAM_2018b	CRC_MR_SBJ65H_17	SBJ65H	stool	no	control	Health	53.0		adult	male	ITA	no	IlluminaHiSeq	Gnome	30936548	41052376	4072990715	75	100				Paolo_Manghi	32.44997296							Milan																																																																																																		
ThomasAM_2018b	CRC_MR_SBJ67H_17	SBJ67H	stool	no	control	Health	46.0		adult	male	ITA	no	IlluminaHiSeq	Gnome	30936548	40868929	4055457779	75	100				Paolo_Manghi	34.52708907							Milan																																																																																																		
ThomasAM_2018b	CRC_MR_SBJ68H_17	SBJ68H	stool	no	control	Health	60.0		adult	female	ITA	no	IlluminaHiSeq	Gnome	30936548	22066831	2190922951	75	100				Paolo_Manghi	28.125							Milan																																																																																																		
ThomasAM_2018b	CRC_MR_SBJ69H_17	SBJ69H	stool	no	control	Health	62.0		adult	male	ITA	no	IlluminaHiSeq	Gnome	30936548	33651354	3342450892	75	100				Paolo_Manghi	28.69265285							Milan																																																																																																		
ThomasAM_2018b	CRC_MR_SBJ73H_17	SBJ73H	stool	no	control	Health	61.0		adult	female	ITA	no	IlluminaHiSeq	Gnome	30936548	48210550	4788180713	75	100				Paolo_Manghi	21.96712018							Milan																																																																																																		
ThomasAM_2018b	CRC_MR_SBJ74H_17	SBJ74H	stool	no	control	Health	69.0		senior	female	ITA	no	IlluminaHiSeq	Gnome	30936548	30312297	3010192567	75	100				Paolo_Manghi	26.36560303							Milan																																																																																																		
ThomasAM_2018b	CRC_MR_SBJ75H_17	SBJ75H	stool	no	control	Health	65.0		adult	female	ITA	no	IlluminaHiSeq	Gnome	30936548	24018036	2383792100	75	100				Paolo_Manghi	23.38435374							Milan																																																																																																		
ThomasAM_2018b	CRC_MR_SBJ77H_17	SBJ77H	stool	no	control	Health	64.0		adult	female	ITA	no	IlluminaHiSeq	Gnome	30936548	27868520	2766975730	75	100				Paolo_Manghi	21.3251339							Milan																																																																																																		
ThomasAM_2018b	CRC_MR_SBJ78H_17	SBJ78H	stool	no	control	Health	54.0		adult	male	ITA	no	IlluminaHiSeq	Gnome	30936548	23707897	2355228152	75	100				Paolo_Manghi	24.69135802							Milan																																																																																																		
ThomasAM_2018b	CRC_MR_SBJ79H_17	SBJ79H	stool	no	control	Health	67.0		senior	male	ITA	no	IlluminaHiSeq	Gnome	30936548	35362694	3511808501	75	100				Paolo_Manghi	26.36560303							Milan																																																																																																		
ThomasAM_2018b	CRC_MR_SBJ80H_17	SBJ80H	stool	no	control	Health	40.0		adult	male	ITA	no	IlluminaHiSeq	Gnome	30936548	26117282	2593547633	75	100				Paolo_Manghi	26.14927686							Milan																																																																																																		
ThomasAM_2018b	CRC_MR_SBJ81H_17	SBJ81H	stool	no	control	Health	60.0		adult	female	ITA	no	IlluminaHiSeq	Gnome	30936548	57480181	5705640120	75	100				Paolo_Manghi	23.87511478							Milan																																																																																																		
ThomasAM_2018b	CRC_MR_SBJ82H_17	SBJ82H	stool	no	control	Health	69.0		senior	female	ITA	no	IlluminaHiSeq	Gnome	30936548	37993796	3774609997	75	100				Paolo_Manghi	28.65013774							Milan																																																																																																		
ThomasAM_2018b	CRC_MR_SBJ83H_17	SBJ83H	stool	no	control	Health	47.0		adult	male	ITA	no	IlluminaHiSeq	Gnome	30936548	25118095	2493911666	75	100				Paolo_Manghi	26.29757785							Milan																																																																																																		
ThomasAM_2018b	CRC_MR_SBJ84H_17	SBJ84H	stool	no	control	Health	41.0		adult	male	ITA	no	IlluminaHiSeq	Gnome	30936548	39194253	3891624174	75	100				Paolo_Manghi	24.16326531							Milan																																																																																																		
