study_name	sample_id	subject_id	body_site	antibiotics_current_use	study_condition	disease	age	infant_age	age_category	gender	country	non_westernized	sequencing_platform	DNA_extraction_kit	PMID	number_reads	number_bases	minimum_read_length	median_read_length	NCBI_accession	pregnant	lactating	curator	BMI	family	days_from_first_collection	family_role	born_method	feeding_practice	travel_destination	location	visit_number	premature	birth_weight	gestational_age	antibiotics_family	disease_subtype	days_after_onset	creatine	albumine	hscrp	ESR	treatment	ast	alt	globulin	urea_nitrogen	BASDAI	BASFI	alcohol	flg_genotype	population	menopausal_status	lifestyle	body_subsite	diet	tnm	triglycerides	hdl	ldl	hba1c	smoker	ever_smoker	dental_sample_type	history_of_periodontitis	PPD_M	PPD_B	PPD_D	PPD_L	fobt	disease_stage	disease_location	calprotectin	HBI	SCCAI	uncurated_metadata	mumps	cholesterol	c_peptide	glucose	creatinine	bilubirin	prothrombin_time	wbc	rbc	hemoglobinometry	remission	dyastolic_p	systolic_p	insulin_cat	adiponectin	glp_1	cd163	il_1	leptin	fgf_19	glutamate_decarboxylase_2_antibody	HLA	autoantibody_positive	age_seroconversion	age_T1D_diagnosis	hitchip_probe_class	fasting_insulin	fasting_glucose	protein_intake	stec_count	shigatoxin_2_elisa	stool_texture	anti_PD_1	mgs_richness	ferm_milk_prod_consumer	inr	ctp	birth_control_pil	c_section_type	ajcc	hla_drb12	hla_dqa12	hla_dqa11	hla_drb11	birth_order	age_twins_started_to_live_apart	zigosity	brinkman_index	alcohol_numeric	breastfeeding_duration	formula_first_day	ALT	eGFR
ZhuF_2020	wHAXPI032581-18	wHAXPI032581-18	stool	no	control	Health	25.0		adult	female	CHN	no	IlluminaHiSeq		32235826	58697930	8796965252	37	150	ERR2855866			Paolo_Manghi	19.47							Xian																															no																										80.0	120.0																																								
ZhuF_2020	wHAXPI032582-19	wHAXPI032582-19	stool	no	control	Health	31.0		adult	male	CHN	no	IlluminaHiSeq		32235826	54521068	8172629672	35	150	ERR2855940			Paolo_Manghi	21.77							Xian																															no																										80.0	122.0																																								
ZhuF_2020	wHAXPI032583-21	wHAXPI032583-21	stool	no	schizofrenia	schizofrenia	20.0		adult	female	CHN	no	IlluminaHiSeq		32235826	56920082	8531189494	31	150	ERR2855878			Paolo_Manghi	18.96							Xian						first_episode_schizofrenia																									no																										70.0	110.0																																								
ZhuF_2020	wHAXPI032585-23	wHAXPI032585-23	stool	no	schizofrenia	schizofrenia	27.0		adult	male	CHN	no	IlluminaHiSeq		32235826	62276788	9334287284	39	150	ERR2855822			Paolo_Manghi	19.61							Xian						repeated_episodes_shizofrenia																									yes	yes																									80.0	118.0																																								
ZhuF_2020	wHAXPI032587-26	wHAXPI032587-26	stool	no	schizofrenia	schizofrenia	20.0		adult	male	CHN	no	IlluminaHiSeq		32235826	54965978	8237197393	30	150	ERR2855881			Paolo_Manghi	23.04							Xian						first_episode_schizofrenia																									no																										90.0	128.0																																								
ZhuF_2020	wHAXPI032588-27	wHAXPI032588-27	stool	no	schizofrenia	schizofrenia	23.0		adult	male	CHN	no	IlluminaHiSeq		32235826	50310640	7540346731	32	150	ERR2855801			Paolo_Manghi	20.96							Weinan						repeated_episodes_shizofrenia																									yes	yes																									60.0	100.0																																								
ZhuF_2020	wHAXPI032589-28	wHAXPI032589-28	stool	no	schizofrenia	schizofrenia	32.0		adult	male	CHN	no	IlluminaHiSeq		32235826	50483342	7566263608	32	150	ERR2855918			Paolo_Manghi	18.07							Weinan						first_episode_schizofrenia																									yes	yes																									60.0	110.0																																								
ZhuF_2020	wHAXPI032590-29	wHAXPI032590-29	stool	no	schizofrenia	schizofrenia	31.0		adult	female	CHN	no	IlluminaHiSeq		32235826	55290176	8286959466	31	150	ERR2855950			Paolo_Manghi	19.5							Weinan						first_episode_schizofrenia																									no																										60.0	100.0																																								
ZhuF_2020	wHAXPI032591-31	wHAXPI032591-31	stool	no	schizofrenia	schizofrenia	29.0		adult	male	CHN	no	IlluminaHiSeq		32235826	75390802	11301869334	37	150	ERR2855927			Paolo_Manghi	19.83							Weinan						repeated_episodes_shizofrenia																									yes	yes																									99.0	150.0																																								
ZhuF_2020	wHAXPI032592-32	wHAXPI032592-32	stool	no	schizofrenia	schizofrenia	26.0		adult	female	CHN	no	IlluminaHiSeq		32235826	86335534	12944107618	39	150	ERR2855842			Paolo_Manghi	19.23							Weinan						first_episode_schizofrenia																									no																										60.0	100.0																																								
ZhuF_2020	wHAXPI032593-34	wHAXPI032593-34	stool	no	schizofrenia	schizofrenia	49.0		adult	female	CHN	no	IlluminaHiSeq		32235826	91186330	13670416142	30	150	ERR2855879			Paolo_Manghi	23.44							Xianyang						repeated_episodes_shizofrenia																									no																										78.0	128.0																																								
ZhuF_2020	wHAXPI032594-36	wHAXPI032594-36	stool	no	schizofrenia	schizofrenia	41.0		adult	female	CHN	no	IlluminaHiSeq		32235826	76697736	11497224514	41	150	ERR2855847			Paolo_Manghi	25.64							Xianyang						first_episode_schizofrenia																									no																										80.0	143.0																																								
ZhuF_2020	wHAXPI032595-39	wHAXPI032595-39	stool	no	control	Health	24.0		adult	male	CHN	no	IlluminaHiSeq		32235826	62172000	9313100741	53	150	ERR2855807			Paolo_Manghi	22.86							Xian																															yes	yes																									80.0	120.0																																								
ZhuF_2020	wHAXPI032596-40	wHAXPI032596-40	stool	no	control	Health	26.0		adult	female	CHN	no	IlluminaHiSeq		32235826	79508214	11917835530	37	150	ERR2855912			Paolo_Manghi	18.67							Xian																															no																										71.0	123.0																																								
ZhuF_2020	wHAXPI032597-41	wHAXPI032597-41	stool	no	control	Health	36.0		adult	male	CHN	no	IlluminaHiSeq		32235826	68049314	10202604452	34	150	ERR2855872			Paolo_Manghi	22.23							Xian																															yes	yes																									68.0	117.0																																								
ZhuF_2020	wHAXPI032598-42	wHAXPI032598-42	stool	no	control	Health	26.0		adult	female	CHN	no	IlluminaHiSeq		32235826	79575620	11929958576	32	150	ERR2855936			Paolo_Manghi	21.22							Xian																															no																										70.0	110.0																																								
ZhuF_2020	wHAXPI032599-45	wHAXPI032599-45	stool	no	control	Health	48.0		adult	female	CHN	no	IlluminaHiSeq		32235826	71558178	10727951024	30	150	ERR2855946			Paolo_Manghi	20.83							Xian																															no																										60.0	110.0																																								
ZhuF_2020	wHAXPI032600-47	wHAXPI032600-47	stool	no	control	Health	44.0		adult	female	CHN	no	IlluminaHiSeq		32235826	77714778	11650680097	30	150	ERR2855827			Paolo_Manghi	21.05							Xian																															no																										70.0	100.0																																								
ZhuF_2020	wHAXPI032601-50	wHAXPI032601-50	stool	no	schizofrenia	schizofrenia	45.0		adult	female	CHN	no	IlluminaHiSeq		32235826	104560130	15672992356	30	150	ERR2855805			Paolo_Manghi	22.19							Xian						repeated_episodes_shizofrenia																									no																										74.0	112.0																																								
ZhuF_2020	wHAXPI032604-74	wHAXPI032604-74	stool	no	schizofrenia	schizofrenia	32.0		adult	male	CHN	no	IlluminaHiSeq		32235826	86663876	12988013165	30	150	ERR2855919			Paolo_Manghi	21.26							Xian						first_episode_schizofrenia																									yes	yes																									84.0	146.0																																								
ZhuF_2020	wHAXPI032605-75	wHAXPI032605-75	stool	no	schizofrenia	schizofrenia	36.0		adult	male	CHN	no	IlluminaHiSeq		32235826	70060964	10504820402	30	150	ERR2855865			Paolo_Manghi	23.18							Xian						first_episode_schizofrenia																									no																										88.0	134.0																																								
ZhuF_2020	wHAXPI032606-80	wHAXPI032606-80	stool	no	schizofrenia	schizofrenia	20.0		adult	male	CHN	no	IlluminaHiSeq		32235826	86278966	12933841597	30	150	ERR2855885			Paolo_Manghi	24.22							Weinan						first_episode_schizofrenia																									no																										80.0	120.0																																								
ZhuF_2020	wHAXPI032607-89	wHAXPI032607-89	stool	no	schizofrenia	schizofrenia	26.0		adult	male	CHN	no	IlluminaHiSeq		32235826	69937426	10484507457	33	150	ERR2855906			Paolo_Manghi	22.32							Weinan						repeated_episodes_shizofrenia																									yes	yes																									70.0	110.0																																								
ZhuF_2020	wHAXPI032608-111	wHAXPI032608-111	stool	no	schizofrenia	schizofrenia	49.0		adult	female	CHN	no	IlluminaHiSeq		32235826	80716898	12101984296	30	150	ERR2855938			Paolo_Manghi	22.03							Weinan						repeated_episodes_shizofrenia																									no																										70.0	100.0																																								
ZhuF_2020	wHAXPI032609-18	wHAXPI032609-18	stool	no	schizofrenia	schizofrenia	53.0		adult	female	CHN	no	IlluminaHiSeq		32235826	87589850	13118159128	33	150	ERR2855835			Paolo_Manghi	21.16							Weinan						repeated_episodes_shizofrenia																									no																										70.0	110.0																																								
ZhuF_2020	wHAXPI032610-19	wHAXPI032610-19	stool	no	schizofrenia	schizofrenia	35.0		adult	male	CHN	no	IlluminaHiSeq		32235826	84748012	12706692779	33	150	ERR2855811			Paolo_Manghi	26.12							Weinan						repeated_episodes_shizofrenia																									yes	yes																									70.0	110.0																																								
ZhuF_2020	wHAXPI032611-21	wHAXPI032611-21	stool	no	schizofrenia	schizofrenia	32.0		adult	female	CHN	no	IlluminaHiSeq		32235826	83778658	12550846601	35	150	ERR2855806			Paolo_Manghi	21.26							Xianyang						repeated_episodes_shizofrenia																									yes	yes																									70.0	127.0																																								
ZhuF_2020	wHAXPI032612-22	wHAXPI032612-22	stool	no	schizofrenia	schizofrenia	28.0		adult	female	CHN	no	IlluminaHiSeq		32235826	89254286	13374140885	31	150	ERR2855902			Paolo_Manghi	18.65							Xianyang						repeated_episodes_shizofrenia																									yes	yes																									80.0	130.0																																								
ZhuF_2020	wHAXPI032613-23	wHAXPI032613-23	stool	no	schizofrenia	schizofrenia	30.0		adult	female	CHN	no	IlluminaHiSeq		32235826	87115994	13057832136	33	150	ERR2855853			Paolo_Manghi	20.32							Xianyang						repeated_episodes_shizofrenia																									no																										71.0	124.0																																								
ZhuF_2020	wHAXPI032614-24	wHAXPI032614-24	stool	no	schizofrenia	schizofrenia	34.0		adult	female	CHN	no	IlluminaHiSeq		32235826	88160560	13215335679	38	150	ERR2855849			Paolo_Manghi	19.57							Xianyang						repeated_episodes_shizofrenia																									no																										71.0	124.0																																								
ZhuF_2020	wHAXPI032615-25	wHAXPI032615-25	stool	no	schizofrenia	schizofrenia	45.0		adult	male	CHN	no	IlluminaHiSeq		32235826	76736780	11492036112	43	150	ERR2855848			Paolo_Manghi	20.62							Xianyang						first_episode_schizofrenia																									no																										85.0	134.0																																								
ZhuF_2020	wHAXPI032616-26	wHAXPI032616-26	stool	no	control	Health	25.0		adult	female	CHN	no	IlluminaHiSeq		32235826	75331904	11294402427	33	150	ERR2855896			Paolo_Manghi	22.07							Xian																															no																										60.0	100.0																																								
ZhuF_2020	wHAXPI032617-27	wHAXPI032617-27	stool	no	control	Health	24.0		adult	female	CHN	no	IlluminaHiSeq		32235826	76757416	11502783043	30	150	ERR2855921			Paolo_Manghi	17.24							Xian																															no																										80.0	120.0																																								
ZhuF_2020	wHAXPI032618-28	wHAXPI032618-28	stool	no	control	Health	24.0		adult	female	CHN	no	IlluminaHiSeq		32235826	81216784	12173272113	38	150	ERR2855933			Paolo_Manghi	18.29							Xian																															no																										75.0	115.0																																								
ZhuF_2020	wHAXPI032619-29	wHAXPI032619-29	stool	no	control	Health	24.0		adult	female	CHN	no	IlluminaHiSeq		32235826	74784836	11211039658	40	150	ERR2855914			Paolo_Manghi	19.53							Xian																															no																										74.0	112.0																																								
ZhuF_2020	wHAXPI032620-32	wHAXPI032620-32	stool	no	control	Health	25.0		adult	female	CHN	no	IlluminaHiSeq		32235826	82869510	12421544265	31	150	ERR2855839			Paolo_Manghi	22.04							Xian																															no																										80.0	120.0																																								
ZhuF_2020	wHAXPI032621-34	wHAXPI032621-34	stool	no	control	Health	25.0		adult	female	CHN	no	IlluminaHiSeq		32235826	69362092	10394520905	33	150	ERR2855929			Paolo_Manghi	17.58							Xian																															no																										56.0	90.0																																								
ZhuF_2020	wHAXPI032622-36	wHAXPI032622-36	stool	no	control	Health	38.0		adult	male	CHN	no	IlluminaHiSeq		32235826	71886732	10768011993	37	150	ERR2855792			Paolo_Manghi	26.67							Xian																															no																										80.0	120.0																																								
ZhuF_2020	wHAXPI032659-39	wHAXPI032659-39	stool	no	control	Health	35.0		adult	male	CHN	no	IlluminaHiSeq		32235826	68502888	10270132244	30	150	ERR2855804			Paolo_Manghi	24.26							Xian																															yes	yes																									78.0	125.0																																								
ZhuF_2020	wHAXPI032660-40	wHAXPI032660-40	stool	no	control	Health	26.0		adult	female	CHN	no	IlluminaHiSeq		32235826	66796032	10015318352	31	150	ERR2855944			Paolo_Manghi	20.43							Xian																															no																										68.0	92.0																																								
ZhuF_2020	wHAXPI032661-41	wHAXPI032661-41	stool	no	control	Health	45.0		adult	female	CHN	no	IlluminaHiSeq		32235826	86691054	12997509989	36	150	ERR2855953			Paolo_Manghi	20.7							Xian																															no																										80.0	118.0																																								
ZhuF_2020	wHAXPI032662-42	wHAXPI032662-42	stool	no	control	Health	24.0		adult	male	CHN	no	IlluminaHiSeq		32235826	74263494	11134667493	33	150	ERR2855812			Paolo_Manghi	21.45							Xian																															no																										70.0	116.0																																								
ZhuF_2020	wHAXPI032663-45	wHAXPI032663-45	stool	no	control	Health	37.0		adult	female	CHN	no	IlluminaHiSeq		32235826	66130778	9915005857	35	150	ERR2855901			Paolo_Manghi	20.45							Xian																															no																										60.0	90.0																																								
ZhuF_2020	wHAXPI032696-31	wHAXPI032696-31	stool	no	control	Health	26.0		adult	male	CHN	no	IlluminaHiSeq		32235826	91499416	13719906747	31	150	ERR2855934			Paolo_Manghi	23.66							Xian																															yes	yes																									80.0	117.0																																								
ZhuF_2020	wHAXPI032697-24	wHAXPI032697-24	stool	no	schizofrenia	schizofrenia	22.0		adult	male	CHN	no	IlluminaHiSeq		32235826	103538316	15521896914	30	150	ERR2855892			Paolo_Manghi	20.37							Xian						first_episode_schizofrenia																									no																										75.0	103.0																																								
ZhuF_2020	wHAXPI032780-47	wHAXPI032780-47	stool	no	control	Health	37.0		adult	male	CHN	no	IlluminaHiSeq		32235826	94968120	14238548844	31	150	ERR2855870			Paolo_Manghi	28.07							Xian																															yes	yes																									80.0	120.0																																								
ZhuF_2020	wHAXPI032781-50	wHAXPI032781-50	stool	no	control	Health	37.0		adult	female	CHN	no	IlluminaHiSeq		32235826	101650098	15226613913	30	150	ERR2855851			Paolo_Manghi	25.39							Xian																															no																										72.0	100.0																																								
ZhuF_2020	wHAXPI032782-54	wHAXPI032782-54	stool	no	control	Health	33.0		adult	female	CHN	no	IlluminaHiSeq		32235826	101109440	15154849563	30	150	ERR2855856			Paolo_Manghi	23.44							Xian																															no																										75.0	124.0																																								
ZhuF_2020	wHAXPI032783-63	wHAXPI032783-63	stool	no	control	Health	28.0		adult	male	CHN	no	IlluminaHiSeq		32235826	82825592	12413700026	32	150	ERR2855907			Paolo_Manghi	22.86							Xian																															no																										80.0	120.0																																								
ZhuF_2020	wHAXPI032784-74	wHAXPI032784-74	stool	no	control	Health	40.0		adult	male	CHN	no	IlluminaHiSeq		32235826	94858206	14221286122	32	150	ERR2855786			Paolo_Manghi	25.86							Xian																															no																										80.0	120.0																																								
ZhuF_2020	wHAXPI032785-75	wHAXPI032785-75	stool	no	control	Health	50.0		adult	female	CHN	no	IlluminaHiSeq		32235826	78598416	11783645644	30	150	ERR2855803			Paolo_Manghi	20.24							Lintong																															no																										50.0	89.0																																								
ZhuF_2020	wHAXPI032786-80	wHAXPI032786-80	stool	no	control	Health	47.0		adult	female	CHN	no	IlluminaHiSeq		32235826	72381496	10850952014	30	150	ERR2855877			Paolo_Manghi	26.71							Lintong																															no																										64.0	102.0																																								
ZhuF_2020	wHAXPI032787-89	wHAXPI032787-89	stool	no	control	Health	58.0		adult	female	CHN	no	IlluminaHiSeq		32235826	72725384	10903883569	32	150	ERR2855844			Paolo_Manghi	25.07							Lintong																															no																										67.0	101.0																																								
ZhuF_2020	wHAXPI032788-111	wHAXPI032788-111	stool	no	control	Health	49.0		adult	female	CHN	no	IlluminaHiSeq		32235826	75868944	11374830113	31	150	ERR2855864			Paolo_Manghi	24.03							Lintong																															no																										70.0	125.0																																								
ZhuF_2020	wHAXPI032789-18	wHAXPI032789-18	stool	no	control	Health	59.0		adult	male	CHN	no	IlluminaHiSeq		32235826	92671554	13891145699	30	150	ERR2855794			Paolo_Manghi	24.28							Lintong																															yes	yes																									82.0	124.0																																								
ZhuF_2020	wHAXPI032790-19	wHAXPI032790-19	stool	no	control	Health	54.0		adult	male	CHN	no	IlluminaHiSeq		32235826	84600106	12681550787	30	150	ERR2855899			Paolo_Manghi	21.67							Lintong																															yes	yes																									75.0	128.0																																								
ZhuF_2020	wHAXPI032791-21	wHAXPI032791-21	stool	no	control	Health	49.0		adult	female	CHN	no	IlluminaHiSeq		32235826	86542376	12974749442	30	150	ERR2855880			Paolo_Manghi	21.72							Lintong																															no																										70.0	125.0																																								
ZhuF_2020	wHAXPI032792-22	wHAXPI032792-22	stool	no	control	Health	47.0		adult	male	CHN	no	IlluminaHiSeq		32235826	84262352	12632539208	30	150	ERR2855857			Paolo_Manghi	19.44							Lintong																															yes	yes																									68.0	120.0																																								
ZhuF_2020	wHAXPI032793-23	wHAXPI032793-23	stool	no	control	Health	64.0		adult	male	CHN	no	IlluminaHiSeq		32235826	71780760	10762314923	35	150	ERR2855826			Paolo_Manghi	22.77							Lintong																															yes	yes																									69.0	117.0																																								
ZhuF_2020	wHAXPI032794-24	wHAXPI032794-24	stool	no	control	Health	49.0		adult	male	CHN	no	IlluminaHiSeq		32235826	92123396	13811657709	31	150	ERR2855924			Paolo_Manghi	27.45							Lintong																															yes	yes																									83.0	120.0																																								
ZhuF_2020	wHAXPI032795-25	wHAXPI032795-25	stool	no	control	Health	60.0		adult	male	CHN	no	IlluminaHiSeq		32235826	73716296	11052055761	31	150	ERR2855814			Paolo_Manghi	24.75							Lintong																															yes	yes																									71.0	142.0																																								
ZhuF_2020	wHAXPI032796-26	wHAXPI032796-26	stool	no	control	Health	52.0		adult	male	CHN	no	IlluminaHiSeq		32235826	83159966	12468831739	31	150	ERR2855882			Paolo_Manghi	27.08							Lintong																															yes	yes																									87.0	157.0																																								
ZhuF_2020	wHAXPI032797-27	wHAXPI032797-27	stool	no	control	Health	59.0		adult	female	CHN	no	IlluminaHiSeq		32235826	89920904	13480108368	32	150	ERR2855858			Paolo_Manghi	22.03							Lintong																															no																										68.0	133.0																																								
ZhuF_2020	wHAXPI032798-28	wHAXPI032798-28	stool	no	control	Health	47.0		adult	female	CHN	no	IlluminaHiSeq		32235826	86230282	12929206656	33	150	ERR2855852			Paolo_Manghi	17.75							Lintong																															no																										48.0	127.0																																								
ZhuF_2020	wHAXPI032799-29	wHAXPI032799-29	stool	no	control	Health	55.0		adult	female	CHN	no	IlluminaHiSeq		32235826	81707758	12250930517	30	150	ERR2855863			Paolo_Manghi	17.85							Lintong																															no																										70.0	117.0																																								
ZhuF_2020	wHAXPI032800-31	wHAXPI032800-31	stool	no	control	Health	48.0		adult	male	CHN	no	IlluminaHiSeq		32235826	89075774	13355677460	34	150	ERR2855875			Paolo_Manghi	23.84							Lintong																															yes	yes																									83.0	120.0																																								
ZhuF_2020	wHAXPI032801-32	wHAXPI032801-32	stool	no	control	Health	50.0		adult	female	CHN	no	IlluminaHiSeq		32235826	81381390	12200716109	32	150	ERR2855926			Paolo_Manghi	22.43							Lintong																															no																										86.0	151.0																																								
ZhuF_2020	wHAXPI032802-34	wHAXPI032802-34	stool	no	control	Health	30.0		adult	female	CHN	no	IlluminaHiSeq		32235826	77466672	11614877071	32	150	ERR2855939			Paolo_Manghi	21.09							Lintong																															no																										74.0	107.0																																								
ZhuF_2020	wHAXPI032803-36	wHAXPI032803-36	stool	no	control	Health	36.0		adult	female	CHN	no	IlluminaHiSeq		32235826	73306604	10990025889	32	150	ERR2855789			Paolo_Manghi	19.31							Lintong																															yes	yes																									61.0	98.0																																								
ZhuF_2020	wHAXPI032808-45	wHAXPI032808-45	stool	no	schizofrenia	schizofrenia	26.0		adult	female	CHN	no	IlluminaHiSeq		32235826	80874286	12125189391	36	150	ERR2855836			Paolo_Manghi	18.26							Xian						repeated_episodes_shizofrenia																									no																										61.0	95.0																																								
ZhuF_2020	wHAXPI032809-47	wHAXPI032809-47	stool	no	schizofrenia	schizofrenia	35.0		adult	male	CHN	no	IlluminaHiSeq		32235826	83963146	12577975677	45	150	ERR2855843			Paolo_Manghi	28.34							Weinan						repeated_episodes_shizofrenia																									yes	yes																									80.0	110.0																																								
ZhuF_2020	wHAXPI032810-50	wHAXPI032810-50	stool	no	schizofrenia	schizofrenia	28.0		adult	male	CHN	no	IlluminaHiSeq		32235826	91806510	13757975675	30	150	ERR2855824			Paolo_Manghi	24.73							Weinan						repeated_episodes_shizofrenia																									no																										70.0	110.0																																								
ZhuF_2020	wHAXPI032811-54	wHAXPI032811-54	stool	no	schizofrenia	schizofrenia	27.0		adult	female	CHN	no	IlluminaHiSeq		32235826	76292720	11431201909	40	150	ERR2855788			Paolo_Manghi	14.68							Weinan						first_episode_schizofrenia																									no																										70.0	110.0																																								
ZhuF_2020	wHAXPI032812-63	wHAXPI032812-63	stool	no	schizofrenia	schizofrenia	25.0		adult	female	CHN	no	IlluminaHiSeq		32235826	79233648	11879366386	31	150	ERR2855954			Paolo_Manghi	18.03							Weinan						repeated_episodes_shizofrenia																									no																										70.0	110.0																																								
ZhuF_2020	wHAXPI032813-74	wHAXPI032813-74	stool	no	schizofrenia	schizofrenia	22.0		adult	male	CHN	no	IlluminaHiSeq		32235826	72343988	10844060385	30	150	ERR2855819			Paolo_Manghi	19.72							Xianyang						repeated_episodes_shizofrenia																									yes	yes																									74.0	118.0																																								
ZhuF_2020	wHAXPI032814-75	wHAXPI032814-75	stool	no	schizofrenia	schizofrenia	26.0		adult	male	CHN	no	IlluminaHiSeq		32235826	79906026	11980828960	31	150	ERR2855890			Paolo_Manghi	19.72							Xianyang						first_episode_schizofrenia																									yes	yes																									76.0	132.0																																								
ZhuF_2020	wHAXPI032815-80	wHAXPI032815-80	stool	no	schizofrenia	schizofrenia	27.0		adult	male	CHN	no	IlluminaHiSeq		32235826	81480614	12213100044	31	150	ERR2855859			Paolo_Manghi	18.72							Baoji						repeated_episodes_shizofrenia																									yes	yes																									80.0	160.0																																								
ZhuF_2020	wHAXPI032816-89	wHAXPI032816-89	stool	no	schizofrenia	schizofrenia	29.0		adult	female	CHN	no	IlluminaHiSeq		32235826	83856060	12570471447	31	150	ERR2855813			Paolo_Manghi	18.9							Baoji						first_episode_schizofrenia																									yes	yes																									65.0	105.0																																								
ZhuF_2020	wHAXPI032817-111	wHAXPI032817-111	stool	no	schizofrenia	schizofrenia	40.0		adult	female	CHN	no	IlluminaHiSeq		32235826	46152072	6916895755	31	150	ERR2855931			Paolo_Manghi	20.2							Baoji						first_episode_schizofrenia																									yes	yes																									70.0	110.0																																								
ZhuF_2020	wHAXPI033593-26	wHAXPI033593-26	stool	no	schizofrenia	schizofrenia	31.0		adult	male	CHN	no	IlluminaHiSeq		32235826	80348056	12042777842	30	150	ERR2855797			Paolo_Manghi	23.51							Xi_an						first_episode_schizofrenia																									no																										94.0	141.0																																								
ZhuF_2020	wHAXPI033594-31	wHAXPI033594-31	stool	no	schizofrenia	schizofrenia	27.0		adult	female	CHN	no	IlluminaHiSeq		32235826	78610492	11781878907	48	150	ERR2855911			Paolo_Manghi	22.66							Weinan						repeated_episodes_shizofrenia																									no																										80.0	110.0																																								
ZhuF_2020	wHAXPI033598-32	wHAXPI033598-32	stool	no	schizofrenia	schizofrenia	39.0		adult	female	CHN	no	IlluminaHiSeq		32235826	79506664	11916518257	34	150	ERR2855952			Paolo_Manghi	22.43							Xianyang						first_episode_schizofrenia																									no																										75.0	125.0																																								
ZhuF_2020	wHAXPI033601-28	wHAXPI033601-28	stool	no	schizofrenia	schizofrenia	21.0		adult	male	CHN	no	IlluminaHiSeq		32235826	78384790	11748153187	38	150	ERR2855831			Paolo_Manghi	20.05							Xian						first_episode_schizofrenia																									yes	yes																									63.0	106.0																																								
ZhuF_2020	wHAXPI033605-29	wHAXPI033605-29	stool	no	schizofrenia	schizofrenia	36.0		adult	female	CHN	no	IlluminaHiSeq		32235826	78768898	11804104111	40	150	ERR2855855			Paolo_Manghi	18.75							Baoji						first_episode_schizofrenia																									no																										70.0	100.0																																								
ZhuF_2020	wHAXPI033606-30	wHAXPI033606-30	stool	no	schizofrenia	schizofrenia	42.0		adult	male	CHN	no	IlluminaHiSeq		32235826	73063726	10949237232	58	150	ERR2855796			Paolo_Manghi	23.53							Weinan						repeated_episodes_shizofrenia																									no																										70.0	120.0																																								
ZhuF_2020	wHAXPI033632-52	wHAXPI033632-52	stool	no	schizofrenia	schizofrenia	33.0		adult	female	CHN	no	IlluminaHiSeq		32235826	60655772	9091378208	33	150	ERR2855917			Paolo_Manghi	22.95							Hanzhong						repeated_episodes_shizofrenia																									no																										79.0	120.0																																								
ZhuF_2020	wHAXPI033633-76	wHAXPI033633-76	stool	no	schizofrenia	schizofrenia	19.0		adult	female	CHN	no	IlluminaHiSeq		32235826	53037654	7948572372	56	150	ERR2855928			Paolo_Manghi	24.17							Hanzhong						repeated_episodes_shizofrenia																									no																										80.0	121.0																																								
ZhuF_2020	wHAXPI033634-77	wHAXPI033634-77	stool	no	schizofrenia	schizofrenia	28.0		adult	male	CHN	no	IlluminaHiSeq		32235826	61264666	9181882488	44	150	ERR2855915			Paolo_Manghi	21.8							Hanzhong						first_episode_schizofrenia																									no																										80.0	121.0																																								
ZhuF_2020	wHAXPI033635-78	wHAXPI033635-78	stool	no	control	Health	36.0		adult	female	CHN	no	IlluminaHiSeq		32235826	65049374	9749702585	50	150	ERR2855790			Paolo_Manghi	23.37							Hanzhong																															no																										80.0	120.0																																								
ZhuF_2020	wHAXPI033636-79	wHAXPI033636-79	stool	no	schizofrenia	schizofrenia	38.0		adult	male	CHN	no	IlluminaHiSeq		32235826	69134236	10361881232	50	150	ERR2855845			Paolo_Manghi	22.86							Hanzhong						repeated_episodes_shizofrenia																									yes	yes																									80.0	120.0																																								
ZhuF_2020	wHAXPI033788-13	wHAXPI033788-13	stool	no	control	Health	27.0		adult	female	CHN	no	IlluminaHiSeq		32235826	71669636	10744918975	32	150	ERR2855888			Paolo_Manghi	17.91							Xian																															no																										83.0	100.0																																								
ZhuF_2020	wHAXPI033789-15	wHAXPI033789-15	stool	no	control	Health	27.0		adult	female	CHN	no	IlluminaHiSeq		32235826	65682408	9847340291	43	150	ERR2855898			Paolo_Manghi	21.08							Xian																															no																										80.0	118.0																																								
ZhuF_2020	wHAXPI033790-16	wHAXPI033790-16	stool	no	schizofrenia	schizofrenia	30.0		adult	male	CHN	no	IlluminaHiSeq		32235826	78815868	11814988340	30	150	ERR2855910			Paolo_Manghi	22.49							Xian						first_episode_schizofrenia																									yes	yes																									82.0	112.0																																								
ZhuF_2020	wHAXPI033791-18	wHAXPI033791-18	stool	no	schizofrenia	schizofrenia	47.0		adult	male	CHN	no	IlluminaHiSeq		32235826	71269054	10684883838	43	150	ERR2855854			Paolo_Manghi	20.2							Xian						first_episode_schizofrenia																									yes	yes																									80.0	125.0																																								
ZhuF_2020	wHAXPI033794-21	wHAXPI033794-21	stool	no	schizofrenia	schizofrenia	29.0		adult	female	CHN	no	IlluminaHiSeq		32235826	62128384	9314932982	41	150	ERR2855820			Paolo_Manghi	13.67							Xian						first_episode_schizofrenia																									no																										61.0	95.0																																								
ZhuF_2020	wHAXPI033795-22	wHAXPI033795-22	stool	no	schizofrenia	schizofrenia	36.0		adult	female	CHN	no	IlluminaHiSeq		32235826	64200634	9625562805	56	150	ERR2855850			Paolo_Manghi	18.26							Xian						first_episode_schizofrenia																									yes	yes																									80.0	120.0																																								
ZhuF_2020	wHAXPI033796-23	wHAXPI033796-23	stool	no	schizofrenia	schizofrenia	28.0		adult	male	CHN	no	IlluminaHiSeq		32235826	103445510	15507588376	30	150	ERR2855947			Paolo_Manghi	19.26							Baoji						repeated_episodes_shizofrenia																									yes	yes																									80.0	120.0																																								
ZhuF_2020	wHAXPI033810-24	wHAXPI033810-24	stool	no	schizofrenia	schizofrenia	22.0		adult	male	CHN	no	IlluminaHiSeq		32235826	100769010	15105275123	30	150	ERR2855817			Paolo_Manghi	17.99							Weinan						repeated_episodes_shizofrenia																									yes	yes																									70.0	110.0																																								
ZhuF_2020	wHAXPI033811-25	wHAXPI033811-25	stool	no	schizofrenia	schizofrenia	21.0		adult	female	CHN	no	IlluminaHiSeq		32235826	89464008	13410720524	32	150	ERR2855791			Paolo_Manghi	18.97							Weinan						first_episode_schizofrenia																									no																										70.0	110.0																																								
ZhuF_2020	wHAXPI033812-26	wHAXPI033812-26	stool	no	schizofrenia	schizofrenia	30.0		adult	female	CHN	no	IlluminaHiSeq		32235826	82681042	12394060658	44	150	ERR2855841			Paolo_Manghi	14.87							Weinan						repeated_episodes_shizofrenia																									no																										70.0	110.0																																								
ZhuF_2020	wHAXPI033813-27	wHAXPI033813-27	stool	no	schizofrenia	schizofrenia	52.0		adult	female	CHN	no	IlluminaHiSeq		32235826	76855544	11520541901	35	150	ERR2855923			Paolo_Manghi	25.91							Xianyang						repeated_episodes_shizofrenia																									no																										99.0	172.0																																								
ZhuF_2020	wHAXPI033814-28	wHAXPI033814-28	stool	no	schizofrenia	schizofrenia	42.0		adult	male	CHN	no	IlluminaHiSeq		32235826	74103554	11108539556	56	150	ERR2855810			Paolo_Manghi	17.56							Xianyang						repeated_episodes_shizofrenia																									no																										74.0	114.0																																								
ZhuF_2020	wHAXPI033815-29	wHAXPI033815-29	stool	no	schizofrenia	schizofrenia	19.0		adult	male	CHN	no	IlluminaHiSeq		32235826	74253554	11131587735	33	150	ERR2855809			Paolo_Manghi	17.99							Xian						first_episode_schizofrenia																									yes	yes																									82.0	130.0																																								
ZhuF_2020	wHAXPI033816-30	wHAXPI033816-30	stool	no	schizofrenia	schizofrenia	19.0		adult	female	CHN	no	IlluminaHiSeq		32235826	68325886	10242761291	30	150	ERR2855922			Paolo_Manghi	23.92							Xian						first_episode_schizofrenia																									no																										81.0	102.0																																								
ZhuF_2020	wHAXPI033817-31	wHAXPI033817-31	stool	no	schizofrenia	schizofrenia	24.0		adult	male	CHN	no	IlluminaHiSeq		32235826	74025486	11097858004	50	150	ERR2855884			Paolo_Manghi	24.21							Xian						repeated_episodes_shizofrenia																									no																										82.0	135.0																																								
ZhuF_2020	wHAXPI033819-34	wHAXPI033819-34	stool	no	schizofrenia	schizofrenia	39.0		adult	male	CHN	no	IlluminaHiSeq		32235826	70643584	10589717616	30	150	ERR2855828			Paolo_Manghi	19.03							Hanzhong						repeated_episodes_shizofrenia																									yes	yes																									77.0	120.0																																								
ZhuF_2020	wHAXPI033820-35	wHAXPI033820-35	stool	no	control	Health	32.0		adult	male	CHN	no	IlluminaHiSeq		32235826	49445298	7407634585	32	150	ERR2855945			Paolo_Manghi	22.39							Hanzhong						repeated_episodes_shizofrenia																									no																										88.0	125.0																																								
ZhuF_2020	wHAXPI033821-36	wHAXPI033821-36	stool	no	control	Health	28.0		adult	female	CHN	no	IlluminaHiSeq		32235826	42890188	6425525913	42	150	ERR2855904			Paolo_Manghi	19.53							Hanzhong						repeated_episodes_shizofrenia																									no																										80.0	120.0																																								
ZhuF_2020	wHAXPI033822-39	wHAXPI033822-39	stool	no	control	Health	28.0		adult	male	CHN	no	IlluminaHiSeq		32235826	53606614	8030805045	63	150	ERR2855816			Paolo_Manghi	23.67							Hanzhong						repeated_episodes_shizofrenia																									no																										75.0	120.0																																								
ZhuF_2020	wHAXPI033823-40	wHAXPI033823-40	stool	no	control	Health	31.0		adult	female	CHN	no	IlluminaHiSeq		32235826	49703298	7446091355	36	150	ERR2855838			Paolo_Manghi	24.39							Hanzhong						repeated_episodes_shizofrenia																									no																										60.0	100.0																																								
ZhuF_2020	wHAXPI033826-45	wHAXPI033826-45	stool	no	schizofrenia	schizofrenia	42.0		adult	female	CHN	no	IlluminaHiSeq		32235826	48178488	7216798166	46	150	ERR2855815			Paolo_Manghi	23.44							Hanzhong						repeated_episodes_shizofrenia																									no																										77.0	121.0																																								
ZhuF_2020	wHAXPI033827-47	wHAXPI033827-47	stool	no	schizofrenia	schizofrenia	28.0		adult	female	CHN	no	IlluminaHiSeq		32235826	82106434	12303373056	58	150	ERR2855834			Paolo_Manghi	18.13							Xian						first_episode_schizofrenia																									no																										57.0	87.0																																								
ZhuF_2020	wHAXPI033828-50	wHAXPI033828-50	stool	no	schizofrenia	schizofrenia	23.0		adult	male	CHN	no	IlluminaHiSeq		32235826	71821698	10764764319	39	150	ERR2855833			Paolo_Manghi	22.65							Xian						first_episode_schizofrenia																									no																										77.0	137.0																																								
ZhuF_2020	wHAXPI033829-54	wHAXPI033829-54	stool	no	schizofrenia	schizofrenia	21.0		adult	male	CHN	no	IlluminaHiSeq		32235826	75098726	11255297879	31	150	ERR2855937			Paolo_Manghi	19.53							Xian						first_episode_schizofrenia																									no																										74.0	98.0																																								
ZhuF_2020	wHAXPI033830-58	wHAXPI033830-58	stool	no	schizofrenia	schizofrenia	28.0		adult	male	CHN	no	IlluminaHiSeq		32235826	79965914	11985918996	34	150	ERR2855925			Paolo_Manghi	23.39							Xian						repeated_episodes_shizofrenia																									yes	yes																									80.0	120.0																																								
ZhuF_2020	wHAXPI033831-59	wHAXPI033831-59	stool	no	schizofrenia	schizofrenia	26.0		adult	male	CHN	no	IlluminaHiSeq		32235826	51584918	7731706921	42	150	ERR2855874			Paolo_Manghi	21.34							Xian						repeated_episodes_shizofrenia																									yes	yes																									80.0	120.0																																								
ZhuF_2020	wHAXPI033832-61	wHAXPI033832-61	stool	no	control	Health	31.0		adult	male	CHN	no	IlluminaHiSeq		32235826	86678482	12992355845	30	150	ERR2855868			Paolo_Manghi	23.53							Xian																															no																										79.0	120.0																																								
ZhuF_2020	wHAXPI033833-63	wHAXPI033833-63	stool	no	control	Health	26.0		adult	male	CHN	no	IlluminaHiSeq		32235826	92793624	13908545315	53	150	ERR2855951			Paolo_Manghi	24.0							Xian																															no																										80.0	131.0																																								
ZhuF_2020	wHAXPI034447-36	wHAXPI034447-36	stool	no	control	Health	25.0		adult	female	CHN	no	IlluminaHiSeq		32235826	54033198	8091353449	52	150	ERR2855825			Paolo_Manghi	20.89							Xian																															no																										80.0	120.0																																								
ZhuF_2020	wHAXPI034448-37	wHAXPI034448-37	stool	no	control	Health	27.0		adult	female	CHN	no	IlluminaHiSeq		32235826	51498426	7711694557	48	150	ERR2855873			Paolo_Manghi	19.2							Xian																															no																										80.0	112.0																																								
ZhuF_2020	wHAXPI034449-39	wHAXPI034449-39	stool	no	control	Health	42.0		adult	female	CHN	no	IlluminaHiSeq		32235826	58421612	8749281735	48	150	ERR2855932			Paolo_Manghi	20.2							Xian																															no																										80.0	116.0																																								
ZhuF_2020	wHAXPI034450-40	wHAXPI034450-40	stool	no	control	Health	24.0		adult	male	CHN	no	IlluminaHiSeq		32235826	55120694	8255914021	30	150	ERR2855942			Paolo_Manghi	20.72							Xian																															no																										80.0	120.0																																								
ZhuF_2020	wHAXPI034451-47	wHAXPI034451-47	stool	no	control	Health	22.0		adult	male	CHN	no	IlluminaHiSeq		32235826	71518692	10723589469	32	150	ERR2855837			Paolo_Manghi	18.04							Xian																															no																										80.0	120.0																																								
ZhuF_2020	wHAXPI034452-50	wHAXPI034452-50	stool	no	control	Health	24.0		adult	male	CHN	no	IlluminaHiSeq		32235826	71426812	10710621059	35	150	ERR2855913			Paolo_Manghi	19.53							Xian																															no																										80.0	120.0																																								
ZhuF_2020	wHAXPI034453-52	wHAXPI034453-52	stool	no	control	Health	23.0		adult	female	CHN	no	IlluminaHiSeq		32235826	72322372	10844677115	35	150	ERR2855887			Paolo_Manghi	19.72							Xian																															no																										76.0	119.0																																								
ZhuF_2020	wHAXPI034454-53	wHAXPI034454-53	stool	no	control	Health	22.0		adult	male	CHN	no	IlluminaHiSeq		32235826	81808600	12267483126	63	150	ERR2855897			Paolo_Manghi	21.22							Xian																															no																										80.0	118.0																																								
ZhuF_2020	wHAXPI034455-54	wHAXPI034455-54	stool	no	control	Health	23.0		adult	male	CHN	no	IlluminaHiSeq		32235826	81188606	12174639086	49	150	ERR2855889			Paolo_Manghi	22.6							Xian																															yes	yes																									80.0	116.0																																								
ZhuF_2020	wHAXPI034456-57	wHAXPI034456-57	stool	no	schizofrenia	schizofrenia	29.0		adult	female	CHN	no	IlluminaHiSeq		32235826	64601552	9687562854	32	150	ERR2855818			Paolo_Manghi	18.9							Xian						first_episode_schizofrenia																									no																										89.0	117.0																																								
ZhuF_2020	wHAXPI034457-58	wHAXPI034457-58	stool	no	schizofrenia	schizofrenia	20.0		adult	female	CHN	no	IlluminaHiSeq		32235826	90711950	13601821168	41	150	ERR2855894			Paolo_Manghi	18.67							Xian						first_episode_schizofrenia																									no																										70.0	120.0																																								
ZhuF_2020	wHAXPI034458-59	wHAXPI034458-59	stool	no	schizofrenia	schizofrenia	30.0		adult	female	CHN	no	IlluminaHiSeq		32235826	58485804	8761404276	57	150	ERR2855799			Paolo_Manghi	24.14							Xian						repeated_episodes_shizofrenia																									no																										83.0	122.0																																								
ZhuF_2020	wHAXPI034459-60	wHAXPI034459-60	stool	no	control	Health	22.0		adult	male	CHN	no	IlluminaHiSeq		32235826	73048330	10953770908	53	150	ERR2855802			Paolo_Manghi	22.22							Xian																															no																										80.0	110.0																																								
ZhuF_2020	wHAXPI034460-61	wHAXPI034460-61	stool	no	control	Health	22.0		adult	male	CHN	no	IlluminaHiSeq		32235826	100823752	15118288200	34	150	ERR2855905			Paolo_Manghi	18.31							Xian																															no																										82.0	121.0																																								
ZhuF_2020	wHAXPI034461-62	wHAXPI034461-62	stool	no	control	Health	23.0		adult	male	CHN	no	IlluminaHiSeq		32235826	101176560	15171301632	38	150	ERR2855891			Paolo_Manghi	21.8							Xian																															yes	yes																									80.0	120.0																																								
ZhuF_2020	wHAXPI034462-63	wHAXPI034462-63	stool	no	control	Health	21.0		adult	male	CHN	no	IlluminaHiSeq		32235826	68578482	10274125800	47	150	ERR2855871			Paolo_Manghi	17.72							Xian																															no	no																									79.0	120.0																																								
ZhuF_2020	wHAXPI034463-68	wHAXPI034463-68	stool	no	control	Health	21.0		adult	male	CHN	no	IlluminaHiSeq		32235826	52099644	7805606981	51	150	ERR2855832			Paolo_Manghi	22.49							Xian																															yes	yes																									82.0	119.0																																								
ZhuF_2020	wHAXPI034464-70	wHAXPI034464-70	stool	no	control	Health	20.0		adult	male	CHN	no	IlluminaHiSeq		32235826	59637094	8934882166	39	150	ERR2855867			Paolo_Manghi	28.39							Xian																															yes	yes																									81.0	124.0																																								
ZhuF_2020	wHAXPI034467-73	wHAXPI034467-73	stool	no	control	Health	25.0		adult	female	CHN	no	IlluminaHiSeq		32235826	39294906	5884026715	66	150	ERR2855798			Paolo_Manghi	20.31							Xian																															no																										80.0	120.0																																								
ZhuF_2020	wHAXPI034468-74	wHAXPI034468-74	stool	no	control	Health	22.0		adult	female	CHN	no	IlluminaHiSeq		32235826	93168664	13969567673	31	150	ERR2855787			Paolo_Manghi	18.34							Xian																															no																										80.0	120.0																																								
ZhuF_2020	wHAXPI034918-16	wHAXPI034918-16	stool	no	control	Health	24.0		adult	female	CHN	no	IlluminaHiSeq		32235826	69291720	10389617099	56	150	ERR2855886			Paolo_Manghi	19.63							Xian																															no																										80.0	116.0																																								
ZhuF_2020	wHAXPI034919-17	wHAXPI034919-17	stool	no	control	Health	21.0		adult	male	CHN	no	IlluminaHiSeq		32235826	81578056	12231751223	47	150	ERR2855955			Paolo_Manghi	19.75							Xian																															no																										85.0	110.0																																								
ZhuF_2020	wHAXPI034920-8	wHAXPI034920-8	stool	no	control	Health	21.0		adult	male	CHN	no	IlluminaHiSeq		32235826	77771106	11660366088	34	150	ERR2855943			Paolo_Manghi	17.99							Xian																															yes	yes																									80.0	123.0																																								
ZhuF_2020	wHAXPI034921-9	wHAXPI034921-9	stool	no	control	Health	23.0		adult	male	CHN	no	IlluminaHiSeq		32235826	72638656	10891237862	58	150	ERR2855829			Paolo_Manghi	23.1							Xian																															no																										70.0	120.0																																								
ZhuF_2020	wHAXPI034922-11	wHAXPI034922-11	stool	no	control	Health	21.0		adult	male	CHN	no	IlluminaHiSeq		32235826	88897676	13329374851	38	150	ERR2855821			Paolo_Manghi	23.15							Xian																															yes	yes																									80.0	120.0																																								
ZhuF_2020	wHAXPI034923-12	wHAXPI034923-12	stool	no	control	Health	22.0		adult	male	CHN	no	IlluminaHiSeq		32235826	100560086	15076908237	37	150	ERR2855948			Paolo_Manghi	21.13							Xian																															no																										82.0	110.0																																								
ZhuF_2020	wHAXPI034924-13	wHAXPI034924-13	stool	no	schizofrenia	schizofrenia	32.0		adult	male	CHN	no	IlluminaHiSeq		32235826	99259640	14881649835	38	150	ERR2855900			Paolo_Manghi	21.45							Xian						first_episode_schizofrenia																									no																										61.0	100.0																																								
ZhuF_2020	wHAXPI034925-14	wHAXPI034925-14	stool	no	schizofrenia	schizofrenia	21.0		adult	female	CHN	no	IlluminaHiSeq		32235826	91143552	13666550179	35	150	ERR2855808			Paolo_Manghi	18.03							Xian						repeated_episodes_shizofrenia																									no																										79.0	110.0																																								
ZhuF_2020	wHAXPI034926-15	wHAXPI034926-15	stool	no	control	Health	22.0		adult	male	CHN	no	IlluminaHiSeq		32235826	83810834	12566576736	35	150	ERR2855903			Paolo_Manghi	19.88							Xian																															no																										70.0	112.0																																								
ZhuF_2020	wHAXPI037144-8	wHAXPI037144-8	stool	no	schizofrenia	schizofrenia	19.0		adult	female	CHN	no	IlluminaHiSeq		32235826	67584696	10128927278	34	150	ERR2855930			Paolo_Manghi	19.83							Xian						first_episode_schizofrenia																									no																										74.0	107.0																																								
ZhuF_2020	wHAXPI037146-11	wHAXPI037146-11	stool	no	schizofrenia	schizofrenia	20.0		adult	female	CHN	no	IlluminaHiSeq		32235826	75533144	11320746849	41	150	ERR2855956			Paolo_Manghi	23.31							Xian						first_episode_schizofrenia																									no																										80.0	120.0																																								
ZhuF_2020	wHAXPI043592-8	wHAXPI043592-8	stool	no	schizofrenia	schizofrenia	37.0		adult	female	CHN	no	IlluminaHiSeq		32235826	83392430	12488378894	50	150	ERR2855793			Paolo_Manghi	19.92							Hanzhong						repeated_episodes_shizofrenia																									no																										81.0	120.0																																								
ZhuF_2020	wHAXPI043593-9	wHAXPI043593-9	stool	no	schizofrenia	schizofrenia	40.0		adult	male	CHN	no	IlluminaHiSeq		32235826	87101320	13039616541	32	150	ERR2855883			Paolo_Manghi	16.73							Xianyang						repeated_episodes_shizofrenia																									yes	yes																									78.0	117.0																																								
ZhuF_2020	wHAXPI043594-11	wHAXPI043594-11	stool	no	schizofrenia	schizofrenia	25.0		adult	male	CHN	no	IlluminaHiSeq		32235826	80379944	12035829481	63	150	ERR2855800			Paolo_Manghi	21.13							Xianyang						repeated_episodes_shizofrenia																									yes	yes																									83.0	125.0																																								
ZhuF_2020	wHAXPI047830-11	wHAXPI047830-11	stool	no	schizofrenia	schizofrenia	39.0		adult	female	CHN	no	IlluminaHiSeq		32235826	61177068	9160452772	61	150	ERR2855869			Paolo_Manghi	19.05							Hanzhong						repeated_episodes_shizofrenia																									no																										80.0	120.0																																								
ZhuF_2020	wHAXPI048670-90	wHAXPI048670-90	stool	no	schizofrenia	schizofrenia	38.0		adult	female	CHN	no	IlluminaHiSeq		32235826	55716998	8348228397	62	150	ERR2855830			Paolo_Manghi	20.43							Hanzhong						repeated_episodes_shizofrenia																									no																										80.0	120.0																																								
