study_name	sample_id	subject_id	body_site	antibiotics_current_use	study_condition	disease	age	infant_age	age_category	gender	country	non_westernized	sequencing_platform	DNA_extraction_kit	PMID	number_reads	number_bases	minimum_read_length	median_read_length	NCBI_accession	pregnant	lactating	curator	BMI	family	days_from_first_collection	family_role	born_method	feeding_practice	travel_destination	location	visit_number	premature	birth_weight	gestational_age	antibiotics_family	disease_subtype	days_after_onset	creatine	albumine	hscrp	ESR	treatment	ast	alt	globulin	urea_nitrogen	BASDAI	BASFI	alcohol	flg_genotype	population	menopausal_status	lifestyle	body_subsite	diet	tnm	triglycerides	hdl	ldl	hba1c	smoker	ever_smoker	dental_sample_type	history_of_periodontitis	PPD_M	PPD_B	PPD_D	PPD_L	fobt	disease_stage	disease_location	calprotectin	HBI	SCCAI	uncurated_metadata	mumps	cholesterol	c_peptide	glucose	creatinine	bilubirin	prothrombin_time	wbc	rbc	hemoglobinometry	remission	dyastolic_p	systolic_p	insulin_cat	adiponectin	glp_1	cd163	il_1	leptin	fgf_19	glutamate_decarboxylase_2_antibody	HLA	autoantibody_positive	age_seroconversion	age_T1D_diagnosis	hitchip_probe_class	fasting_insulin	fasting_glucose	protein_intake	stec_count	shigatoxin_2_elisa	stool_texture	anti_PD_1	mgs_richness	ferm_milk_prod_consumer	inr	ctp	birth_control_pil	c_section_type	ajcc	hla_drb12	hla_dqa12	hla_dqa11	hla_drb11	birth_order	age_twins_started_to_live_apart	zigosity	brinkman_index	alcohol_numeric	breastfeeding_duration	formula_first_day	ALT	eGFR
HanniganGD_2017	MG100208	HanniganGD_2017_A29	stool	no	adenoma	adenoma	45.0		adult	female	CAN	no	IlluminaHiSeq	MoBio	30459201	6133350	763336051	75	126	SRR5665080			Paolo_Manghi	31.62627648							Toronto																																							no																																																											
HanniganGD_2017	MG100207	HanniganGD_2017_A28	stool	no	adenoma	adenoma	50.0		adult	male	CAN	no	IlluminaHiSeq	MoBio	30459201	9320348	1161633690	75	126	SRR5665075			Paolo_Manghi	31.67346939							Toronto																																							no																																																											
HanniganGD_2017	MG100206	HanniganGD_2017_A27	stool	no	adenoma	adenoma	68.0		adult	male	CAN	no	IlluminaHiSeq	MoBio	30459201	6342570	787897159	75	126	SRR5665074			Paolo_Manghi	25.21625331							Toronto																																							no																																																											
HanniganGD_2017	MG100205	HanniganGD_2017_A26	stool	no	adenoma	adenoma	80.0		adult	female	CAN	no	IlluminaHiSeq	MoBio	30459201	12551662	1562374319	75	126	SRR5665073			Paolo_Manghi	28.71972318							Toronto																																							no																																																											
HanniganGD_2017	MG100204	HanniganGD_2017_A25	stool	no	adenoma	adenoma	63.0		adult	female	CAN	no	IlluminaHiSeq	MoBio	30459201	15176232	1883682219	75	126	SRR5665072			Paolo_Manghi	27.33564014							Toronto																																							no																																																											
HanniganGD_2017	MG100203	HanniganGD_2017_A24	stool	no	adenoma	adenoma	67.0		adult	female	CAN	no	IlluminaHiSeq	MoBio	30459201	8180768	1017721164	75	126	SRR5665079			Paolo_Manghi	25.5588462							Toronto																																							no																																																											
HanniganGD_2017	MG100202	HanniganGD_2017_A23	stool	no	adenoma	adenoma	64.0		adult	male	CAN	no	IlluminaHiSeq	MoBio	30459201	5502292	682604286	75	126	SRR5665078			Paolo_Manghi	25.05736022							Toronto																																							no																																																											
HanniganGD_2017	MG100201	HanniganGD_2017_A22	stool	no	adenoma	adenoma	68.0		adult	female	CAN	no	IlluminaHiSeq	MoBio	30459201	7447616	925042865	75	126	SRR5665077			Paolo_Manghi	31.58861341							Toronto																																							no																																																											
HanniganGD_2017	MG100200	HanniganGD_2017_A21	stool	no	adenoma	adenoma	50.0		adult	female	CAN	no	IlluminaHiSeq	MoBio	30459201	2673274	331955334	75	125	SRR5665076			Paolo_Manghi	23.828125							Toronto																																							no																																																											
HanniganGD_2017	MG100199	HanniganGD_2017_A20	stool	no	adenoma	adenoma	47.0		adult	female	USA	no	IlluminaHiSeq	MoBio	30459201	4172300	520248981	75	126	SRR5665134			Paolo_Manghi	24.22145329							AnnArbor																																							no																																																											
HanniganGD_2017	MG100198	HanniganGD_2017_A19	stool	no	adenoma	adenoma	61.0		adult	female	CAN	no	IlluminaHiSeq	MoBio	30459201	4192976	523220008	75	126	SRR5665135			Paolo_Manghi	21.33821064							Toronto																																							no																																																											
HanniganGD_2017	MG100196	HanniganGD_2017_A17	stool	no	adenoma	adenoma	53.0		adult	male	CAN	no	IlluminaHiSeq	MoBio	30459201	3756000	468458028	75	126	SRR5665139			Paolo_Manghi	28.73467206							Toronto																																							no																																																											
HanniganGD_2017	MG100195	HanniganGD_2017_A16	stool	no	adenoma	adenoma	47.0		adult	male	CAN	no	IlluminaHiSeq	MoBio	30459201	5210030	649073139	75	126	SRR5665136			Paolo_Manghi	27.82931354							Toronto																																							yes																																																											
HanniganGD_2017	MG100194	HanniganGD_2017_A15	stool	no	adenoma	adenoma	64.0		adult	male	CAN	no	IlluminaHiSeq	MoBio	30459201	4399222	547643145	75	126	SRR5665137			Paolo_Manghi	27.76979795							Toronto																																							no																																																											
HanniganGD_2017	MG100193	HanniganGD_2017_A14	stool	no	adenoma	adenoma	72.0		adult	female	CAN	no	IlluminaHiSeq	MoBio	30459201	3985802	496849984	75	126	SRR5665142			Paolo_Manghi	21.1552942							Toronto																																							no																																																											
HanniganGD_2017	MG100192	HanniganGD_2017_A13	stool	no	adenoma	adenoma	62.0		adult	male	CAN	no	IlluminaHiSeq	MoBio	30459201	4364706	543771467	75	126	SRR5665143			Paolo_Manghi	28.40909091							Toronto																																							no																																																											
HanniganGD_2017	MG100191	HanniganGD_2017_A12	stool	no	adenoma	adenoma	82.0		adult	male	CAN	no	IlluminaHiSeq	MoBio	30459201	4139714	516167997	75	126	SRR5665140			Paolo_Manghi	35.79604579							Toronto																																							no																																																											
HanniganGD_2017	MG100190	HanniganGD_2017_A11	stool	no	adenoma	adenoma	65.0		adult	female	CAN	no	IlluminaHiSeq	MoBio	30459201	2645556	330262785	75	126	SRR5665141			Paolo_Manghi	20.82093992							Toronto																																							yes																																																											
HanniganGD_2017	MG100189	HanniganGD_2017_A10	stool	no	adenoma	adenoma	37.0		adult	male	CAN	no	IlluminaHiSeq	MoBio	30459201	2704534	336788760	75	126	SRR5665115			Paolo_Manghi	24.38271605							Toronto																																							no																																																											
HanniganGD_2017	MG100188	HanniganGD_2017_A09	stool	no	adenoma	adenoma	73.0		adult	male	CAN	no	IlluminaHiSeq	MoBio	30459201	2025988	252696214	75	126	SRR5665114			Paolo_Manghi	25.60553633							Toronto																																							yes																																																											
HanniganGD_2017	MG100187	HanniganGD_2017_A07	stool	no	adenoma	adenoma	71.0		adult	male	CAN	no	IlluminaHiSeq	MoBio	30459201	52356	6483099	75	126	SRR5665117			Paolo_Manghi	29.06574394							Toronto																																							no																																																											
HanniganGD_2017	MG100186	HanniganGD_2017_A06	stool	no	adenoma	adenoma	58.0		adult	male	USA	no	IlluminaHiSeq	MoBio	30459201	2460376	306706766	75	126	SRR5665116			Paolo_Manghi	39.50617284							AnnArbor																																							yes																																																											
HanniganGD_2017	MG100185	HanniganGD_2017_A05	stool	no	adenoma	adenoma	63.0		adult	male	CAN	no	IlluminaHiSeq	MoBio	30459201	2668328	331095421	75	126	SRR5665119			Paolo_Manghi	32.41003709							Toronto																																							no																																																											
HanniganGD_2017	MG100184	HanniganGD_2017_A04	stool	no	adenoma	adenoma	64.0		adult	male	USA	no	IlluminaHiSeq	MoBio	30459201	5033926	627883959	75	126	SRR5665118			Paolo_Manghi	21.60493827							AnnArbor																																							no																																																											
HanniganGD_2017	MG100182	HanniganGD_2017_A02	stool	no	adenoma	adenoma	61.0		adult	female	USA	no	IlluminaHiSeq	MoBio	30459201	12140204	1510153677	75	126	SRR5665120			Paolo_Manghi	26.12244898							AnnArbor																																							no																																																											
HanniganGD_2017	MG100181	HanniganGD_2017_A01	stool	no	adenoma	adenoma	76.0		adult	male	CAN	no	IlluminaHiSeq	MoBio	30459201	10102332	1253480545	75	126	SRR5665123			Paolo_Manghi	22.98190175							Toronto																																							no																																																											
HanniganGD_2017	MG100180	HanniganGD_2017_H30	stool	no	control	Health	63.0		adult	female	USA	no	IlluminaHiSeq	MoBio	30459201	21182166	2636134209	75	126	SRR5665122			Paolo_Manghi	32.8125							Boston																																							no																																																											
HanniganGD_2017	MG100179	HanniganGD_2017_H29	stool	no	control	Health	51.0		adult	female	USA	no	IlluminaHiSeq	MoBio	30459201	10855718	1349678317	75	126	SRR5665186			Paolo_Manghi	29.7210791							Boston																																							no																																																											
HanniganGD_2017	MG100178	HanniganGD_2017_H28	stool	no	control	Health	46.0		adult	female	USA	no	IlluminaHiSeq	MoBio	30459201	18102008	2256749848	75	126	SRR5665187			Paolo_Manghi	21.33821064							Boston																																							no																																																											
HanniganGD_2017	MG100177	HanniganGD_2017_H26	stool	no	control	Health	49.0		adult	male	USA	no	IlluminaHiSeq	MoBio	30459201	4072828	506367839	75	126	SRR5665178			Paolo_Manghi	24.93074792							Houston																																							no																																																											
HanniganGD_2017	MG100176	HanniganGD_2017_H25	stool	no	control	Health	42.0		adult	male	USA	no	IlluminaHiSeq	MoBio	30459201	5679008	705484441	75	126	SRR5665179			Paolo_Manghi	27.71768524							Houston																																							no																																																											
HanniganGD_2017	MG100175	HanniganGD_2017_H24	stool	no	control	Health	51.0		adult	male	USA	no	IlluminaHiSeq	MoBio	30459201	11241278	1399435776	75	126	SRR5665180			Paolo_Manghi	21.10726644							Houston																																							no																																																											
HanniganGD_2017	MG100174	HanniganGD_2017_H23	stool	no	control	Health	56.0		adult	female	USA	no	IlluminaHiSeq	MoBio	30459201	7801592	971871839	75	126	SRR5665181			Paolo_Manghi	21.1552942							Houston																																							no																																																											
HanniganGD_2017	MG100173	HanniganGD_2017_H22	stool	no	control	Health	58.0		adult	male	USA	no	IlluminaHiSeq	MoBio	30459201	11886888	1475010313	75	126	SRR5665182			Paolo_Manghi	29.04657027							Houston																																							no																																																											
HanniganGD_2017	MG100172	HanniganGD_2017_H21	stool	no	control	Health	61.0		adult	male	USA	no	IlluminaHiSeq	MoBio	30459201	5352832	667010718	75	126	SRR5665183			Paolo_Manghi	24.81632653							Houston																																							no																																																											
HanniganGD_2017	MG100171	HanniganGD_2017_H20	stool	no	control	Health	75.0		adult	female	USA	no	IlluminaHiSeq	MoBio	30459201	9336134	1162883767	75	126	SRR5665184			Paolo_Manghi	23.52941176							AnnArbor																																							no																																																											
HanniganGD_2017	MG100170	HanniganGD_2017_H19	stool	no	control	Health	54.0		adult	female	USA	no	IlluminaHiSeq	MoBio	30459201	5920646	736381301	75	126	SRR5665185			Paolo_Manghi	33.56401384							AnnArbor																																							no																																																											
HanniganGD_2017	MG100169	HanniganGD_2017_H17	stool	no	control	Health	65.0		adult	male	USA	no	IlluminaHiSeq	MoBio	30459201	3029258	377191200	75	126	SRR5665156			Paolo_Manghi	33.05785124							AnnArbor																																							no																																																											
HanniganGD_2017	MG100168	HanniganGD_2017_H16	stool	no	control	Health	57.0		adult	female	USA	no	IlluminaHiSeq	MoBio	30459201	7524086	935525057	75	126	SRR5665155			Paolo_Manghi	23.80540166							Houston																																							no																																																											
HanniganGD_2017	MG100167	HanniganGD_2017_H15	stool	no	control	Health	51.0		adult	female	USA	no	IlluminaHiSeq	MoBio	30459201	6041774	752036731	75	126	SRR5665164			Paolo_Manghi	21.33821064							AnnArbor																																							no																																																											
HanniganGD_2017	MG100166	HanniganGD_2017_H14	stool	no	control	Health	61.0		adult	female	USA	no	IlluminaHiSeq	MoBio	30459201	8698664	1082359356	75	126	SRR5665163			Paolo_Manghi	20.74755019							Boston																																							no																																																											
HanniganGD_2017	MG100165	HanniganGD_2017_H13	stool	no	control	Health	45.0		adult	female	USA	no	IlluminaHiSeq	MoBio	30459201	11712932	1460009052	75	126	SRR5665162			Paolo_Manghi	33.15043439							AnnArbor																																							no																																																											
HanniganGD_2017	MG100164	HanniganGD_2017_H12	stool	no	control	Health	51.0		adult	female	USA	no	IlluminaHiSeq	MoBio	30459201	2521950	314344000	75	126	SRR5665161			Paolo_Manghi	30.42184965							AnnArbor																																							no																																																											
HanniganGD_2017	MG100163	HanniganGD_2017_H11	stool	no	control	Health	55.0		adult	female	USA	no	IlluminaHiSeq	MoBio	30459201	330750	41203287	75	126	SRR5665160			Paolo_Manghi	37.78272346							Houston																																							no																																																											
HanniganGD_2017	MG100162	HanniganGD_2017_H10	stool	no	control	Health	51.0		adult	male	USA	no	IlluminaHiSeq	MoBio	30459201	2294514	285954703	75	126	SRR5665159			Paolo_Manghi	25.0995016							Houston																																							no																																																											
HanniganGD_2017	MG100161	HanniganGD_2017_H09	stool	no	control	Health	35.0		adult	female	USA	no	IlluminaHiSeq	MoBio	30459201	5793618	719074030	75	126	SRR5665158			Paolo_Manghi	35.49786654							Houston																																							no																																																											
HanniganGD_2017	MG100160	HanniganGD_2017_H08	stool	no	control	Health	65.0		adult	male	CAN	no	IlluminaHiSeq	MoBio	30459201	2959348	368712290	75	126	SRR5665157			Paolo_Manghi	26.56683975							Toronto																																							no																																																											
HanniganGD_2017	MG100159	HanniganGD_2017_H07	stool	no	control	Health	52.0		adult	male	USA	no	IlluminaHiSeq	MoBio	30459201	9031080	1122607451	75	126	SRR5665049			Paolo_Manghi	24.76756592							Houston																																							no																																																											
HanniganGD_2017	MG100158	HanniganGD_2017_H06	stool	no	control	Health	75.0		adult	male	USA	no	IlluminaHiSeq	MoBio	30459201	7233984	899865279	75	126	SRR5665050			Paolo_Manghi	25.25951557							Houston																																							no																																																											
HanniganGD_2017	MG100157	HanniganGD_2017_H05	stool	no	control	Health	52.0		adult	female	USA	no	IlluminaHiSeq	MoBio	30459201	6078718	756831578	75	126	SRR5665047			Paolo_Manghi	20.56932966							Houston																																							no																																																											
HanniganGD_2017	MG100156	HanniganGD_2017_H04	stool	no	control	Health	44.0		adult	female	USA	no	IlluminaHiSeq	MoBio	30459201	5064770	629428694	75	126	SRR5665048			Paolo_Manghi	25.96952909							Houston																																							no																																																											
HanniganGD_2017	MG100155	HanniganGD_2017_H03	stool	no	control	Health	54.0		adult	male	USA	no	IlluminaHiSeq	MoBio	30459201	3659936	456010285	75	126	SRR5665045			Paolo_Manghi	31.60011491							Houston																																							no																																																											
HanniganGD_2017	MG100154	HanniganGD_2017_H02	stool	no	control	Health	69.0		adult	female	CAN	no	IlluminaHiSeq	MoBio	30459201	10295240	1281380024	75	126	SRR5665046			Paolo_Manghi	18.66201469							Toronto																																							no																																																											
HanniganGD_2017	MG100153	HanniganGD_2017_H01	stool	no	control	Health	65.0		adult	female	CAN	no	IlluminaHiSeq	MoBio	30459201	10217384	1267666004	75	126	SRR5665043			Paolo_Manghi	21.51385851							Toronto																																							no																																																											
