study_name	sample_id	subject_id	body_site	antibiotics_current_use	study_condition	disease	age	infant_age	age_category	gender	country	non_westernized	sequencing_platform	DNA_extraction_kit	PMID	number_reads	number_bases	minimum_read_length	median_read_length	NCBI_accession	pregnant	lactating	curator	BMI	family	days_from_first_collection	family_role	born_method	feeding_practice	travel_destination	location	visit_number	premature	birth_weight	gestational_age	antibiotics_family	disease_subtype	days_after_onset	creatine	albumine	hscrp	ESR	treatment	ast	alt	globulin	urea_nitrogen	BASDAI	BASFI	alcohol	flg_genotype	population	menopausal_status	lifestyle	body_subsite	diet	tnm	triglycerides	hdl	ldl	hba1c	smoker	ever_smoker	dental_sample_type	history_of_periodontitis	PPD_M	PPD_B	PPD_D	PPD_L	fobt	disease_stage	disease_location	calprotectin	HBI	SCCAI	uncurated_metadata	mumps	cholesterol	c_peptide	glucose	creatinine	bilubirin	prothrombin_time	wbc	rbc	hemoglobinometry	remission	dyastolic_p	systolic_p	insulin_cat	adiponectin	glp_1	cd163	il_1	leptin	fgf_19	glutamate_decarboxylase_2_antibody	HLA	autoantibody_positive	age_seroconversion	age_T1D_diagnosis	hitchip_probe_class	fasting_insulin	fasting_glucose	protein_intake	stec_count	shigatoxin_2_elisa	stool_texture	anti_PD_1	mgs_richness	ferm_milk_prod_consumer	inr	ctp	birth_control_pil	c_section_type	ajcc	hla_drb12	hla_dqa12	hla_dqa11	hla_drb11	birth_order	age_twins_started_to_live_apart	zigosity	brinkman_index	alcohol_numeric	breastfeeding_duration	formula_first_day	ALT	eGFR
YeZ_2018	YEZ_N-48	YEZ_N-48	stool	no	control	Health	42.0		adult	female	CHN	no	IlluminaHiSeq	Qiagen	30077182	39872611	5971169867	41	150	SRR8675870			Giacomo_DAmato	24.0							Chongqing																																																																																																		
YeZ_2018	YEZ_N-47	YEZ_N-47	stool	no	control	Health	54.0		adult	male	CHN	no	IlluminaHiSeq	Qiagen	30077182	44623037	6675300345	40	150	SRR8675871			Giacomo_DAmato	30.6							Chongqing																																																																																																		
YeZ_2018	YEZ_N-10	YEZ_N-10	stool	no	control	Health	27.0		adult	male	CHN	no	IlluminaHiSeq	Qiagen	30077182	37218253	5510255162	44	150	SRR8675872			Giacomo_DAmato	24.6							Sichuan																																																																																																		
YeZ_2018	YEZ_N-9	YEZ_N-9	stool	no	control	Health	48.0		adult	male	CHN	no	IlluminaHiSeq	Qiagen	30077182	34466186	5059705281	43	150	SRR8675873			Giacomo_DAmato	31.0							Heilongjiang																																																																																																		
YeZ_2018	YEZ_N-8	YEZ_N-8	stool	no	control	Health	32.0		adult	male	CHN	no	IlluminaHiSeq	Qiagen	30077182	42123225	6222845316	43	150	SRR8675874			Giacomo_DAmato	20.0							Chongqing																																																																																																		
YeZ_2018	YEZ_N-1	YEZ_N-1	stool	no	control	Health	27.0		adult	male	CHN	no	IlluminaHiSeq	Qiagen	30077182	41932334	6281418178	44	150	SRR8675875			Giacomo_DAmato	22.9							Zejiang																																																																																																		
YeZ_2018	YEZ_N-14	YEZ_N-14	stool	no	control	Health	38.0		adult	male	CHN	no	IlluminaHiSeq	Qiagen	30077182	39383557	5895272063	42	150	SRR8675876			Giacomo_DAmato	29.0							Guizhou																																																																																																		
YeZ_2018	YEZ_N-13	YEZ_N-13	stool	no	control	Health	27.0		adult	male	CHN	no	IlluminaHiSeq	Qiagen	30077182	35893414	5338299396	44	150	SRR8675877			Giacomo_DAmato	21.0							Chongqing																																																																																																		
YeZ_2018	YEZ_N-12	YEZ_N-12	stool	no	control	Health	36.0		adult	male	CHN	no	IlluminaHiSeq	Qiagen	30077182	33174217	4907119493	38	150	SRR8675878			Giacomo_DAmato	21.4							Anhui																																																																																																		
YeZ_2018	YEZ_N-11	YEZ_N-11	stool	no	control	Health	33.0		adult	male	CHN	no	IlluminaHiSeq	Qiagen	30077182	33480833	4950029556	41	150	SRR8675879			Giacomo_DAmato	25.4							Chongqing																																																																																																		
YeZ_2018	YEZ_N-15	YEZ_N-15	stool	no	control	Health	35.0		adult	male	CHN	no	IlluminaHiSeq	Qiagen	30077182	44695427	6619725273	41	150	SRR8675880			Giacomo_DAmato	25.0							Anhui																																																																																																		
YeZ_2018	YEZ_N-2	YEZ_N-2	stool	no	control	Health	46.0		adult	male	CHN	no	IlluminaHiSeq	Qiagen	30077182	56254196	8291887539	43	150	SRR8675881			Giacomo_DAmato	28.7							Sichuan																																																																																																		
YeZ_2018	YEZ_N-17	YEZ_N-17	stool	no	control	Health	26.0		adult	male	CHN	no	IlluminaHiSeq	Qiagen	30077182	58838794	8752161821	42	150	SRR8675882			Giacomo_DAmato	26.1							Sichuan																																																																																																		
YeZ_2018	YEZ_N-16	YEZ_N-16	stool	no	control	Health	34.0		adult	male	CHN	no	IlluminaHiSeq	Qiagen	30077182	42525522	6279860739	41	150	SRR8675883			Giacomo_DAmato	23.0							Chongqing																																																																																																		
YeZ_2018	YEZ_N-19	YEZ_N-19	stool	no	control	Health	27.0		adult	male	CHN	no	IlluminaHiSeq	Qiagen	30077182	46901093	6965457397	41	150	SRR8675884			Giacomo_DAmato	21.0							Henan																																																																																																		
YeZ_2018	YEZ_N-18	YEZ_N-18	stool	no	control	Health	25.0		adult	male	CHN	no	IlluminaHiSeq	Qiagen	30077182	42176925	6280642606	36	150	SRR8675885			Giacomo_DAmato	23.6							Chongqing																																																																																																		
YeZ_2018	YEZ_N-21	YEZ_N-21	stool	no	control	Health	28.0		adult	female	CHN	no	IlluminaHiSeq	Qiagen	30077182	123037805	17835604178	42	150	SRR8675886			Giacomo_DAmato	19.9							Chongqing																																																																																																		
YeZ_2018	YEZ_N-20	YEZ_N-20	stool	no	control	Health	28.0		adult	male	CHN	no	IlluminaHiSeq	Qiagen	30077182	39999366	5961141597	40	150	SRR8675887			Giacomo_DAmato	22.0							Sichuan																																																																																																		
YeZ_2018	YEZ_N-23	YEZ_N-23	stool	no	control	Health	46.0		adult	female	CHN	no	IlluminaHiSeq	Qiagen	30077182	38102424	5693421947	42	150	SRR8675888			Giacomo_DAmato	23.0							Chongqing																																																																																																		
YeZ_2018	YEZ_N-22	YEZ_N-22	stool	no	control	Health	36.0		adult	male	CHN	no	IlluminaHiSeq	Qiagen	30077182	52357887	7819948186	45	150	SRR8675889			Giacomo_DAmato	22.3							Gansu																																																																																																		
YeZ_2018	YEZ_N-3	YEZ_N-3	stool	no	control	Health	70.0		senior	male	CHN	no	IlluminaHiSeq	Qiagen	30077182	49842534	7324373799	40	150	SRR8675890			Giacomo_DAmato	27.8							Guizhou																																																																																																		
YeZ_2018	YEZ_N-24	YEZ_N-24	stool	no	control	Health	45.0		adult	male	CHN	no	IlluminaHiSeq	Qiagen	30077182	43955537	6538221753	46	150	SRR8675891			Giacomo_DAmato	23.0							Chongqing																																																																																																		
YeZ_2018	YEZ_N-36	YEZ_N-36	stool	no	control	Health	48.0		adult	female	CHN	no	IlluminaHiSeq	Qiagen	30077182	38581295	5774622955	41	150	SRR8675892			Giacomo_DAmato	20.0							Shandong																																																																																																		
YeZ_2018	YEZ_N-35	YEZ_N-35	stool	no	control	Health	46.0		adult	male	CHN	no	IlluminaHiSeq	Qiagen	30077182	33440743	5005765522	44	150	SRR8675893			Giacomo_DAmato	20.0							Anhui																																																																																																		
YeZ_2018	YEZ_N-42	YEZ_N-42	stool	no	control	Health	36.0		adult	male	CHN	no	IlluminaHiSeq	Qiagen	30077182	36725452	5495400132	42	150	SRR8675894			Giacomo_DAmato	23.0							Fujian																																																																																																		
YeZ_2018	YEZ_N-41	YEZ_N-41	stool	no	control	Health	75.0		senior	male	CHN	no	IlluminaHiSeq	Qiagen	30077182	35710870	5333653135	39	150	SRR8675895			Giacomo_DAmato	20.7							Jiangsu																																																																																																		
YeZ_2018	YEZ_N-40	YEZ_N-40	stool	no	control	Health	60.0		adult	male	CHN	no	IlluminaHiSeq	Qiagen	30077182	37252508	5576658883	42	150	SRR8675896			Giacomo_DAmato	21.0							Sichuan																																																																																																		
YeZ_2018	YEZ_N-39	YEZ_N-39	stool	no	control	Health	34.0		adult	female	CHN	no	IlluminaHiSeq	Qiagen	30077182	36241278	5424997230	41	150	SRR8675897			Giacomo_DAmato	21.0							Fujian																																																																																																		
YeZ_2018	YEZ_N-44	YEZ_N-44	stool	no	control	Health	26.0		adult	male	CHN	no	IlluminaHiSeq	Qiagen	30077182	33917757	5054348767	36	150	SRR8675899			Giacomo_DAmato	19.0							Henan																																																																																																		
YeZ_2018	YEZ_N-43	YEZ_N-43	stool	no	control	Health	63.0		adult	male	CHN	no	IlluminaHiSeq	Qiagen	30077182	44299664	6632697945	44	150	SRR8675900			Giacomo_DAmato	19.3							Sichuan																																																																																																		
YeZ_2018	YEZ_N-29	YEZ_N-29	stool	no	control	Health	31.0		adult	female	CHN	no	IlluminaHiSeq	Qiagen	30077182	43459994	6498857642	36	150	SRR8675902			Giacomo_DAmato	20.0							Shandong																																																																																																		
YeZ_2018	YEZ_N-30	YEZ_N-30	stool	no	control	Health	38.0		adult	male	CHN	no	IlluminaHiSeq	Qiagen	30077182	41627660	6225130809	43	150	SRR8675903			Giacomo_DAmato	23.0							Jiangxi																																																																																																		
YeZ_2018	YEZ_N-31	YEZ_N-31	stool	no	control	Health	48.0		adult	female	CHN	no	IlluminaHiSeq	Qiagen	30077182	31558929	4718840757	37	150	SRR8675904			Giacomo_DAmato	23.0							Hubei																																																																																																		
YeZ_2018	YEZ_N-32	YEZ_N-32	stool	no	control	Health	25.0		adult	female	CHN	no	IlluminaHiSeq	Qiagen	30077182	53380582	7981804679	41	150	SRR8675905			Giacomo_DAmato	18.9							Chongqing																																																																																																		
YeZ_2018	YEZ_N-25	YEZ_N-25	stool	no	control	Health	51.0		adult	male	CHN	no	IlluminaHiSeq	Qiagen	30077182	29597024	4400654556	46	150	SRR8675906			Giacomo_DAmato	19.8							Shanxi																																																																																																		
YeZ_2018	YEZ_N-26	YEZ_N-26	stool	no	control	Health	40.0		adult	male	CHN	no	IlluminaHiSeq	Qiagen	30077182	55674906	8267197932	41	150	SRR8675907			Giacomo_DAmato	25.0							Henan																																																																																																		
YeZ_2018	YEZ_N-27	YEZ_N-27	stool	no	control	Health	48.0		adult	male	CHN	no	IlluminaHiSeq	Qiagen	30077182	38035017	5692421551	40	150	SRR8675908			Giacomo_DAmato	24.2							Shanxi																																																																																																		
YeZ_2018	YEZ_N-28	YEZ_N-28	stool	no	control	Health	19.0		adult	male	CHN	no	IlluminaHiSeq	Qiagen	30077182	32093546	4803429427	43	150	SRR8675909			Giacomo_DAmato	19.0							Sichuan																																																																																																		
YeZ_2018	YEZ_N-4	YEZ_N-4	stool	no	control	Health	70.0		senior	male	CHN	no	IlluminaHiSeq	Qiagen	30077182	44475130	6615138965	46	150	SRR8675912			Giacomo_DAmato	24.0							Neimenggu																																																																																																		
YeZ_2018	YEZ_N-33	YEZ_N-33	stool	no	control	Health	59.0		adult	female	CHN	no	IlluminaHiSeq	Qiagen	30077182	46022360	6881301981	42	150	SRR8675914			Giacomo_DAmato	22.5							Henan																																																																																																		
YeZ_2018	YEZ_N-34	YEZ_N-34	stool	no	control	Health	34.0		adult	female	CHN	no	IlluminaHiSeq	Qiagen	30077182	44015019	6590576153	42	150	SRR8675915			Giacomo_DAmato	24.3							Hubei																																																																																																		
YeZ_2018	YEZ_N-45	YEZ_N-45	stool	no	control	Health	44.0		adult	male	CHN	no	IlluminaHiSeq	Qiagen	30077182	45520769	6800788280	42	150	SRR8675916			Giacomo_DAmato	24.7							Jiangsu																																																																																																		
YeZ_2018	YEZ_N-46	YEZ_N-46	stool	no	control	Health	21.0		adult	male	CHN	no	IlluminaHiSeq	Qiagen	30077182	46286473	6930711996	42	150	SRR8675917			Giacomo_DAmato	18.0							Chongqing																																																																																																		
YeZ_2018	YEZ_N-38	YEZ_N-38	stool	no	control	Health	38.0		adult	female	CHN	no	IlluminaHiSeq	Qiagen	30077182	82717990	12287360107	41	150	SRR8675918			Giacomo_DAmato	19.7							Qinghai																																																																																																		
YeZ_2018	YEZ_N-37	YEZ_N-37	stool	no	control	Health	46.0		adult	male	CHN	no	IlluminaHiSeq	Qiagen	30077182	42759239	6397863499	44	150	SRR8675921			Giacomo_DAmato	29.7							Anhui																																																																																																		
YeZ_2018	YEZ_BA8	YEZ_BA8	stool	no	BD	BD	42.0		adult	male	CHN	no	IlluminaHiSeq	Qiagen	30077182	43349112	6452080245	34	150	SRR6517765			Giacomo_DAmato	19.3							Shanxi																																																																																																		
YeZ_2018	YEZ_BA7	YEZ_BA7	stool	no	BD	BD	33.0		adult	male	CHN	no	IlluminaHiSeq	Qiagen	30077182	39035384	5839179969	38	150	SRR6517766			Giacomo_DAmato	26.1							Liaoning																																																																																																		
YeZ_2018	YEZ_BA6	YEZ_BA6	stool	no	BD	BD	44.0		adult	female	CHN	no	IlluminaHiSeq	Qiagen	30077182	37421095	5539937602	42	150	SRR6517767			Giacomo_DAmato	24.0							Jilin																																																																																																		
YeZ_2018	YEZ_BA5	YEZ_BA5	stool	no	BD	BD	40.0		adult	female	CHN	no	IlluminaHiSeq	Qiagen	30077182	94962141	13655983169	41	150	SRR6517768			Giacomo_DAmato	28.0							Henan																																																																																																		
YeZ_2018	YEZ_BA11	YEZ_BA11	stool	no	BD	BD	25.0		adult	male	CHN	no	IlluminaHiSeq	Qiagen	30077182	44529567	6574641319	42	150	SRR6517769			Giacomo_DAmato	27.4							Sichuan																																																																																																		
YeZ_2018	YEZ_BA12	YEZ_BA12	stool	no	BD	BD	30.0		adult	male	CHN	no	IlluminaHiSeq	Qiagen	30077182	33454513	4970586344	39	150	SRR6517770			Giacomo_DAmato	20.7							Ganshu																																																																																																		
YeZ_2018	YEZ_BA1	YEZ_BA1	stool	no	BD	BD	43.0		adult	male	CHN	no	IlluminaHiSeq	Qiagen	30077182	39945652	5968909598	35	150	SRR6517771			Giacomo_DAmato	22.4							Shandong																																																																																																		
YeZ_2018	YEZ_BA10	YEZ_BA10	stool	no	BD	BD	26.0		adult	male	CHN	no	IlluminaHiSeq	Qiagen	30077182	33180311	4943795889	38	150	SRR6517772			Giacomo_DAmato	22.5							Shanxi																																																																																																		
YeZ_2018	YEZ_BA16	YEZ_BA16	stool	no	BD	BD	40.0		adult	male	CHN	no	IlluminaHiSeq	Qiagen	30077182	34426060	5149335169	38	150	SRR6517773			Giacomo_DAmato	28.3							Guangxi																																																																																																		
YeZ_2018	YEZ_BA17	YEZ_BA17	stool	no	BD	BD	26.0		adult	male	CHN	no	IlluminaHiSeq	Qiagen	30077182	37559432	5567902516	44	150	SRR6517774			Giacomo_DAmato	19.2							Jilin																																																																																																		
YeZ_2018	YEZ_BA13	YEZ_BA13	stool	no	BD	BD	36.0		adult	male	CHN	no	IlluminaHiSeq	Qiagen	30077182	32937344	4872472488	42	150	SRR6517775			Giacomo_DAmato	23.7							Sichuan																																																																																																		
YeZ_2018	YEZ_BA15	YEZ_BA15	stool	no	BD	BD	41.0		adult	male	CHN	no	IlluminaHiSeq	Qiagen	30077182	41041041	6142761976	42	150	SRR6517776			Giacomo_DAmato	23.3							Jilin																																																																																																		
YeZ_2018	YEZ_BA18	YEZ_BA18	stool	no	BD	BD	28.0		adult	male	CHN	no	IlluminaHiSeq	Qiagen	30077182	29103100	4099444374	44	150	SRR6517777			Giacomo_DAmato	25.6							Heilongjiang																																																																																																		
YeZ_2018	YEZ_BA19	YEZ_BA19	stool	no	BD	BD	32.0		adult	male	CHN	no	IlluminaHiSeq	Qiagen	30077182	43096271	6448672381	40	150	SRR6517778			Giacomo_DAmato	19.5							Liaoning																																																																																																		
YeZ_2018	YEZ_BA21	YEZ_BA21	stool	no	BD	BD	40.0		adult	male	CHN	no	IlluminaHiSeq	Qiagen	30077182	38077200	5648192577	42	150	SRR6517779			Giacomo_DAmato	19.3							Anhui																																																																																																		
YeZ_2018	YEZ_BA22	YEZ_BA22	stool	no	BD	BD	38.0		adult	male	CHN	no	IlluminaHiSeq	Qiagen	30077182	30560604	4575694639	45	150	SRR6517780			Giacomo_DAmato	22.9							Henan																																																																																																		
YeZ_2018	YEZ_BA2	YEZ_BA2	stool	no	BD	BD	33.0		adult	female	CHN	no	IlluminaHiSeq	Qiagen	30077182	25749944	3753451796	43	150	SRR6517781			Giacomo_DAmato	18.0							Hubei																																																																																																		
YeZ_2018	YEZ_BA20	YEZ_BA20	stool	no	BD	BD	30.0		adult	male	CHN	no	IlluminaHiSeq	Qiagen	30077182	66931303	10011607005	44	150	SRR6517782			Giacomo_DAmato	24.1							Sichuan																																																																																																		
YeZ_2018	YEZ_BA3	YEZ_BA3	stool	no	BD	BD	23.0		adult	male	CHN	no	IlluminaHiSeq	Qiagen	30077182	35222513	5209148394	40	150	SRR6517787			Giacomo_DAmato	24.6							Chongqing																																																																																																		
YeZ_2018	YEZ_BA4	YEZ_BA4	stool	no	BD	BD	49.0		adult	male	CHN	no	IlluminaHiSeq	Qiagen	30077182	48596520	7213886546	41	150	SRR6517788			Giacomo_DAmato	27.0							Jilin																																																																																																		
