study_name	sample_id	subject_id	body_site	antibiotics_current_use	study_condition	disease	age	infant_age	age_category	gender	country	non_westernized	sequencing_platform	DNA_extraction_kit	PMID	number_reads	number_bases	minimum_read_length	median_read_length	NCBI_accession	pregnant	lactating	curator	BMI	family	days_from_first_collection	family_role	born_method	feeding_practice	travel_destination	location	visit_number	premature	birth_weight	gestational_age	antibiotics_family	disease_subtype	days_after_onset	creatine	albumine	hscrp	ESR	treatment	ast	alt	globulin	urea_nitrogen	BASDAI	BASFI	alcohol	flg_genotype	population	menopausal_status	lifestyle	body_subsite	diet	tnm	triglycerides	hdl	ldl	hba1c	smoker	ever_smoker	dental_sample_type	history_of_periodontitis	PPD_M	PPD_B	PPD_D	PPD_L	fobt	disease_stage	disease_location	calprotectin	HBI	SCCAI	uncurated_metadata	mumps	cholesterol	c_peptide	glucose	creatinine	bilubirin	prothrombin_time	wbc	rbc	hemoglobinometry	remission	dyastolic_p	systolic_p	insulin_cat	adiponectin	glp_1	cd163	il_1	leptin	fgf_19	glutamate_decarboxylase_2_antibody	HLA	autoantibody_positive	age_seroconversion	age_T1D_diagnosis	hitchip_probe_class	fasting_insulin	fasting_glucose	protein_intake	stec_count	shigatoxin_2_elisa	stool_texture	anti_PD_1	mgs_richness	ferm_milk_prod_consumer	inr	ctp	birth_control_pil	c_section_type	ajcc	hla_drb12	hla_dqa12	hla_dqa11	hla_drb11	birth_order	age_twins_started_to_live_apart	zigosity	brinkman_index	alcohol_numeric	breastfeeding_duration	formula_first_day	ALT	eGFR
HallAB_2017	SKST006_6_G102964	SKST006	stool		IBD	IBD			adult		USA	no	IlluminaMiSeq	other	29183332	6458544	647139014	50	101	SRR5651391			Marisa_Metzger			180.0					Atlanta	6.0					UC																																																																																												
HallAB_2017	SKST006_7_G102965	SKST006	stool		IBD	IBD			adult		USA	no	IlluminaMiSeq	other	29183332	1128218	112812111	51	101	SRR5651392			Marisa_Metzger			210.0					Atlanta	7.0					UC																																																																																												
HallAB_2017	SKST006_4_G102962	SKST006	stool		IBD	IBD			adult		USA	no	IlluminaMiSeq	other	29183332	12073898	1203906363	50	101	SRR5651393			Marisa_Metzger			120.0					Atlanta	4.0					UC																																																																																												
HallAB_2017	SKST006_5_G102963	SKST006	stool		IBD	IBD			adult		USA	no	IlluminaMiSeq	other	29183332	8312632	829324141	50	101	SRR5651394			Marisa_Metzger			150.0					Atlanta	5.0					UC																																																																																												
HallAB_2017	SKST006_2_G102960	SKST006	stool		IBD	IBD			adult		USA	no	IlluminaMiSeq	other	29183332	13027960	1295022367	50	101	SRR5651395			Marisa_Metzger			60.0					Atlanta	2.0					UC																																																																																												
HallAB_2017	SKST006_3_G102961	SKST006	stool		IBD	IBD			adult		USA	no	IlluminaMiSeq	other	29183332	8680844	862893635	50	101	SRR5651396			Marisa_Metzger			90.0					Atlanta	3.0					UC																																																																																												
HallAB_2017	SKST006_10_G102994	SKST006	stool		control	Health			adult		USA	no	IlluminaMiSeq	other	29183332	7308752	728956828	50	101	SRR5651397			Marisa_Metzger			300.0					Atlanta	10.0																																																																																																	
HallAB_2017	SKST006_1_G102959	SKST006	stool		IBD	IBD			adult		USA	no	IlluminaMiSeq	other	29183332	11595922	1154090908	50	101	SRR5651398			Marisa_Metzger			30.0					Atlanta	1.0					UC																																																																																												
HallAB_2017	SKST006_9_G103014	SKST006	stool		IBD	IBD			adult		USA	no	IlluminaMiSeq	other	29183332	2215948	221173810	50	101	SRR5651400			Marisa_Metzger			270.0					Atlanta	9.0					UC																																																																																												
HallAB_2017	SKST027_3_G102945	SKST027	stool		IBD	IBD			adult		USA	no	IlluminaMiSeq	other	29183332	15845322	1579006310	50	101	SRR5651401			Marisa_Metzger			90.0					Atlanta	3.0					UC																																																																																												
HallAB_2017	SKST027_4_G102958	SKST027	stool		IBD	IBD			adult		USA	no	IlluminaMiSeq	other	29183332	15313816	1528997316	50	101	SRR5651402			Marisa_Metzger			120.0					Atlanta	4.0					UC																																																																																												
HallAB_2017	SKST027_6_G102955	SKST027	stool		IBD	IBD			adult		USA	no	IlluminaMiSeq	other	29183332	4254486	424219013	50	101	SRR5651403			Marisa_Metzger			180.0					Atlanta	6.0					UC																																																																																												
HallAB_2017	SKST027_9_G102947	SKST027	stool		IBD	IBD			adult		USA	no	IlluminaMiSeq	other	29183332	8689194	869046253	50	101	SRR5651404			Marisa_Metzger			270.0					Atlanta	9.0					UC																																																																																												
HallAB_2017	SKST027_11_G102996	SKST027	stool		IBD	IBD			adult		USA	no	IlluminaMiSeq	other	29183332	8768360	878228414	50	101	SRR5651405			Marisa_Metzger			330.0					Atlanta	11.0					UC																																																																																												
HallAB_2017	SKST027_12_G103011	SKST027	stool		IBD	IBD			adult		USA	no	IlluminaMiSeq	other	29183332	1222818	122303649	50	101	SRR5651406			Marisa_Metzger			360.0					Atlanta	12.0					UC																																																																																												
HallAB_2017	SKST027_1_G102984	SKST027	stool		IBD	IBD			adult		USA	no	IlluminaMiSeq	other	29183332	4015630	400560238	50	101	SRR5651407			Marisa_Metzger			30.0					Atlanta	1.0					UC																																																																																												
HallAB_2017	SKST027_2_G102985	SKST027	stool		IBD	IBD			adult		USA	no	IlluminaMiSeq	other	29183332	10655448	1059916944	50	101	SRR5651408			Marisa_Metzger			60.0					Atlanta	2.0					UC																																																																																												
HallAB_2017	SKST032_1_G102943	SKST032	stool		IBD	IBD			adult		USA	no	IlluminaMiSeq	other	29183332	14705932	1468219836	50	101	SRR5651409			Marisa_Metzger			30.0					Atlanta	1.0					UC																																																																																												
HallAB_2017	SKST032_2_G102946	SKST032	stool		IBD	IBD			adult		USA	no	IlluminaMiSeq	other	29183332	53668992	5378730700	50	101	SRR5651410			Marisa_Metzger			60.0					Atlanta	2.0					UC																																																																																												
HallAB_2017	SKST014_3_G102978	SKST014	stool		IBD	IBD			adult		USA	no	IlluminaMiSeq	other	29183332	9866070	982731964	50	101	SRR5651411			Marisa_Metzger			90.0					Atlanta	3.0					UC																																																																																												
HallAB_2017	SKST014_2_G102977	SKST014	stool		IBD	IBD			adult		USA	no	IlluminaMiSeq	other	29183332	24705316	2471405095	50	101	SRR5651412			Marisa_Metzger			60.0					Atlanta	2.0					UC																																																																																												
HallAB_2017	SKST014_5_G102980	SKST014	stool		IBD	IBD			adult		USA	no	IlluminaMiSeq	other	29183332	24745142	2478608995	50	101	SRR5651413			Marisa_Metzger			150.0					Atlanta	5.0					UC																																																																																												
HallAB_2017	SKST014_4_G102979	SKST014	stool		IBD	IBD			adult		USA	no	IlluminaMiSeq	other	29183332	3298912	328822398	50	101	SRR5651414			Marisa_Metzger			120.0					Atlanta	4.0					UC																																																																																												
HallAB_2017	SKST014_7_G102940	SKST014	stool		IBD	IBD			adult		USA	no	IlluminaMiSeq	other	29183332	9931246	991177759	50	101	SRR5651415			Marisa_Metzger			210.0					Atlanta	7.0					UC																																																																																												
HallAB_2017	SKST014_6_G102951	SKST014	stool		IBD	IBD			adult		USA	no	IlluminaMiSeq	other	29183332	14332680	1431092263	50	101	SRR5651416			Marisa_Metzger			180.0					Atlanta	6.0					UC																																																																																												
HallAB_2017	SKST023_2_G102987	SKST023	stool		control	Health			adult		USA	no	IlluminaMiSeq	other	29183332	33789206	3385424670	50	101	SRR5651417			Marisa_Metzger			60.0					Atlanta	2.0																																																																																																	
HallAB_2017	SKST023_1_G102981	SKST023	stool		control	Health			adult		USA	no	IlluminaMiSeq	other	29183332	32427586	3250099270	50	101	SRR5651418			Marisa_Metzger			30.0					Atlanta	1.0																																																																																																	
HallAB_2017	SKST023_4_G102937	SKST023	stool		control	Health			adult		USA	no	IlluminaMiSeq	other	29183332	10417336	1039970096	50	101	SRR5651419			Marisa_Metzger			120.0					Atlanta	4.0																																																																																																	
HallAB_2017	SKST023_3_G102941	SKST023	stool		control	Health			adult		USA	no	IlluminaMiSeq	other	29183332	24416288	2443393696	50	101	SRR5651420			Marisa_Metzger			90.0					Atlanta	3.0																																																																																																	
HallAB_2017	SKST011_3_G102973	SKST011	stool		control	Health			adult		USA	no	IlluminaMiSeq	other	29183332	25591224	2564668531	50	101	SRR5651421			Marisa_Metzger			90.0					Atlanta	3.0																																																																																																	
HallAB_2017	SKST011_2_G102972	SKST011	stool		control	Health			adult		USA	no	IlluminaMiSeq	other	29183332	35890852	3588516009	50	101	SRR5651422			Marisa_Metzger			60.0					Atlanta	2.0																																																																																																	
HallAB_2017	SKST011_1_G102971	SKST011	stool		control	Health			adult		USA	no	IlluminaMiSeq	other	29183332	33341438	3338815499	50	101	SRR5651423			Marisa_Metzger			30.0					Atlanta	1.0																																																																																																	
HallAB_2017	SKST010_8_G102998	SKST010	stool		control	Health			adult		USA	no	IlluminaMiSeq	other	29183332	35773120	3581287287	50	101	SRR5651424			Marisa_Metzger			240.0					Atlanta	8.0																																																																																																	
HallAB_2017	SKST010_7_G103003	SKST010	stool		control	Health			adult		USA	no	IlluminaMiSeq	other	29183332	26384618	2643156346	50	101	SRR5651425			Marisa_Metzger			210.0					Atlanta	7.0																																																																																																	
HallAB_2017	SKST010_6_G103004	SKST010	stool		control	Health			adult		USA	no	IlluminaMiSeq	other	29183332	8318322	833359162	50	101	SRR5651426			Marisa_Metzger			180.0					Atlanta	6.0																																																																																																	
HallAB_2017	SKST010_5_G102990	SKST010	stool		control	Health			adult		USA	no	IlluminaMiSeq	other	29183332	30370118	3043746444	50	101	SRR5651427			Marisa_Metzger			150.0					Atlanta	5.0																																																																																																	
HallAB_2017	SKST010_4_G102956	SKST010	stool		control	Health			adult		USA	no	IlluminaMiSeq	other	29183332	15757472	1579018344	50	101	SRR5651428			Marisa_Metzger			120.0					Atlanta	4.0																																																																																																	
HallAB_2017	SKST011_5_G102993	SKST011	stool		control	Health			adult		USA	no	IlluminaMiSeq	other	29183332	31163812	3119706989	50	101	SRR5651429			Marisa_Metzger			150.0					Atlanta	5.0																																																																																																	
HallAB_2017	SKST011_4_G102952	SKST011	stool		control	Health			adult		USA	no	IlluminaMiSeq	other	29183332	26306100	2635439825	50	101	SRR5651430			Marisa_Metzger			120.0					Atlanta	4.0																																																																																																	
HallAB_2017	SKST023_7_G103015	SKST023	stool		control	Health			adult		USA	no	IlluminaMiSeq	other	29183332	15697234	1570590744	50	101	SRR5651431			Marisa_Metzger			210.0					Atlanta	7.0																																																																																																	
HallAB_2017	SKST024_1_G102982	SKST024	stool		control	Health			adult		USA	no	IlluminaMiSeq	other	29183332	13860192	1388781535	50	101	SRR5651432			Marisa_Metzger			30.0					Atlanta	1.0																																																																																																	
HallAB_2017	SKST023_5_G103007	SKST023	stool		control	Health			adult		USA	no	IlluminaMiSeq	other	29183332	19247682	1929987702	50	101	SRR5651433			Marisa_Metzger			150.0					Atlanta	5.0																																																																																																	
HallAB_2017	SKST023_6_G103009	SKST023	stool		control	Health			adult		USA	no	IlluminaMiSeq	other	29183332	10883450	1088047950	50	101	SRR5651434			Marisa_Metzger			180.0					Atlanta	6.0																																																																																																	
HallAB_2017	SKST024_4_G102938	SKST024	stool		control	Health			adult		USA	no	IlluminaMiSeq	other	29183332	27548712	2756183703	50	101	SRR5651435			Marisa_Metzger			120.0					Atlanta	4.0																																																																																																	
HallAB_2017	SKST024_5_G103001	SKST024	stool		control	Health			adult		USA	no	IlluminaMiSeq	other	29183332	5727016	573921965	50	101	SRR5651436			Marisa_Metzger			150.0					Atlanta	5.0																																																																																																	
HallAB_2017	SKST024_2_G102953	SKST024	stool		control	Health			adult		USA	no	IlluminaMiSeq	other	29183332	13796082	1377860997	50	101	SRR5651437			Marisa_Metzger			60.0					Atlanta	2.0																																																																																																	
HallAB_2017	SKST024_3_G102944	SKST024	stool		control	Health			adult		USA	no	IlluminaMiSeq	other	29183332	35713926	3576255106	50	101	SRR5651438			Marisa_Metzger			90.0					Atlanta	3.0																																																																																																	
HallAB_2017	SKST024_6_G103012	SKST024	stool		control	Health			adult		USA	no	IlluminaMiSeq	other	29183332	25927882	2589859584	50	101	SRR5651439			Marisa_Metzger			180.0					Atlanta	6.0																																																																																																	
HallAB_2017	SKST024_7_G103022	SKST024	stool		control	Health			adult		USA	no	IlluminaMiSeq	other	29183332	20828622	2085323458	50	101	SRR5651440			Marisa_Metzger			210.0					Atlanta	7.0																																																																																																	
HallAB_2017	SKST011_6_G103002	SKST011	stool		control	Health			adult		USA	no	IlluminaMiSeq	other	29183332	37488188	3755564194	50	101	SRR5651441			Marisa_Metzger			180.0					Atlanta	6.0																																																																																																	
HallAB_2017	SKST011_7_G103017	SKST011	stool		control	Health			adult		USA	no	IlluminaMiSeq	other	29183332	17276988	1728614996	50	101	SRR5651442			Marisa_Metzger			210.0					Atlanta	7.0																																																																																																	
HallAB_2017	SKST011_8_G103000	SKST011	stool		control	Health			adult		USA	no	IlluminaMiSeq	other	29183332	18138272	1812513446	50	101	SRR5651443			Marisa_Metzger			240.0					Atlanta	8.0																																																																																																	
HallAB_2017	SKST012_1_G102974	SKST012	stool		control	Health			adult		USA	no	IlluminaMiSeq	other	29183332	36851916	3689461566	50	101	SRR5651444			Marisa_Metzger			30.0					Atlanta	1.0																																																																																																	
HallAB_2017	SKST012_2_G102975	SKST012	stool		control	Health			adult		USA	no	IlluminaMiSeq	other	29183332	21598976	2163084548	50	101	SRR5651445			Marisa_Metzger			60.0					Atlanta	2.0																																																																																																	
HallAB_2017	SKST012_3_G102950	SKST012	stool		control	Health			adult		USA	no	IlluminaMiSeq	other	29183332	21880380	2192845566	50	101	SRR5651446			Marisa_Metzger			90.0					Atlanta	3.0																																																																																																	
HallAB_2017	SKST012_4_G102954	SKST012	stool		control	Health			adult		USA	no	IlluminaMiSeq	other	29183332	48239336	4830684685	50	101	SRR5651447			Marisa_Metzger			120.0					Atlanta	4.0																																																																																																	
HallAB_2017	SKST012_5_G102992	SKST012	stool		control	Health			adult		USA	no	IlluminaMiSeq	other	29183332	28317352	2837832533	50	101	SRR5651448			Marisa_Metzger			150.0					Atlanta	5.0																																																																																																	
HallAB_2017	SKST012_6_G102997	SKST012	stool		control	Health			adult		USA	no	IlluminaMiSeq	other	29183332	22510594	2256435809	50	101	SRR5651449			Marisa_Metzger			180.0					Atlanta	6.0																																																																																																	
HallAB_2017	SKST014_1_G102976	SKST014	stool		IBD	IBD			adult		USA	no	IlluminaMiSeq	other	29183332	13873918	1373734456	50	101	SRR5651450			Marisa_Metzger			30.0					Atlanta	1.0					UC																																																																																												
HallAB_2017	SKST036_3_G103025	SKST036	stool		control	Health			adult		USA	no	IlluminaMiSeq	other	29183332	29309570	2934300706	50	101	SRR5651451			Marisa_Metzger			90.0					Atlanta	3.0																																																																																																	
HallAB_2017	SKST036_2_G103020	SKST036	stool		control	Health			adult		USA	no	IlluminaMiSeq	other	29183332	1279750	127791821	50	101	SRR5651452			Marisa_Metzger			60.0					Atlanta	2.0																																																																																																	
HallAB_2017	SKST037_2_G103023	SKST037	stool		control	Health			adult		USA	no	IlluminaMiSeq	other	29183332	29565332	2962809737	50	101	SRR5651453			Marisa_Metzger			60.0					Atlanta	2.0																																																																																																	
HallAB_2017	SKST032_4_G103008	SKST032	stool		IBD	IBD			adult		USA	no	IlluminaMiSeq	other	29183332	42473122	4258378697	50	101	SRR5651455			Marisa_Metzger			120.0					Atlanta	4.0					UC																																																																																												
HallAB_2017	SKST032_3_G102989	SKST032	stool		IBD	IBD			adult		USA	no	IlluminaMiSeq	other	29183332	24837324	2483184378	50	101	SRR5651456			Marisa_Metzger			90.0					Atlanta	3.0					UC																																																																																												
HallAB_2017	SKST036_1_G103013	SKST036	stool		control	Health			adult		USA	no	IlluminaMiSeq	other	29183332	15740004	1575841078	50	101	SRR5651457			Marisa_Metzger			30.0					Atlanta	1.0																																																																																																	
HallAB_2017	SKST032_5_G103024	SKST032	stool		IBD	IBD			adult		USA	no	IlluminaMiSeq	other	29183332	31857932	3191985731	50	101	SRR5651458			Marisa_Metzger			150.0					Atlanta	5.0					UC																																																																																												
HallAB_2017	SKST041_1_G103005	SKST041	stool		control	Health			adult		USA	no	IlluminaMiSeq	other	29183332	12769366	1277445271	50	101	SRR5651459			Marisa_Metzger			30.0					Atlanta	1.0																																																																																																	
HallAB_2017	SKST037_3_G103026	SKST037	stool		control	Health			adult		USA	no	IlluminaMiSeq	other	29183332	221392	22094593	60	101	SRR5651460			Marisa_Metzger			90.0					Atlanta	3.0																																																																																																	
HallAB_2017	SKST041_2_G103027	SKST041	stool		control	Health			adult		USA	no	IlluminaMiSeq	other	29183332	37792970	3788227997	50	101	SRR5651461			Marisa_Metzger			60.0					Atlanta	2.0																																																																																																	
HallAB_2017	SKST041_3_G103028	SKST041	stool		control	Health			adult		USA	no	IlluminaMiSeq	other	29183332	38610932	3869584514	50	101	SRR5651462			Marisa_Metzger			90.0					Atlanta	3.0																																																																																																	
HallAB_2017	SKST010_2_G102969	SKST010	stool		control	Health			adult		USA	no	IlluminaMiSeq	other	29183332	28795094	2886140786	50	101	SRR5651463			Marisa_Metzger			60.0					Atlanta	2.0																																																																																																	
HallAB_2017	SKST010_3_G102970	SKST010	stool		control	Health			adult		USA	no	IlluminaMiSeq	other	29183332	9548806	955334283	50	101	SRR5651464			Marisa_Metzger			90.0					Atlanta	3.0																																																																																																	
HallAB_2017	SKST007_8_G102999	SKST007	stool		control	Health			adult		USA	no	IlluminaMiSeq	other	29183332	24672328	2471538532	50	101	SRR5651465			Marisa_Metzger			240.0					Atlanta	8.0																																																																																																	
HallAB_2017	SKST010_1_G102968	SKST010	stool		control	Health			adult		USA	no	IlluminaMiSeq	other	29183332	29414048	2945332394	50	101	SRR5651466			Marisa_Metzger			30.0					Atlanta	1.0																																																																																																	
HallAB_2017	SKST007_6_G102995	SKST007	stool		control	Health			adult		USA	no	IlluminaMiSeq	other	29183332	33397538	3348547001	50	101	SRR5651467			Marisa_Metzger			180.0					Atlanta	6.0																																																																																																	
HallAB_2017	SKST007_7_G103016	SKST007	stool		control	Health			adult		USA	no	IlluminaMiSeq	other	29183332	39784786	3982927506	50	101	SRR5651468			Marisa_Metzger			210.0					Atlanta	7.0																																																																																																	
HallAB_2017	SKST007_3_G102949	SKST007	stool		control	Health			adult		USA	no	IlluminaMiSeq	other	29183332	35683932	3574561472	50	101	SRR5651469			Marisa_Metzger			90.0					Atlanta	3.0																																																																																																	
HallAB_2017	SKST007_4_G102948	SKST007	stool		control	Health			adult		USA	no	IlluminaMiSeq	other	29183332	45183508	4529145321	50	101	SRR5651470			Marisa_Metzger			120.0					Atlanta	4.0																																																																																																	
HallAB_2017	SKST007_1_G102966	SKST007	stool		control	Health			adult		USA	no	IlluminaMiSeq	other	29183332	31321434	3136203607	50	101	SRR5651471			Marisa_Metzger			30.0					Atlanta	1.0																																																																																																	
HallAB_2017	SKST007_2_G102967	SKST007	stool		control	Health			adult		USA	no	IlluminaMiSeq	other	29183332	30849722	3090591843	50	101	SRR5651472			Marisa_Metzger			60.0					Atlanta	2.0																																																																																																	
HallAB_2017	SKST027_10_G102936	SKST027	stool		IBD	IBD			adult		USA	no	IlluminaMiSeq	other	29183332	3589150	356887418	50	101	SRR5651473			Marisa_Metzger			300.0					Atlanta	10.0					UC																																																																																												
HallAB_2017	SKST025_9_G103021	SKST025	stool		IBD	IBD			adult		USA	no	IlluminaMiSeq	other	29183332	20147592	2018606010	50	101	SRR5651474			Marisa_Metzger			270.0					Atlanta	9.0					UC																																																																																												
HallAB_2017	SKST025_2_G102986	SKST025	stool		IBD	IBD			adult		USA	no	IlluminaMiSeq	other	29183332	36898460	3694744912	50	101	SRR5651475			Marisa_Metzger			60.0					Atlanta	2.0					UC																																																																																												
HallAB_2017	SKST025_1_G102983	SKST025	stool		IBD	IBD			adult		USA	no	IlluminaMiSeq	other	29183332	18346088	1835371478	50	101	SRR5651476			Marisa_Metzger			30.0					Atlanta	1.0					UC																																																																																												
HallAB_2017	SKST024_8_G103031	SKST024	stool		control	Health			adult		USA	no	IlluminaMiSeq	other	29183332	8244636	823698988	50	101	SRR5651478			Marisa_Metzger			240.0					Atlanta	8.0																																																																																																	
HallAB_2017	SKST025_6_G103010	SKST025	stool		IBD	IBD			adult		USA	no	IlluminaMiSeq	other	29183332	524452	52424690	50	101	SRR5651479			Marisa_Metzger			180.0					Atlanta	6.0					UC																																																																																												
HallAB_2017	SKST025_5_G103006	SKST025	stool		IBD	IBD			adult		USA	no	IlluminaMiSeq	other	29183332	18093010	1808844628	50	101	SRR5651480			Marisa_Metzger			150.0					Atlanta	5.0					UC																																																																																												
HallAB_2017	SKST025_4_G102939	SKST025	stool		IBD	IBD			adult		USA	no	IlluminaMiSeq	other	29183332	12406748	1242356204	50	101	SRR5651481			Marisa_Metzger			120.0					Atlanta	4.0					UC																																																																																												
HallAB_2017	SKST025_3_G102942	SKST025	stool		IBD	IBD			adult		USA	no	IlluminaMiSeq	other	29183332	29599830	2959858511	50	101	SRR5651482			Marisa_Metzger			90.0					Atlanta	3.0					UC																																																																																												
HallAB_2017	p8883_mo6	p8883	stool		IBD	IBD			adult		USA	no	IlluminaMiSeq	Qiagen	29183332	33334936	3320167296	50	101	SRR5650021			Marisa_Metzger			180.0					Boston	6.0					UC																																				234.1497		3.0																																																						
HallAB_2017	p9223_mo4	p9223	stool		control	Health			adult		USA	no	IlluminaMiSeq	Qiagen	29183332	28967180	2888819400	50	101	SRR5650022			Marisa_Metzger			120.0					Boston	4.0																																									6.1613																																																								
HallAB_2017	p9223_mo3	p9223	stool		control	Health			adult		USA	no	IlluminaMiSeq	Qiagen	29183332	35806690	3553994671	50	101	SRR5650023			Marisa_Metzger			90.0					Boston	3.0																																									35.26																																																								
HallAB_2017	p9223_mo2	p9223	stool		control	Health			adult		USA	no	IlluminaMiSeq	Qiagen	29183332	40847204	4050562825	50	101	SRR5650024			Marisa_Metzger			60.0					Boston	2.0																																									3.7909																																																								
HallAB_2017	p9223_mo1	p9223	stool		control	Health			adult		USA	no	IlluminaMiSeq	Qiagen	29183332	39535080	3920680427	50	101	SRR5650025			Marisa_Metzger			30.0					Boston	1.0																																									5.0293																																																								
HallAB_2017	p9220_mo7	p9220	stool		control	Health			adult		USA	no	IlluminaMiSeq	Qiagen	29183332	12035324	1192711557	50	101	SRR5650026			Marisa_Metzger			210.0					Boston	7.0																																									0.6131																																																								
HallAB_2017	p9220_mo6	p9220	stool		control	Health			adult		USA	no	IlluminaMiSeq	Qiagen	29183332	43524458	4281678085	50	101	SRR5650027			Marisa_Metzger			180.0					Boston	6.0																																									66.614																																																								
HallAB_2017	p9220_mo5	p9220	stool		control	Health			adult		USA	no	IlluminaMiSeq	Qiagen	29183332	43467148	4312472068	50	101	SRR5650028			Marisa_Metzger			150.0					Boston	5.0																																									5.7473																																																								
HallAB_2017	p9220_mo4	p9220	stool		control	Health			adult		USA	no	IlluminaMiSeq	Qiagen	29183332	44343976	4356897499	50	101	SRR5650029			Marisa_Metzger			120.0					Boston	4.0																																									2.5227																																																								
HallAB_2017	p9220_mo3	p9220	stool		control	Health			adult		USA	no	IlluminaMiSeq	Qiagen	29183332	25261684	2512820257	50	101	SRR5650030			Marisa_Metzger			90.0					Boston	3.0																																									93.657																																																								
HallAB_2017	p9220_mo2	p9220	stool		control	Health			adult		USA	no	IlluminaMiSeq	Qiagen	29183332	24653778	2441542962	50	101	SRR5650031			Marisa_Metzger			60.0					Boston	2.0																																									12.817																																																								
HallAB_2017	p8646_mo8	p8646	stool		IBD	IBD			adult		USA	no	IlluminaMiSeq	Qiagen	29183332	47010222	4625783746	50	101	SRR5650032			Marisa_Metzger			240.0					Boston	8.0					UC																																				78.562		2.0																																																						
HallAB_2017	p8646_mo9	p8646	stool		IBD	IBD			adult		USA	no	IlluminaMiSeq	Qiagen	29183332	38751836	3805908648	54	101	SRR5650033			Marisa_Metzger			270.0					Boston	9.0					UC																																				87.76245		2.0																																																						
HallAB_2017	p8646_mo6	p8646	stool		IBD	IBD			adult		USA	no	IlluminaMiSeq	Qiagen	29183332	118988250	11567664942	50	101	SRR5650034			Marisa_Metzger			180.0					Boston	6.0					UC																																				467.14		5.0																																																						
HallAB_2017	p8646_mo7	p8646	stool		IBD	IBD			adult		USA	no	IlluminaMiSeq	Qiagen	29183332	111949894	10988958061	50	101	SRR5650035			Marisa_Metzger			210.0					Boston	7.0					UC																																				188.628		2.0																																																						
HallAB_2017	p8649_mo11	p8649	stool		IBD	IBD			adult		USA	no	IlluminaMiSeq	Qiagen	29183332	24538426	2411565242	54	101	SRR5650036			Marisa_Metzger			330.0					Boston	11.0					CD																																				266.4148	0.0																																																							
HallAB_2017	p8649_mo12	p8649	stool		IBD	IBD			adult		USA	no	IlluminaMiSeq	Qiagen	29183332	39182280	3843570423	54	101	SRR5650037			Marisa_Metzger			360.0					Boston	12.0					CD																																				302.0094	0.0																																																							
HallAB_2017	p8649_mo1	p8649	stool		IBD	IBD			adult		USA	no	IlluminaMiSeq	Qiagen	29183332	124010576	12277736150	50	101	SRR5650038			Marisa_Metzger			30.0					Boston	1.0					CD																																				1322.0	11.0																																																							
HallAB_2017	p8649_mo10	p8649	stool		IBD	IBD			adult		USA	no	IlluminaMiSeq	Qiagen	29183332	34225100	3358315261	54	101	SRR5650039			Marisa_Metzger			300.0					Boston	10.0					CD																																				238.8871	1.0																																																							
HallAB_2017	p8649_mo2	p8649	stool		IBD	IBD			adult		USA	no	IlluminaMiSeq	Qiagen	29183332	118276174	11671588256	50	101	SRR5650040			Marisa_Metzger			60.0					Boston	2.0					CD																																				163.0	1.0																																																							
HallAB_2017	p8649_mo3	p8649	stool		IBD	IBD			adult		USA	no	IlluminaMiSeq	Qiagen	29183332	120281418	11867775099	50	101	SRR5650041			Marisa_Metzger			90.0					Boston	3.0					CD																																				437.0	0.0																																																							
HallAB_2017	p8582_mo5	p8582	stool		IBD	IBD			adult		USA	no	IlluminaMiSeq	Qiagen	29183332	17718166	1767666154	63	101	SRR5650042			Marisa_Metzger			150.0					Boston	5.0					CD																																				40.0	1.0																																																							
HallAB_2017	p8582_mo7	p8582	stool		IBD	IBD			adult		USA	no	IlluminaMiSeq	Qiagen	29183332	17190736	1713037850	63	101	SRR5650043			Marisa_Metzger			210.0					Boston	7.0					CD																																				26.28439	1.0																																																							
HallAB_2017	p8582_mo6	p8582	stool		IBD	IBD			adult		USA	no	IlluminaMiSeq	Qiagen	29183332	15798474	1575874446	63	101	SRR5650044			Marisa_Metzger			180.0					Boston	6.0					CD																																				33.0	2.0																																																							
HallAB_2017	p9281_mo5	p9281	stool		control	Health			adult		USA	no	IlluminaMiSeq	Qiagen	29183332	33000810	3290590181	50	101	SRR5650045			Marisa_Metzger			150.0					Boston	5.0																																									18.644																																																								
HallAB_2017	p9281_mo6	p9281	stool		control	Health			adult		USA	no	IlluminaMiSeq	Qiagen	29183332	193002	18033621	50	99	SRR5650046			Marisa_Metzger			180.0					Boston	6.0																																									0.3319																																																								
HallAB_2017	p9223_mo7	p9223	stool		control	Health			adult		USA	no	IlluminaMiSeq	Qiagen	29183332	31864464	3174060286	50	101	SRR5650047			Marisa_Metzger			210.0					Boston	7.0																																									0.4498																																																								
HallAB_2017	p9223_mo8	p9223	stool		control	Health			adult		USA	no	IlluminaMiSeq	Qiagen	29183332	37352720	3702701360	50	101	SRR5650048			Marisa_Metzger			240.0					Boston	8.0																																									0.1464																																																								
HallAB_2017	p9223_mo5	p9223	stool		control	Health			adult		USA	no	IlluminaMiSeq	Qiagen	29183332	12749314	1262264357	50	101	SRR5650049			Marisa_Metzger			150.0					Boston	5.0																																									0.0																																																								
HallAB_2017	p9223_mo6	p9223	stool		control	Health			adult		USA	no	IlluminaMiSeq	Qiagen	29183332	30918614	3067611992	50	101	SRR5650050			Marisa_Metzger			180.0					Boston	6.0																																									1.2802																																																								
HallAB_2017	p9281_mo3	p9281	stool		control	Health			adult		USA	no	IlluminaMiSeq	Qiagen	29183332	14154446	1401159829	50	101	SRR5650051			Marisa_Metzger			90.0					Boston	3.0																																									0.0159																																																								
HallAB_2017	p9281_mo4	p9281	stool		control	Health			adult		USA	no	IlluminaMiSeq	Qiagen	29183332	36529280	3617478981	50	101	SRR5650052			Marisa_Metzger			120.0					Boston	4.0																																									0.0744																																																								
HallAB_2017	p9281_mo1	p9281	stool		control	Health			adult		USA	no	IlluminaMiSeq	Qiagen	29183332	28122452	2800474331	50	101	SRR5650053			Marisa_Metzger			30.0					Boston	1.0																																									2.7169																																																								
HallAB_2017	p9281_mo2	p9281	stool		control	Health			adult		USA	no	IlluminaMiSeq	Qiagen	29183332	49051550	4863527867	50	101	SRR5650054			Marisa_Metzger			60.0					Boston	2.0																																									3.0823																																																								
HallAB_2017	p8646_mo3	p8646	stool		IBD	IBD			adult		USA	no	IlluminaMiSeq	Qiagen	29183332	19415372	1937406386	63	101	SRR5650055			Marisa_Metzger			90.0					Boston	3.0					UC																																				93.0		2.0																																																						
HallAB_2017	p8646_mo2	p8646	stool		IBD	IBD			adult		USA	no	IlluminaMiSeq	Qiagen	29183332	20251554	2019568569	63	101	SRR5650056			Marisa_Metzger			60.0					Boston	2.0					UC																																				102.0		2.0																																																						
HallAB_2017	p8646_mo12	p8646	stool		IBD	IBD			adult		USA	no	IlluminaMiSeq	Qiagen	29183332	34562218	3404915902	54	101	SRR5650057			Marisa_Metzger			360.0					Boston	12.0					UC																																				327.166		2.0																																																						
HallAB_2017	p8646_mo11	p8646	stool		IBD	IBD			adult		USA	no	IlluminaMiSeq	Qiagen	29183332	39182144	3855711151	54	101	SRR5650058			Marisa_Metzger			330.0					Boston	11.0					UC																																				188.628		2.0																																																						
HallAB_2017	p8646_mo10	p8646	stool		IBD	IBD			adult		USA	no	IlluminaMiSeq	Qiagen	29183332	37496970	3685738087	54	101	SRR5650059			Marisa_Metzger			300.0					Boston	10.0					UC																																				283.7161		2.0																																																						
HallAB_2017	p8646_mo1	p8646	stool		IBD	IBD			adult		USA	no	IlluminaMiSeq	Qiagen	29183332	17198616	1718106431	63	101	SRR5650060			Marisa_Metzger			30.0					Boston	1.0					UC																																				25.0																																																								
HallAB_2017	p8600_mo9	p8600	stool		IBD	IBD			adult		USA	no	IlluminaMiSeq	Qiagen	29183332	96566006	9515267834	50	101	SRR5650061			Marisa_Metzger			270.0					Boston	9.0					UC																																				18.561		1.0																																																						
HallAB_2017	p8600_mo8	p8600	stool		IBD	IBD			adult		USA	no	IlluminaMiSeq	Qiagen	29183332	106166204	10382211900	50	101	SRR5650062			Marisa_Metzger			240.0					Boston	8.0					UC																																				25.705		0.0																																																						
HallAB_2017	p8646_mo5	p8646	stool		IBD	IBD			adult		USA	no	IlluminaMiSeq	Qiagen	29183332	118326242	11645652799	50	101	SRR5650063			Marisa_Metzger			150.0					Boston	5.0					UC																																				76.717																																																								
HallAB_2017	p8646_mo4	p8646	stool		IBD	IBD			adult		USA	no	IlluminaMiSeq	Qiagen	29183332	20357584	2031037059	63	101	SRR5650064			Marisa_Metzger			120.0					Boston	4.0					UC																																				172.55		1.0																																																						
HallAB_2017	p8808_mo7	p8808	stool		IBD	IBD			adult		USA	no	IlluminaMiSeq	Qiagen	29183332	56691360	5576087866	50	101	SRR5650065			Marisa_Metzger			210.0					Boston	7.0					CD																																				129.5681	0.0																																																							
HallAB_2017	p8808_mo6	p8808	stool		IBD	IBD			adult		USA	no	IlluminaMiSeq	Qiagen	29183332	6048058	593798003	50	101	SRR5650066			Marisa_Metzger			180.0					Boston	6.0					CD																																				229.4985	1.0																																																							
HallAB_2017	p8808_mo9	p8808	stool		IBD	IBD			adult		USA	no	IlluminaMiSeq	Qiagen	29183332	10094950	992124167	50	101	SRR5650067			Marisa_Metzger			270.0					Boston	9.0					CD																																				36.01283	1.0																																																							
HallAB_2017	p8808_mo8	p8808	stool		IBD	IBD			adult		USA	no	IlluminaMiSeq	Qiagen	29183332	47659550	4686473362	50	101	SRR5650068			Marisa_Metzger			240.0					Boston	8.0					CD																																				12.67518	3.0																																																							
HallAB_2017	p8808_mo12	p8808	stool		IBD	IBD			adult		USA	no	IlluminaMiSeq	Qiagen	29183332	27005552	2675192683	50	101	SRR5650069			Marisa_Metzger			360.0					Boston	12.0					CD																																				16.30497	5.0																																																							
HallAB_2017	p8808_mo11	p8808	stool		IBD	IBD			adult		USA	no	IlluminaMiSeq	Qiagen	29183332	65730070	6456279598	50	101	SRR5650070			Marisa_Metzger			330.0					Boston	11.0					CD																																				236.9778	8.0																																																							
HallAB_2017	p8883_mo2	p8883	stool		IBD	IBD			adult		USA	no	IlluminaMiSeq	Qiagen	29183332	45829310	4502308058	50	101	SRR5650071			Marisa_Metzger			60.0					Boston	2.0					UC																																				0.236875																																																								
HallAB_2017	p8808_mo4	p8808	stool		IBD	IBD			adult		USA	no	IlluminaMiSeq	Qiagen	29183332	23215066	2280662104	50	101	SRR5650072			Marisa_Metzger			120.0					Boston	4.0					CD																																				44.43848	3.0																																																							
HallAB_2017	p8816_mo10	p8816	stool		IBD	IBD			adult		USA	no	IlluminaMiSeq	Qiagen	29183332	81743748	8119253669	50	101	SRR5650073			Marisa_Metzger			300.0					Boston	10.0					CD																																				4.512866	1.0																																																							
HallAB_2017	p8816_mo1	p8816	stool		IBD	IBD			adult		USA	no	IlluminaMiSeq	Qiagen	29183332	97391286	9574312377	50	101	SRR5650074			Marisa_Metzger			30.0					Boston	1.0					CD																																				102.5644	4.0																																																							
HallAB_2017	p8883_mo3	p8883	stool		IBD	IBD			adult		USA	no	IlluminaMiSeq	Qiagen	29183332	42846530	4214743051	50	101	SRR5650075			Marisa_Metzger			90.0					Boston	3.0					UC																																				19.89626																																																								
HallAB_2017	p8600_mo1	p8600	stool		IBD	IBD			adult		USA	no	IlluminaMiSeq	Qiagen	29183332	18426822	1842986760	63	101	SRR5650076			Marisa_Metzger			30.0					Boston	1.0					UC																																				25.0																																																								
HallAB_2017	p8600_mo10	p8600	stool		IBD	IBD			adult		USA	no	IlluminaMiSeq	Qiagen	29183332	42838038	4212021181	50	101	SRR5650077			Marisa_Metzger			300.0					Boston	10.0					UC																																				55.657																																																								
HallAB_2017	p8600_mo11	p8600	stool		IBD	IBD			adult		USA	no	IlluminaMiSeq	Qiagen	29183332	41763066	4103239463	54	101	SRR5650078			Marisa_Metzger			330.0					Boston	11.0					UC																																				41.69086		0.0																																																						
HallAB_2017	p8600_mo12	p8600	stool		IBD	IBD			adult		USA	no	IlluminaMiSeq	Qiagen	29183332	37104818	3632294925	54	101	SRR5650079			Marisa_Metzger			360.0					Boston	12.0					UC																																				57.18498		0.0																																																						
HallAB_2017	p8600_mo2	p8600	stool		IBD	IBD			adult		USA	no	IlluminaMiSeq	Qiagen	29183332	43026742	4236932263	54	101	SRR5650080			Marisa_Metzger			60.0					Boston	2.0					UC																																				66.0																																																								
HallAB_2017	p8600_mo3	p8600	stool		IBD	IBD			adult		USA	no	IlluminaMiSeq	Qiagen	29183332	16839892	1682659597	63	101	SRR5650081			Marisa_Metzger			90.0					Boston	3.0					UC																																				88.0																																																								
HallAB_2017	p8600_mo4	p8600	stool		IBD	IBD			adult		USA	no	IlluminaMiSeq	Qiagen	29183332	16468096	1644603428	63	101	SRR5650082			Marisa_Metzger			120.0					Boston	4.0					UC																																				19.0																																																								
HallAB_2017	p8600_mo5	p8600	stool		IBD	IBD			adult		USA	no	IlluminaMiSeq	Qiagen	29183332	17652094	1761067871	63	101	SRR5650083			Marisa_Metzger			150.0					Boston	5.0					UC																																				30.0		0.0																																																						
HallAB_2017	p8600_mo6	p8600	stool		IBD	IBD			adult		USA	no	IlluminaMiSeq	Qiagen	29183332	17354316	1729694895	63	101	SRR5650084			Marisa_Metzger			180.0					Boston	6.0					UC																																				28.743		0.0																																																						
HallAB_2017	p8600_mo7	p8600	stool		IBD	IBD			adult		USA	no	IlluminaMiSeq	Qiagen	29183332	41011432	4024112515	54	101	SRR5650085			Marisa_Metzger			210.0					Boston	7.0					UC																																				22.182		0.0																																																						
HallAB_2017	p8775_mo7	p8775	stool		IBD	IBD			adult		USA	no	IlluminaMiSeq	Qiagen	29183332	42851276	4220193144	54	101	SRR5650086			Marisa_Metzger			210.0					Boston	7.0					CD																																				29.81886	2.0																																																							
HallAB_2017	p8775_mo8	p8775	stool		IBD	IBD			adult		USA	no	IlluminaMiSeq	Qiagen	29183332	44274006	4347099950	54	101	SRR5650087			Marisa_Metzger			240.0					Boston	8.0					CD																																				37.60738	2.0																																																							
HallAB_2017	p8775_mo5	p8775	stool		IBD	IBD			adult		USA	no	IlluminaMiSeq	Qiagen	29183332	34599892	3390945765	54	101	SRR5650088			Marisa_Metzger			150.0					Boston	5.0					CD																																				29.31427	3.0																																																							
HallAB_2017	p8775_mo6	p8775	stool		IBD	IBD			adult		USA	no	IlluminaMiSeq	Qiagen	29183332	40953308	4026230987	54	101	SRR5650089			Marisa_Metzger			180.0					Boston	6.0					CD																																				13.88455	1.0																																																							
HallAB_2017	p8775_mo3	p8775	stool		IBD	IBD			adult		USA	no	IlluminaMiSeq	Qiagen	29183332	40250330	3948559941	54	101	SRR5650090			Marisa_Metzger			90.0					Boston	3.0					CD																																				29.295	4.0																																																							
HallAB_2017	p8775_mo4	p8775	stool		IBD	IBD			adult		USA	no	IlluminaMiSeq	Qiagen	29183332	37991682	3728810238	50	101	SRR5650091			Marisa_Metzger			120.0					Boston	4.0					CD																																				18.48407	3.0																																																							
HallAB_2017	p8775_mo12	p8775	stool		IBD	IBD			adult		USA	no	IlluminaMiSeq	Qiagen	29183332	45474356	4468246746	50	101	SRR5650092			Marisa_Metzger			360.0					Boston	12.0					CD																																				25.88511	2.0																																																							
HallAB_2017	p8775_mo2	p8775	stool		IBD	IBD			adult		USA	no	IlluminaMiSeq	Qiagen	29183332	115067222	11326053931	50	101	SRR5650093			Marisa_Metzger			60.0					Boston	2.0					CD																																				57.404	3.0																																																							
HallAB_2017	p8775_mo9	p8775	stool		IBD	IBD			adult		USA	no	IlluminaMiSeq	Qiagen	29183332	34303592	3422225077	50	101	SRR5650094			Marisa_Metzger			270.0					Boston	9.0					CD																																				36.40512	1.0																																																							
HallAB_2017	p8808_mo10	p8808	stool		IBD	IBD			adult		USA	no	IlluminaMiSeq	Qiagen	29183332	2026214	198223313	50	101	SRR5650095			Marisa_Metzger			300.0					Boston	10.0					CD																																				95.12998	1.0																																																							
HallAB_2017	p8816_mo8	p8816	stool		IBD	IBD			adult		USA	no	IlluminaMiSeq	Qiagen	29183332	35476288	3490310779	54	101	SRR5650096			Marisa_Metzger			240.0					Boston	8.0					CD																																				35.59169	1.0																																																							
HallAB_2017	p8816_mo9	p8816	stool		IBD	IBD			adult		USA	no	IlluminaMiSeq	Qiagen	29183332	26138200	2594506373	50	101	SRR5650097			Marisa_Metzger			270.0					Boston	9.0					CD																																				10.19851	1.0																																																							
HallAB_2017	p8816_mo4	p8816	stool		IBD	IBD			adult		USA	no	IlluminaMiSeq	Qiagen	29183332	36448302	3580735508	54	101	SRR5650098			Marisa_Metzger			120.0					Boston	4.0					CD																																				53.08782	3.0																																																							
HallAB_2017	p8816_mo5	p8816	stool		IBD	IBD			adult		USA	no	IlluminaMiSeq	Qiagen	29183332	45306042	4442411213	50	101	SRR5650099			Marisa_Metzger			150.0					Boston	5.0					CD																																				107.854	3.0																																																							
HallAB_2017	p8816_mo6	p8816	stool		IBD	IBD			adult		USA	no	IlluminaMiSeq	Qiagen	29183332	41520430	4074875776	54	101	SRR5650100			Marisa_Metzger			180.0					Boston	6.0					CD																																				36.21383	8.0																																																							
HallAB_2017	p8816_mo7	p8816	stool		IBD	IBD			adult		USA	no	IlluminaMiSeq	Qiagen	29183332	36190694	3558332550	54	101	SRR5650101			Marisa_Metzger			210.0					Boston	7.0					CD																																				6.226483	5.0																																																							
HallAB_2017	p8816_mo11	p8816	stool		IBD	IBD			adult		USA	no	IlluminaMiSeq	Qiagen	29183332	29411698	2932233442	50	101	SRR5650102			Marisa_Metzger			330.0					Boston	11.0					CD																																				46.15817	2.0																																																							
HallAB_2017	p8816_mo12	p8816	stool		IBD	IBD			adult		USA	no	IlluminaMiSeq	Qiagen	29183332	63462432	6299899474	50	101	SRR5650103			Marisa_Metzger			360.0					Boston	12.0					CD																																				53.13326	4.0																																																							
HallAB_2017	p8816_mo2	p8816	stool		IBD	IBD			adult		USA	no	IlluminaMiSeq	Qiagen	29183332	89796326	8848618797	50	101	SRR5650104			Marisa_Metzger			60.0					Boston	2.0					CD																																				19.326	4.0																																																							
HallAB_2017	p8816_mo3	p8816	stool		IBD	IBD			adult		USA	no	IlluminaMiSeq	Qiagen	29183332	41784052	4097171348	54	101	SRR5650105			Marisa_Metzger			90.0					Boston	3.0					CD																																				21.53758																																																								
HallAB_2017	p8585_mo9	p8585	stool		IBD	IBD			adult		USA	no	IlluminaMiSeq	Qiagen	29183332	46365942	4600515029	50	101	SRR5650106			Marisa_Metzger			270.0					Boston	9.0					CD																																				16.546																																																								
HallAB_2017	p8585_mo8	p8585	stool		IBD	IBD			adult		USA	no	IlluminaMiSeq	Qiagen	29183332	40219880	3961221292	50	101	SRR5650107			Marisa_Metzger			240.0					Boston	8.0					CD																																				271.05	2.0																																																							
HallAB_2017	p8585_mo4	p8585	stool		IBD	IBD			adult		USA	no	IlluminaMiSeq	Qiagen	29183332	17202856	1717628552	63	101	SRR5650108			Marisa_Metzger			120.0					Boston	4.0					CD																																				737.0	1.0																																																							
HallAB_2017	p8585_mo3	p8585	stool		IBD	IBD			adult		USA	no	IlluminaMiSeq	Qiagen	29183332	14758928	1473188407	63	101	SRR5650109			Marisa_Metzger			90.0					Boston	3.0					CD																																				1068.0	1.0																																																							
HallAB_2017	p8585_mo7	p8585	stool		IBD	IBD			adult		USA	no	IlluminaMiSeq	Qiagen	29183332	111587640	10994522469	50	101	SRR5650110			Marisa_Metzger			210.0					Boston	7.0					CD																																				596.72																																																								
HallAB_2017	p8585_mo6	p8585	stool		IBD	IBD			adult		USA	no	IlluminaMiSeq	Qiagen	29183332	16759728	1673798539	63	101	SRR5650111			Marisa_Metzger			180.0					Boston	6.0					CD																																				441.19																																																								
HallAB_2017	p8582_mo9	p8582	stool		IBD	IBD			adult		USA	no	IlluminaMiSeq	Qiagen	29183332	8946276	878600877	50	101	SRR5650112			Marisa_Metzger			270.0					Boston	9.0					CD																																				52.322	0.0																																																							
HallAB_2017	p8582_mo8	p8582	stool		IBD	IBD			adult		USA	no	IlluminaMiSeq	Qiagen	29183332	43338684	4254230041	54	101	SRR5650113			Marisa_Metzger			240.0					Boston	8.0					CD																																				26.29514	0.0																																																							
HallAB_2017	p8585_mo2	p8585	stool		IBD	IBD			adult		USA	no	IlluminaMiSeq	Qiagen	29183332	13636436	1359839891	63	101	SRR5650114			Marisa_Metzger			60.0					Boston	2.0					CD																																				1086.0	0.0																																																							
HallAB_2017	p8585_mo1	p8585	stool		IBD	IBD			adult		USA	no	IlluminaMiSeq	Qiagen	29183332	47118382	4567635647	54	101	SRR5650115			Marisa_Metzger			30.0					Boston	1.0					CD																																				213.4963	0.0																																																							
HallAB_2017	p8883_mo12	p8883	stool		IBD	IBD			adult		USA	no	IlluminaMiSeq	Qiagen	29183332	14495182	1437571767	50	101	SRR5650116			Marisa_Metzger			360.0					Boston	12.0					UC																																				226.2		5.0																																																						
HallAB_2017	p8883_mo11	p8883	stool		IBD	IBD			adult		USA	no	IlluminaMiSeq	Qiagen	29183332	33994888	3336589185	50	101	SRR5650117			Marisa_Metzger			330.0					Boston	11.0					UC																																				185.5263		4.0																																																						
HallAB_2017	p8855_mo3	p8855	stool		IBD	IBD			adult		USA	no	IlluminaMiSeq	Qiagen	29183332	36906934	3620999125	50	101	SRR5650118			Marisa_Metzger			90.0					Boston	3.0					CD																																				320.1074	6.0																																																							
HallAB_2017	p8855_mo12	p8855	stool		IBD	IBD			adult		USA	no	IlluminaMiSeq	Qiagen	29183332	45785130	4502259635	50	101	SRR5650119			Marisa_Metzger			360.0					Boston	12.0					CD																																				24.56768	1.0																																																							
HallAB_2017	p8855_mo11	p8855	stool		IBD	IBD			adult		USA	no	IlluminaMiSeq	Qiagen	29183332	39525016	3888687662	50	101	SRR5650120			Marisa_Metzger			330.0					Boston	11.0					CD																																				144.6745	0.0																																																							
HallAB_2017	p8855_mo10	p8855	stool		IBD	IBD			adult		USA	no	IlluminaMiSeq	Qiagen	29183332	17282984	1712405995	50	101	SRR5650121			Marisa_Metzger			300.0					Boston	10.0					CD																																				10.69241	1.0																																																							
HallAB_2017	p8883_mo10	p8883	stool		IBD	IBD			adult		USA	no	IlluminaMiSeq	Qiagen	29183332	14283096	1414621317	50	101	SRR5650122			Marisa_Metzger			300.0					Boston	10.0					UC																																				172.5982		4.0																																																						
HallAB_2017	p8855_mo9	p8855	stool		IBD	IBD			adult		USA	no	IlluminaMiSeq	Qiagen	29183332	24802650	2434246957	50	101	SRR5650123			Marisa_Metzger			270.0					Boston	9.0					CD																																				22.41812	0.0																																																							
HallAB_2017	p8855_mo8	p8855	stool		IBD	IBD			adult		USA	no	IlluminaMiSeq	Qiagen	29183332	19467202	1927019450	50	101	SRR5650124			Marisa_Metzger			240.0					Boston	8.0					CD																																				111.5392	0.0																																																							
HallAB_2017	p8855_mo4	p8855	stool		IBD	IBD			adult		USA	no	IlluminaMiSeq	Qiagen	29183332	41356952	4060831795	50	101	SRR5650125			Marisa_Metzger			120.0					Boston	4.0					CD																																				248.0301	3.0																																																							
HallAB_2017	p8808_mo5	p8808	stool		IBD	IBD			adult		USA	no	IlluminaMiSeq	Qiagen	29183332	17631256	1730186418	50	101	SRR5650126			Marisa_Metzger			150.0					Boston	5.0					CD																																				63.86416	4.0																																																							
HallAB_2017	p8883_mo9	p8883	stool		IBD	IBD			adult		USA	no	IlluminaMiSeq	Qiagen	29183332	16480066	1633088849	50	101	SRR5650127			Marisa_Metzger			270.0					Boston	9.0					UC																																				232.2546		3.0																																																						
HallAB_2017	p9061_mo1	p9061	stool		IBD	IBD			adult		USA	no	IlluminaMiSeq	Qiagen	29183332	38565654	3785751209	50	101	SRR5650128			Marisa_Metzger			30.0					Boston	1.0					UC																																				216.6		0.0																																																						
HallAB_2017	p8883_mo7	p8883	stool		IBD	IBD			adult		USA	no	IlluminaMiSeq	Qiagen	29183332	53153950	5222519132	50	101	SRR5650129			Marisa_Metzger			210.0					Boston	7.0					UC																																				136.8974		4.0																																																						
HallAB_2017	p8883_mo8	p8883	stool		IBD	IBD			adult		USA	no	IlluminaMiSeq	Qiagen	29183332	21498658	2108533478	50	101	SRR5650130			Marisa_Metzger			240.0					Boston	8.0					UC																																				297.4967		2.0																																																						
HallAB_2017	p8883_mo4	p8883	stool		IBD	IBD			adult		USA	no	IlluminaMiSeq	Qiagen	29183332	6439428	632310649	50	101	SRR5650131			Marisa_Metzger			120.0					Boston	4.0					UC																																				12.81397		2.0																																																						
HallAB_2017	p8582_mo11	p8582	stool		IBD	IBD			adult		USA	no	IlluminaMiSeq	Qiagen	29183332	119519042	11766443190	50	101	SRR5650132			Marisa_Metzger			330.0					Boston	11.0					CD																																				36.542	0.0																																																							
HallAB_2017	p8582_mo10	p8582	stool		IBD	IBD			adult		USA	no	IlluminaMiSeq	Qiagen	29183332	108363978	10650811797	50	101	SRR5650133			Marisa_Metzger			300.0					Boston	10.0					CD																																				23.429																																																								
HallAB_2017	p8582_mo1	p8582	stool		IBD	IBD			adult		USA	no	IlluminaMiSeq	Qiagen	29183332	19899922	1986386907	63	101	SRR5650134			Marisa_Metzger			30.0					Boston	1.0					CD																																				69.02708	4.0																																																							
HallAB_2017	p9061_mo2	p9061	stool		IBD	IBD			adult		USA	no	IlluminaMiSeq	Qiagen	29183332	16397502	1609173858	50	101	SRR5650135			Marisa_Metzger			60.0					Boston	2.0					UC																																				231.5		6.0																																																						
HallAB_2017	p9061_mo3	p9061	stool		IBD	IBD			adult		USA	no	IlluminaMiSeq	Qiagen	29183332	40877072	4050121147	50	101	SRR5650136			Marisa_Metzger			90.0					Boston	3.0					UC																																				70.556		0.0																																																						
HallAB_2017	p8775_mo11	p8775	stool		IBD	IBD			adult		USA	no	IlluminaMiSeq	Qiagen	29183332	19976408	1979937979	50	101	SRR5650137			Marisa_Metzger			330.0					Boston	11.0					CD																																				58.16085	2.0																																																							
HallAB_2017	p8775_mo10	p8775	stool		IBD	IBD			adult		USA	no	IlluminaMiSeq	Qiagen	29183332	29637256	2907541884	50	101	SRR5650138			Marisa_Metzger			300.0					Boston	10.0					CD																																				92.23927	2.0																																																							
HallAB_2017	p8748_mo6	p8748	stool		IBD	IBD			adult		USA	no	IlluminaMiSeq	Qiagen	29183332	34742692	3462677566	50	101	SRR5650139			Marisa_Metzger			180.0					Boston	6.0					CD																																				5.672762	0.0																																																							
HallAB_2017	p8748_mo5	p8748	stool		IBD	IBD			adult		USA	no	IlluminaMiSeq	Qiagen	29183332	47426868	4656691604	50	101	SRR5650140			Marisa_Metzger			150.0					Boston	5.0					CD																																				7.611717	0.0																																																							
HallAB_2017	p8748_mo4	p8748	stool		IBD	IBD			adult		USA	no	IlluminaMiSeq	Qiagen	29183332	52691978	5231233838	50	101	SRR5650141			Marisa_Metzger			120.0					Boston	4.0					CD																																				7.082242	0.0																																																							
HallAB_2017	p8748_mo12	p8748	stool		IBD	IBD			adult		USA	no	IlluminaMiSeq	Qiagen	29183332	34368046	3406878769	50	101	SRR5650142			Marisa_Metzger			360.0					Boston	12.0					CD																																				4.508561	0.0																																																							
HallAB_2017	p8775_mo1	p8775	stool		IBD	IBD			adult		USA	no	IlluminaMiSeq	Qiagen	29183332	130374852	12780652342	50	101	SRR5650143			Marisa_Metzger			30.0					Boston	1.0					CD																																				541.31																																																								
HallAB_2017	p8748_mo9	p8748	stool		IBD	IBD			adult		USA	no	IlluminaMiSeq	Qiagen	29183332	19637810	1943672134	50	101	SRR5650144			Marisa_Metzger			270.0					Boston	9.0					CD																																				8.044389	0.0																																																							
HallAB_2017	p8748_mo8	p8748	stool		IBD	IBD			adult		USA	no	IlluminaMiSeq	Qiagen	29183332	29196962	2913017079	50	101	SRR5650145			Marisa_Metzger			240.0					Boston	8.0					CD																																				8.498529	0.0																																																							
HallAB_2017	p8748_mo7	p8748	stool		IBD	IBD			adult		USA	no	IlluminaMiSeq	Qiagen	29183332	29933750	2987313073	50	101	SRR5650146			Marisa_Metzger			210.0					Boston	7.0					CD																																				35.9348	1.0																																																							
HallAB_2017	p9193_mo1	p9193	stool		IBD	IBD			adult		USA	no	IlluminaMiSeq	Qiagen	29183332	44587400	4426313239	50	101	SRR5650147			Marisa_Metzger			30.0					Boston	1.0					UC																																				67.885		1.0																																																						
HallAB_2017	p9061_mo8	p9061	stool		IBD	IBD			adult		USA	no	IlluminaMiSeq	Qiagen	29183332	46056568	4532510719	50	101	SRR5650148			Marisa_Metzger			240.0					Boston	8.0					UC																																				151.85		2.0																																																						
HallAB_2017	p9193_mo4	p9193	stool		IBD	IBD			adult		USA	no	IlluminaMiSeq	Qiagen	29183332	31804448	3161970651	50	101	SRR5650149			Marisa_Metzger			120.0					Boston	4.0					UC																																				8.6781		1.0																																																						
HallAB_2017	p9193_mo2	p9193	stool		IBD	IBD			adult		USA	no	IlluminaMiSeq	Qiagen	29183332	51087648	5069971594	50	101	SRR5650150			Marisa_Metzger			60.0					Boston	2.0					UC																																				22.038		2.0																																																						
HallAB_2017	p9061_mo5	p9061	stool		IBD	IBD			adult		USA	no	IlluminaMiSeq	Qiagen	29183332	28693852	2862264009	50	101	SRR5650151			Marisa_Metzger			150.0					Boston	5.0					UC																																				10.097		1.0																																																						
HallAB_2017	p9061_mo4	p9061	stool		IBD	IBD			adult		USA	no	IlluminaMiSeq	Qiagen	29183332	38090164	3791369164	50	101	SRR5650152			Marisa_Metzger			120.0					Boston	4.0					UC																																				228.9		1.0																																																						
HallAB_2017	p9061_mo7	p9061	stool		IBD	IBD			adult		USA	no	IlluminaMiSeq	Qiagen	29183332	16599802	1645915738	50	101	SRR5650153			Marisa_Metzger			210.0					Boston	7.0					UC																																				17.169		0.0																																																						
HallAB_2017	p9061_mo6	p9061	stool		IBD	IBD			adult		USA	no	IlluminaMiSeq	Qiagen	29183332	11997866	1188110129	50	101	SRR5650154			Marisa_Metzger			180.0					Boston	6.0					UC																																				29.8		0.0																																																						
HallAB_2017	p9193_mo6	p9193	stool		IBD	IBD			adult		USA	no	IlluminaMiSeq	Qiagen	29183332	19082138	1875136628	50	101	SRR5650155			Marisa_Metzger			180.0					Boston	6.0					UC																																				0.0901		0.0																																																						
HallAB_2017	p9193_mo5	p9193	stool		IBD	IBD			adult		USA	no	IlluminaMiSeq	Qiagen	29183332	53598480	5268025188	50	101	SRR5650156			Marisa_Metzger			150.0					Boston	5.0					UC																																				0.8524		0.0																																																						
HallAB_2017	p8712_mo6	p8712	stool		IBD	IBD			adult		USA	no	IlluminaMiSeq	Qiagen	29183332	32216418	3136288098	54	101	SRR5650157			Marisa_Metzger			180.0					Boston	6.0					UC																																				268.9461		7.0																																																						
HallAB_2017	p8712_mo7	p8712	stool		IBD	IBD			adult		USA	no	IlluminaMiSeq	Qiagen	29183332	45897854	4518739178	54	101	SRR5650158			Marisa_Metzger			210.0					Boston	7.0					UC																																				222.0344		5.0																																																						
HallAB_2017	p8712_mo8	p8712	stool		IBD	IBD			adult		USA	no	IlluminaMiSeq	Qiagen	29183332	40116142	3931634644	54	101	SRR5650159			Marisa_Metzger			240.0					Boston	8.0					UC																																				190.5567		5.0																																																						
HallAB_2017	p8712_mo9	p8712	stool		IBD	IBD			adult		USA	no	IlluminaMiSeq	Qiagen	29183332	36693514	3565056676	54	101	SRR5650160			Marisa_Metzger			270.0					Boston	9.0					UC																																				27.78147		1.0																																																						
HallAB_2017	p8712_mo2	p8712	stool		IBD	IBD			adult		USA	no	IlluminaMiSeq	Qiagen	29183332	103976626	10245954651	50	101	SRR5650161			Marisa_Metzger			60.0					Boston	2.0					UC																																				39.244		3.0																																																						
HallAB_2017	p8712_mo3	p8712	stool		IBD	IBD			adult		USA	no	IlluminaMiSeq	Qiagen	29183332	113888924	11182617559	50	101	SRR5650162			Marisa_Metzger			90.0					Boston	3.0					UC																																				138.33																																																								
HallAB_2017	p8712_mo4	p8712	stool		IBD	IBD			adult		USA	no	IlluminaMiSeq	Qiagen	29183332	127737328	12571566480	50	101	SRR5650163			Marisa_Metzger			120.0					Boston	4.0					UC																																				176.28		0.0																																																						
HallAB_2017	p8712_mo5	p8712	stool		IBD	IBD			adult		USA	no	IlluminaMiSeq	Qiagen	29183332	38546744	3780120901	54	101	SRR5650164			Marisa_Metzger			150.0					Boston	5.0					UC																																				114.1																																																								
HallAB_2017	p8748_mo10	p8748	stool		IBD	IBD			adult		USA	no	IlluminaMiSeq	Qiagen	29183332	29871652	2967311886	50	101	SRR5650165			Marisa_Metzger			300.0					Boston	10.0					CD																																				8.256693	0.0																																																							
HallAB_2017	p8748_mo11	p8748	stool		IBD	IBD			adult		USA	no	IlluminaMiSeq	Qiagen	29183332	6625834	656332568	50	101	SRR5650166			Marisa_Metzger			330.0					Boston	11.0					CD																																				38.94441	1.0																																																							
HallAB_2017	p9193_mo7	p9193	stool		IBD	IBD			adult		USA	no	IlluminaMiSeq	Qiagen	29183332	9820404	972579996	50	101	SRR5650167			Marisa_Metzger			210.0					Boston	7.0					UC																																				16.342		0.0																																																						
HallAB_2017	p9216_mo1	p9216	stool		IBD	IBD			adult		USA	no	IlluminaMiSeq	Qiagen	29183332	33771820	3348438058	50	101	SRR5650168			Marisa_Metzger			30.0					Boston	1.0					CD																																				134.56																																																								
HallAB_2017	p9216_mo2	p9216	stool		IBD	IBD			adult		USA	no	IlluminaMiSeq	Qiagen	29183332	48368	4424527	54	93	SRR5650169			Marisa_Metzger			60.0					Boston	2.0					CD																																				119.81	3.0																																																							
HallAB_2017	p9216_mo3	p9216	stool		IBD	IBD			adult		USA	no	IlluminaMiSeq	Qiagen	29183332	52348810	5153786892	50	101	SRR5650170			Marisa_Metzger			90.0					Boston	3.0					UC																																																																																												
HallAB_2017	p9216_mo4	p9216	stool		IBD	IBD			adult		USA	no	IlluminaMiSeq	Qiagen	29183332	55277496	5481880214	50	101	SRR5650171			Marisa_Metzger			120.0					Boston	4.0					CD																																				107.64	4.0																																																							
HallAB_2017	p9216_mo5	p9216	stool		IBD	IBD			adult		USA	no	IlluminaMiSeq	Qiagen	29183332	43925802	4362226782	50	101	SRR5650172			Marisa_Metzger			150.0					Boston	5.0					CD																																				191.34	2.0																																																							
HallAB_2017	p9216_mo6	p9216	stool		IBD	IBD			adult		USA	no	IlluminaMiSeq	Qiagen	29183332	49828270	4940395214	50	101	SRR5650173			Marisa_Metzger			180.0					Boston	6.0					CD																																				12.949	2.0																																																							
HallAB_2017	p9216_mo7	p9216	stool		IBD	IBD			adult		USA	no	IlluminaMiSeq	Qiagen	29183332	60261428	5976908899	50	101	SRR5650174			Marisa_Metzger			210.0					Boston	7.0					CD																																				134.22	2.0																																																							
HallAB_2017	p9216_mo8	p9216	stool		IBD	IBD			adult		USA	no	IlluminaMiSeq	Qiagen	29183332	49999492	4957603042	50	101	SRR5650175			Marisa_Metzger			240.0					Boston	8.0					CD																																				12.271	0.0																																																							
HallAB_2017	p9220_mo1	p9220	stool		control	Health			adult		USA	no	IlluminaMiSeq	Qiagen	29183332	10288000	1018666815	50	101	SRR5650176			Marisa_Metzger			30.0					Boston	1.0																																									21.832																																																								
HallAB_2017	p8649_mo5	p8649	stool		IBD	IBD			adult		USA	no	IlluminaMiSeq	Qiagen	29183332	9064634	901693237	63	101	SRR5650177			Marisa_Metzger			150.0					Boston	5.0					CD																																				463.82	1.0																																																							
HallAB_2017	p8649_mo4	p8649	stool		IBD	IBD			adult		USA	no	IlluminaMiSeq	Qiagen	29183332	102300978	10110344335	50	101	SRR5650178			Marisa_Metzger			120.0					Boston	4.0					CD																																				462.72	1.0																																																							
HallAB_2017	p8649_mo7	p8649	stool		IBD	IBD			adult		USA	no	IlluminaMiSeq	Qiagen	29183332	106251630	10454588457	50	101	SRR5650179			Marisa_Metzger			210.0					Boston	7.0					CD																																				340.53																																																								
HallAB_2017	p8649_mo6	p8649	stool		IBD	IBD			adult		USA	no	IlluminaMiSeq	Qiagen	29183332	125695006	12377707589	50	101	SRR5650180			Marisa_Metzger			180.0					Boston	6.0					CD																																				269.76	1.0																																																							
HallAB_2017	p8649_mo9	p8649	stool		IBD	IBD			adult		USA	no	IlluminaMiSeq	Qiagen	29183332	35018914	3420501735	54	101	SRR5650181			Marisa_Metzger			270.0					Boston	9.0					CD																																				378.97	0.0																																																							
HallAB_2017	p8649_mo8	p8649	stool		IBD	IBD			adult		USA	no	IlluminaMiSeq	Qiagen	29183332	62917202	6186340887	50	101	SRR5650182			Marisa_Metzger			240.0					Boston	8.0					CD																																				272.99	1.0																																																							
HallAB_2017	p8712_mo10	p8712	stool		IBD	IBD			adult		USA	no	IlluminaMiSeq	Qiagen	29183332	29928888	2981382092	50	101	SRR5650183			Marisa_Metzger			300.0					Boston	10.0					UC																																				142.1399		0.0																																																						
HallAB_2017	p8712_mo1	p8712	stool		IBD	IBD			adult		USA	no	IlluminaMiSeq	Qiagen	29183332	38728762	3800705889	54	101	SRR5650184			Marisa_Metzger			30.0					Boston	1.0					UC																																				57.678																																																								
HallAB_2017	p8712_mo12	p8712	stool		IBD	IBD			adult		USA	no	IlluminaMiSeq	Qiagen	29183332	29454758	2928661752	50	101	SRR5650185			Marisa_Metzger			360.0					Boston	12.0					UC																																				164.1592		2.0																																																						
HallAB_2017	p8712_mo11	p8712	stool		IBD	IBD			adult		USA	no	IlluminaMiSeq	Qiagen	29183332	15860894	1571396908	50	101	SRR5650186			Marisa_Metzger			330.0					Boston	11.0					UC																																				11.20533		2.0																																																						
HallAB_2017	p8582_mo4	p8582	stool		IBD	IBD			adult		USA	no	IlluminaMiSeq	Qiagen	29183332	17489810	1746316854	63	101	SRR5650187			Marisa_Metzger			120.0					Boston	4.0					CD																																				22.0	1.0																																																							
HallAB_2017	p8582_mo3	p8582	stool		IBD	IBD			adult		USA	no	IlluminaMiSeq	Qiagen	29183332	15206554	1515649985	63	101	SRR5650188			Marisa_Metzger			90.0					Boston	3.0					CD																																				49.0	3.0																																																							
HallAB_2017	p8582_mo2	p8582	stool		IBD	IBD			adult		USA	no	IlluminaMiSeq	Qiagen	29183332	18231988	1816617641	63	101	SRR5650189			Marisa_Metzger			60.0					Boston	2.0					CD																																				33.0	3.0																																																							
HallAB_2017	p8582_mo12	p8582	stool		IBD	IBD			adult		USA	no	IlluminaMiSeq	Qiagen	29183332	32504638	3192533424	54	101	SRR5650190			Marisa_Metzger			360.0					Boston	12.0					CD																																				131.7301	1.0																																																							
