study_name	sample_id	subject_id	body_site	antibiotics_current_use	study_condition	disease	age	infant_age	age_category	gender	country	non_westernized	sequencing_platform	DNA_extraction_kit	PMID	number_reads	number_bases	minimum_read_length	median_read_length	NCBI_accession	pregnant	lactating	curator	BMI	family	days_from_first_collection	family_role	born_method	feeding_practice	travel_destination	location	visit_number	premature	birth_weight	gestational_age	antibiotics_family	disease_subtype	days_after_onset	creatine	albumine	hscrp	ESR	treatment	ast	alt	globulin	urea_nitrogen	BASDAI	BASFI	alcohol	flg_genotype	population	menopausal_status	lifestyle	body_subsite	diet	tnm	triglycerides	hdl	ldl	hba1c	smoker	ever_smoker	dental_sample_type	history_of_periodontitis	PPD_M	PPD_B	PPD_D	PPD_L	fobt	disease_stage	disease_location	calprotectin	HBI	SCCAI	uncurated_metadata	mumps	cholesterol	c_peptide	glucose	creatinine	bilubirin	prothrombin_time	wbc	rbc	hemoglobinometry	remission	dyastolic_p	systolic_p	insulin_cat	adiponectin	glp_1	cd163	il_1	leptin	fgf_19	glutamate_decarboxylase_2_antibody	HLA	autoantibody_positive	age_seroconversion	age_T1D_diagnosis	hitchip_probe_class	fasting_insulin	fasting_glucose	protein_intake	stec_count	shigatoxin_2_elisa	stool_texture	anti_PD_1	mgs_richness	ferm_milk_prod_consumer	inr	ctp	birth_control_pil	c_section_type	ajcc	hla_drb12	hla_dqa12	hla_dqa11	hla_drb11	birth_order	age_twins_started_to_live_apart	zigosity	brinkman_index	alcohol_numeric	breastfeeding_duration	formula_first_day	ALT	eGFR
KarlssonFH_2013	S118	S118	stool	no	control	Health	70.0		senior	female	SWE	no	IlluminaHiSeq		23719380	32745496	3307295096	101	101	ERR260250			Paolo_Manghi;Marisa_Metzger	32.7																	2.16																	47.85447338692	20.1847446504	57.86293466448	72.6																	212.2969824	1.53153	95.4954	74.0									no	12.3	0.7	522.14	0.0	23.0	108.38	1.8																																
KarlssonFH_2013	S121	S121	stool	no	control	Health	69.0		senior	female	SWE	no	IlluminaHiSeq		23719380	24783600	2503143600	101	101	ERR260251			Paolo_Manghi;Marisa_Metzger	29.7																	1.13																	43.1474760046	42.16368882528	31.54800830544	79.2																	200.3093568	2.7027	106.3062	68.0									no	12.2	0.8	767.02	0.0	72.1	156.83	0.1																																
KarlssonFH_2013	S126	S126	stool	no	control	Health	69.0		senior	female	DEU	no	IlluminaHiSeq		23719380	29518826	2981401426	101	101	ERR260252			Paolo_Manghi;Marisa_Metzger	18.6																	0.39																	77.66545680828	40.66852255488	52.330819464	81.4																	257.9272992	1.5015	81.081	63.0									no	15.6	0.1	806.45	0.0	4.75	100.46	0.7																																
KarlssonFH_2013	S127	S127	stool	no	control	Health	70.0		senior	female	SWE	no	IlluminaHiSeq		23719380	24554634	2480018034	101	101	ERR260253			Paolo_Manghi;Marisa_Metzger	26.6																	0.68																	90.2174498278	20.9323277856	62.34843347568	79.2																	235.4988384	3.42342	113.5134	114.0									no	11.7				25.4		0.7																																
KarlssonFH_2013	S137	S137	stool	no	control	Health	70.0		senior	female	SWE	no	IlluminaHiSeq		23719380	8310416	797799936	96	96	ERR260268			Paolo_Manghi;Marisa_Metzger	23.2																	0.82																	72.17395986224	33.04317457584	74.60879689296	79.2																	294.6635712	2.16216	90.09	58.0									no	17.4	0.3	637.54	0.0	11.3	122.88	0.8																																
KarlssonFH_2013	S141	S141	stool	no	control	Health	69.0		senior	female	SWE	no	IlluminaHiSeq		23719380	19800586	1999859186	101	101	ERR260255			Paolo_Manghi;Marisa_Metzger	25.1																	1.9																	52.56147076924	38.27625652224	29.45477552688	77.0																	186.7749408	1.32132	82.8828	75.0									no	21.4	0.8	710.69	0.0	8.96	33.33	0.3																																
KarlssonFH_2013	S143	S143	stool	no	control	Health	69.0		senior	female	SWE	no	IlluminaHiSeq		23719380	29845020	3014347020	101	101	ERR260256			Paolo_Manghi;Marisa_Metzger	28.8																	0.56																	106.69194066592	33.94027433808	47.0977375176	81.4																	233.5653504	2.37237	88.2882	71.0									no	12.3	0.1	814.43	0.0	22.9	172.94	0.2																																
KarlssonFH_2013	S146	S146	stool	no	control	Health	69.0		senior	female	SWE	no	IlluminaHiSeq		23719380	23655754	2389231154	101	101	ERR260258			Paolo_Manghi;Marisa_Metzger	36.9																	7.68																	91.78644895524	20.48377790448	68.47861518432	81.4																	250.1933472	1.68168	81.081	72.0									no	21.1	0.1	918.41	0.0	42.6	85.29	0.4																																
KarlssonFH_2013	S153	S153	stool	no	control	Health	70.0		senior	female	DEU	no	IlluminaHiSeq		23719380	38903876	3929291476	101	101	ERR260259			Paolo_Manghi;Marisa_Metzger	21.6																	1.5																	32.94898167624	37.82770664112	62.19891684864	81.4																	266.0479488	1.47147	100.9008	63.0									no	27.6	0.4	639.78	0.0	6.16	66.99	0.5																																
KarlssonFH_2013	S155	S155	stool	no	control	Health	70.0		senior	female	FRA	no	IlluminaHiSeq		23719380	38363260	3874689260	101	101	ERR260260			Paolo_Manghi;Marisa_Metzger	21.5																	0.6																	65.11346378876	35.1364073544	42.31320545232	81.4																	215.0038656	2.1021	90.09	62.0									no	16.5	0.3	476.37	0.0	8.49	131.88	0.0																																
KarlssonFH_2013	S158	S158	stool	no	T2D	T2D	68.0		senior	female	SWE	no	IlluminaHiSeq		23719380	40135708	4053706508	101	101	ERR260261			Paolo_Manghi;Marisa_Metzger	31.2																	6.48		metformin															117.674934558	28.55767576464	40.07045604672	116.6																	203.4029376	8.1081	198.198	97.0									no	10.5	4.8	1073.95	0.0	33.4	56.02	0.4																																
KarlssonFH_2013	S187	S187	stool	no	control	Health	70.0		senior	female	SWE	no	IlluminaHiSeq		23719380	45176390	4562815390	101	101	ERR260263			Paolo_Manghi;Marisa_Metzger	24.6																	2.26																	92.57094851896	26.01589310496	60.85326720528	79.2																	245.552976	2.1021	95.4954	85.0									no	10.1	0.3	817.84	0.0	28.5	73.53	0.2																																
KarlssonFH_2013	S193	S193	stool	no	control	Health	70.0		senior	female	SWE	no	IlluminaHiSeq		23719380	49036084	4952644484	101	101	ERR260264			Paolo_Manghi;Marisa_Metzger	24.2																	0.71																	131.79592670496	34.3888242192	51.5832363288	88.0																	251.7401376	2.49249	104.5044	56.0									no	11.7	0.1	603.82	0.0	11.5	97.98	0.3																																
KarlssonFH_2013	S194	S194	stool	no	control	Health	70.0		senior	female	SWE	no	IlluminaHiSeq		23719380	44043924	4448436324	101	101	ERR260265			Paolo_Manghi;Marisa_Metzger	21.9																	0.21																	70.6049607348	26.61395961312	29.30525889984	83.6																	160.479504	2.82282	102.7026	80.0									no	14.4	1.4	807.93	0.0	15.1	73.58	0.0																																
KarlssonFH_2013	S195	S195	stool	no	control	Health	71.0		senior	female	SWE	no	IlluminaHiSeq		23719380	38875356	3926410956	101	101	ERR260266			Paolo_Manghi;Marisa_Metzger	28.4																	3.84																	103.55394241104	19.73619476928	49.78903680432	77.0																	203.01624	1.86186	90.09	71.0									no	11.4	3.4	657.49	0.0	27.0	111.89	0.1																																
KarlssonFH_2013	S198	S198	stool	no	control	Health	69.0		senior	female	SWE	no	IlluminaHiSeq		23719380	40382652	4078647852	101	101	ERR260267			Paolo_Manghi;Marisa_Metzger	26.1																	3.0																	80.01895549944	33.34220782992	52.77936934512	77.0																	240.9126048	2.61261	120.7206	72.0									no	17.1	0.9	1033.03	0.0	18.8	103.25	0.3																																
KarlssonFH_2013	S205	S205	stool	no	T2D	T2D	70.0		senior	female	SWE	no	IlluminaHiSeq		23719380	28722460	2900968460	101	101	ERR260229			Paolo_Manghi;Marisa_Metzger	24.9																	1.28		metformin															117.674934558	23.32459381824	32.1460748136	129.8																	169.3735488	2.73273	149.5494	97.0									no	11.6	3.6	676.39	0.0	23.2	68.8	0.6																																
KarlssonFH_2013	S224	S224	stool	no	control	Health	69.0		senior	female	SWE	no	IlluminaHiSeq		23719380	19767240	1996491240	101	101	ERR260230			Paolo_Manghi;Marisa_Metzger	26.5																	7.03																	75.31195811712	19.13812826112	27.21202612128	81.4																	136.5042528	2.1021	102.7026	74.0									no	11.0	1.7	715.62	0.0	17.1	49.67	0.6																																
KarlssonFH_2013	S225	S225	stool	no	control	Health	70.0		senior	female	SWE	no	IlluminaHiSeq		23719380	20784914	2099276314	101	101	ERR260231			Paolo_Manghi;Marisa_Metzger	26.1																	13.56																	54.13046989668	31.3984916784	60.10568407008	79.2																	248.6465568	2.43243	113.5134	65.0									no	11.0	0.2	389.8	0.0	14.8	58.24	0.3																																
KarlssonFH_2013	S231	S231	stool	no	control	Health	70.0		senior	female	SWE	no	IlluminaHiSeq		23719380	24580092	2482589292	101	101	ERR260234			Paolo_Manghi;Marisa_Metzger	25.7																	1.49																	94.1399476464	27.21202612128	55.91921851296	68.2																	235.885536	2.25225	88.2882	64.0									no	15.8	0.8	592.01	0.0	21.7	65.28	0.2																																
KarlssonFH_2013	S235	S235	stool	no	T2D	T2D	69.0		senior	female	DEU	no	IlluminaHiSeq		23719380	15067162	1521783362	101	101	ERR260235			Paolo_Manghi;Marisa_Metzger	36.4																	1.34		metformin															313.799825488	17.9419952448	30.35187528912	167.2																	194.1221952	4.05405	201.8016	110.0									yes	8.59	2.0	641.53	0.0	57.5	70.38	0.8																																
KarlssonFH_2013	S244	S244	stool	no	T2D	T2D	69.0		senior	female	SWE	no	IlluminaHiSeq		23719380	28080196	2836099796	101	101	ERR260238			Paolo_Manghi;Marisa_Metzger	32.8																	4.64		metformin															285.55784119408	15.84876246624	65.7873158976	114.4																	274.555296	6.006	218.0178	65.0									no	10.0				40.3		0.6																																
KarlssonFH_2013	S248	S248	stool	no	T2D	T2D	69.0		senior	female	SWE	no	IlluminaHiSeq		23719380	25515900	2577105900	101	101	ERR260239			Paolo_Manghi;Marisa_Metzger	31.3																	2.88		metformin															98.84694502872	28.10912588352	43.3598218416	105.6																	206.4965184	2.4024	131.5314	64.0									no	6.85	1.5	856.49	0.0	48.2	91.9	1.6																																
KarlssonFH_2013	S258	S258	stool	no	T2D	T2D	69.0		senior	female	SWE	no	IlluminaHiSeq		23719380	26470326	2673502926	101	101	ERR260240			Paolo_Manghi;Marisa_Metzger	34.2																	1.55		metformin															157.68441230772	17.04489548256	32.1460748136	92.4																	162.0262944	6.006	147.7476	60.0									no	8.5	7.5	767.49	0.0	45.2	158.27	0.1																																
KarlssonFH_2013	S263	S263	stool	no	T2D	T2D	69.0		senior	female	SWE	no	IlluminaHiSeq		23719380	23163254	2339488654	101	101	ERR260241			Paolo_Manghi;Marisa_Metzger	25.1																	1.44																	76.88095724456	27.6605760024	27.21202612128	96.8																	158.9327136	1.68168	93.6936	65.0									no	16.2	0.1	635.58	0.0	8.79	123.56	0.4																																
KarlssonFH_2013	S264	S264	stool	no	control	Health	69.0		senior	female	SWE	no	IlluminaHiSeq		23719380	15859028	1601761828	101	101	ERR260242			Paolo_Manghi;Marisa_Metzger	24.0																	0.63																	65.11346378876	31.69752493248	43.3598218416	81.4																	208.4300064	1.62162	90.09	72.0									no	30.2	1.1	522.79	0.0	14.7	146.48	0.2																																
KarlssonFH_2013	S268	S268	stool	no	control	Health	69.0		senior	female	SWE	no	IlluminaHiSeq		23719380	22742796	2297022396	101	101	ERR260243			Paolo_Manghi;Marisa_Metzger	25.1																	0.94																	72.95845942596	29.00622564576	60.40471732416	81.4																	247.486464	1.77177	106.3062	69.0									no	15.7	0.1	552.14	0.0	7.33	75.4	0.6																																
KarlssonFH_2013	S269	S269	stool	no	control	Health	70.0		senior	female	SWE	no	IlluminaHiSeq		23719380	19204028	1939606828	101	101	ERR260244			Paolo_Manghi;Marisa_Metzger	32.1																	1.12																	72.95845942596	37.22964013296	42.31320545232	74.8																	221.5777248	1.83183	106.3062	58.0									no	13.1	0.1	766.32	0.0	39.4	149.89	0.0																																
KarlssonFH_2013	S286	S286	stool	no	T2D	T2D	69.0		senior	female	DNK	no	IlluminaHiSeq		23719380	11057174	1061488704	96	96	ERR260270			Paolo_Manghi;Marisa_Metzger	23.0																	0.82		metformin															73.74295898968	28.55767576464	36.78109025184	101.2																	185.614848	2.37237	192.7926	54.0									no	9.34	0.7	683.31	0.0	19.1	36.12	0.0																																
KarlssonFH_2013	S288	S288	stool	no	control	Health	70.0		senior	female	SWE	no	IlluminaHiSeq		23719380	24650958	2489746758	101	101	ERR260246			Paolo_Manghi;Marisa_Metzger	26.1																	1.24																	89.43295026408	20.63329453152	37.52867338704	77.0																	170.146944	1.89189	120.7206	59.0									no	20.5	0.8	602.49	0.0	8.53	114.86	0.1																																
KarlssonFH_2013	S297	S297	stool	no	T2D	T2D	69.0		senior	female	SWE	no	IlluminaHiSeq		23719380	7935474	761805504	96	96	ERR260271			Paolo_Manghi;Marisa_Metzger	22.0																	1.54																	66.6824629162	30.20235866208	69.37571494656	77.0																	272.621808	2.22222	108.108	65.0									no	15.1	0.1	765.46	0.0	10.9	50.89	0.1																																
KarlssonFH_2013	S334	S334	stool	no	T2D	T2D	70.0		senior	female	SWE	no	IlluminaHiSeq		23719380	20165114	2036676514	101	101	ERR260139			Paolo_Manghi;Marisa_Metzger	25.9																	1.07																	105.9074411022	20.1847446504	27.95960925648	72.6																	147.7184832	3.66366	120.7206	59.0									no	8.54	1.3	276.65	0.0	7.02	82.53	4.7																																
KarlssonFH_2013	S344	S344	stool	no	T2D	T2D	70.0		senior	female	SWE	no	IlluminaHiSeq		23719380	19166900	1935856900	101	101	ERR260140			Paolo_Manghi;Marisa_Metzger	41.8																	11.37																	120.81293281288	17.79247861776	59.20858430784	79.2																	225.8313984	5.52552	84.6846	85.0									no	6.75	0.6	1004.0	2.41	105.0	138.55	0.5																																
KarlssonFH_2013	S353	S353	stool	no	T2D	T2D	69.0		senior	female	SWE	no	IlluminaHiSeq		23719380	24593094	2483902494	101	101	ERR260144			Paolo_Manghi;Marisa_Metzger	29.1																	2.35																	80.01895549944	21.53039429376	56.06873514	103.4																	218.484144	3.24324	176.5764	78.0									no	26.6	2.7	703.12	6.4	36.3	130.04	0.6																																
KarlssonFH_2013	S365	S365	stool	no	control	Health	71.0		senior	female	SWE	no	IlluminaHiSeq		23719380	27938300	2821768300	101	101	ERR260147			Paolo_Manghi;Marisa_Metzger	24.8																	1.18																	71.38946029852	35.73447386256	42.76175533344	88.0																	218.8708416	1.56156	104.5044	72.0									no	16.8	1.5	655.19	0.0	23.3	142.31	0.8																																
KarlssonFH_2013	S370	S370	stool	no	T2D	T2D	70.0		senior	female	SWE	no	IlluminaHiSeq		23719380	30512864	3081799264	101	101	ERR260149			Paolo_Manghi;Marisa_Metzger	28.0																	3.26		metformin															97.27794590128	15.10117933104	50.8356531936	127.6																	195.282288	8.4084	158.5584	95.0									no	7.46	13.1	1218.49	0.1	37.5	110.08	0.8																																
KarlssonFH_2013	S378	S378	stool	no	T2D	T2D	71.0		senior	female	SWE	no	IlluminaHiSeq		23719380	26043874	2630431274	101	101	ERR260151			Paolo_Manghi;Marisa_Metzger	21.4																	0.9																	79.23445593572	26.61395961312	50.38710331248	99.0																	216.9373536	1.2012	109.9098	54.0									no	21.3	0.3	568.0	9.54	5.47	57.14	0.5																																
KarlssonFH_2013	S380	S380	stool	no	T2D	T2D	71.0		senior	female	SWE	no	IlluminaHiSeq		23719380	17956034	1813559434	101	101	ERR260152			Paolo_Manghi;Marisa_Metzger	30.6																	1.84																	185.14189703792	15.84876246624	33.79075771104	107.8																	169.7602464	4.2042	117.117	69.0									no	9.84	0.7	677.67	0.0	36.0	160.61	0.9																																
KarlssonFH_2013	S381	S381	stool	no	control	Health	70.0		senior	female	SWE	no	IlluminaHiSeq		23719380	27835062	2811341262	101	101	ERR260153			Paolo_Manghi;Marisa_Metzger	25.8																	1.47																	98.062445465	18.54006175296	77.7486460608	74.8																	270.68832	1.77177	73.8738	74.0									no	19.2	3.8	1216.26	0.0	16.2	97.35	0.4																																
KarlssonFH_2013	S389	S389	stool	no	T2D	T2D	69.0		senior	female	SWE	no	IlluminaHiSeq		23719380	25495356	2575030956	101	101	ERR260155			Paolo_Manghi;Marisa_Metzger	27.1																	0.65		metformin															69.03596160736	23.1750771912	46.64918763648	112.2																	196.0556832	3.21321	140.5404	70.0									no	9.55	1.4	1246.62	0.0	35.0	30.76	1.5																																
KarlssonFH_2013	S398	S398	stool	no	T2D	T2D	70.0		senior	female	SWE	no	IlluminaHiSeq		23719380	21659400	2187599400	101	101	ERR260159			Paolo_Manghi;Marisa_Metzger	24.8																	2.28																	77.66545680828	29.903325408	36.6315736248	96.8																	189.481824	3.75375	100.9008	72.0									no	9.9	1.9	763.23	0.0	33.8	97.11	0.9																																
KarlssonFH_2013	S421	S421	stool	no	T2D	T2D	70.0		senior	female	SWE	no	IlluminaHiSeq		23719380	42892356	4332127956	101	101	ERR260161			Paolo_Manghi;Marisa_Metzger	44.6																	7.5																	73.74295898968	21.23136103968	41.41610569008	105.6																	178.2675936	3.36336	122.5224	56.0									no	10.2	1.3	109.75	0.0	49.9	63.05	0.4																																
KarlssonFH_2013	S422	S422	stool	no	T2D	T2D	71.0		senior	female	SWE	no	IlluminaHiSeq		23719380	61451340	6206585340	101	101	ERR260162			Paolo_Manghi;Marisa_Metzger	25.9																	3.48																	83.15695375432	23.32459381824	21.82942754784	114.4																	135.34416	1.89189	156.7566	60.0									no	8.45	0.9	804.95	11.91	21.6	107.27	0.0																																
KarlssonFH_2013	S424	S424	stool	no	control	Health	70.0		senior	female	SWE	no	IlluminaHiSeq		23719380	31866570	3218523570	101	101	ERR260163			Paolo_Manghi;Marisa_Metzger	35.1																	2.53																	128.65792845008	24.52072683456	54.27453561552	90.2																	232.4052576	4.41441	104.5044	69.0									no	9.78	4.5	1312.23	0.0	77.7	782.18	2.5																																
KarlssonFH_2013	S434	S434	stool	no	T2D	T2D	69.0		senior	female	SWE	no	IlluminaHiSeq		23719380	46197960	4665993960	101	101	ERR260165			Paolo_Manghi;Marisa_Metzger	25.8																	2.23																	123.95093106776	23.32459381824	60.25520069712	77.0																	243.619488	2.31231	136.9368	64.0									no	10.3	0.4	873.32	0.0	13.1	374.99	0.7																																
KarlssonFH_2013	S436	S436	stool	no	T2D	T2D	71.0		senior	female	SWE	no	IlluminaHiSeq		23719380	43523716	4395895316	101	101	ERR260166			Paolo_Manghi;Marisa_Metzger	27.2																	11.82																	67.46696247992	43.06078858752	39.02383965744	83.6																	227.3781888	1.68168	99.099	81.0									no	19.6	0.2	1192.01	0.0	18.5	86.25	1.5																																
KarlssonFH_2013	S439	S439	stool	no	T2D	T2D	70.0		senior	female	SWE	no	IlluminaHiSeq		23719380	43061284	4349189684	101	101	ERR260167			Paolo_Manghi;Marisa_Metzger	31.8																	0.85																	50.9924716418	27.6605760024	24.22169358048	83.6																	145.0116	3.63363	100.9008	69.0									no	8.2	2.5	673.58	16.85	32.9	49.3	0.2																																
KarlssonFH_2013	S446	S446	stool	no	T2D	T2D	68.0		senior	female	SWE	no	IlluminaHiSeq		23719380	19017376	1920754976	101	101	ERR260169			Paolo_Manghi;Marisa_Metzger	31.7																	38.95																	112.18343761196	21.53039429376	36.33254037072	99.0																	174.4006176	2.91291	158.5584	57.0									no	15.0	0.6	148.95	0.0	48.9	119.19	0.4																																
KarlssonFH_2013	S451	S451	stool	no	control	Health	71.0		senior	female	SWE	no	IlluminaHiSeq		23719380	30299038	3060202838	101	101	ERR260170			Paolo_Manghi;Marisa_Metzger	20.4																	0.77																	38.44047862228	26.76347624016	25.56734322384	88.0																	143.8515072	0.93093	86.4864	58.0									no	13.1	1.7	660.47	0.0	2.17	61.66	0.3																																
KarlssonFH_2013	S456	S456	stool	no	control	Health	70.0		senior	female	SWE	no	IlluminaHiSeq		23719380	57713204	5829033604	101	101	ERR260171			Paolo_Manghi;Marisa_Metzger	23.7																	0.9																	49.42347251436	37.82770664112	53.37743585328	72.6																	247.0997664	1.92192	84.6846	54.0									no	26.3	0.1	559.32	0.0	6.98	155.23	1.1																																
KarlssonFH_2013	S458	S458	stool	no	T2D	T2D	70.0		senior	female	SWE	no	IlluminaHiSeq		23719380	59566518	6016218318	101	101	ERR260173			Paolo_Manghi;Marisa_Metzger	33.0																	3.53																	225.93587435136	21.23136103968	40.51900592784	110.0																	209.9767968	3.21321	135.135	60.0									no	14.2	4.6	977.02	0.0	29.8	173.53	0.4																																
KarlssonFH_2013	S462	S462	stool	no	T2D	T2D	70.0		senior	female	SWE	no	IlluminaHiSeq		23719380	45121654	4557287054	101	101	ERR260174			Paolo_Manghi;Marisa_Metzger	29.4																	0.69																	89.43295026408	18.24102849888	55.17163537776	92.4																	209.5900992	3.21321	129.7296	57.0									no	11.1	1.1	556.64	0.82	25.6	99.42	0.0																																
KarlssonFH_2013	S463	S463	stool	no	control	Health	71.0		senior	female	SWE	no	IlluminaHiSeq		23719380	31699834	3201683234	101	101	ERR260175			Paolo_Manghi;Marisa_Metzger	31.0																	2.48																	123.16643150404	20.63329453152	32.74414132176	88.0																	165.5065728	3.18318	120.7206	61.0									no	6.1	1.2	523.9	1.42	40.4	48.04	0.1																																
KarlssonFH_2013	S468	S468	stool	no	T2D	T2D	70.0		senior	female	HUN	no	IlluminaHiSeq		23719380	37056984	3742755384	101	101	ERR260176			Paolo_Manghi;Marisa_Metzger	33.7																	2.38		metformin															38.44047862228	28.85670901872	48.29387053392	114.4																	208.0433088	1.83183	133.3332	47.0									no	14.2	4.8	552.25	0.0	13.0	123.71	0.3																																
KarlssonFH_2013	S470	S470	stool	no	T2D	T2D	70.0		senior	female	SWE	no	IlluminaHiSeq		23719380	8550254	820824384	96	96	ERR260273			Paolo_Manghi;Marisa_Metzger	23.7																	0.34																	43.1474760046	30.05284203504	48.29387053392	88.0																	212.2969824	2.1021	117.117	60.0									no	14.2	0.5	332.07	12.89	10.4	80.72	0.3																																
KarlssonFH_2013	S475	S475	stool	no	T2D	T2D	70.0		senior	female	DNK	no	IlluminaHiSeq		23719380	11936028	1145858688	96	96	ERR260274			Paolo_Manghi;Marisa_Metzger	23.0																	0.69		metformin															61.97546553388	25.4178265968	48.74242041504	99.0																	205.3364256	1.38138	154.9548	59.0									no	9.11	1.6	651.95	0.0	7.11	54.88	0.8																																
KarlssonFH_2013	S476	S476	stool	no	T2D	T2D	71.0		senior	female	SWE	no	IlluminaHiSeq		23719380	51227616	5173989216	101	101	ERR260178			Paolo_Manghi;Marisa_Metzger	30.2																	1.31		metformin															81.58795462688	19.88571139632	28.55767576464	101.2																	143.4648096	4.08408	149.5494	55.0									no	8.82	8.9	902.35	3.31	21.1	71.52	1.3																																
KarlssonFH_2013	S478	S478	stool	no	T2D	T2D	70.0		senior	female	SWE	no	IlluminaHiSeq		23719380	41782266	4220008866	101	101	ERR260179			Paolo_Manghi;Marisa_Metzger	36.6																	7.64																	59.62196684272	24.96927671568	26.46444298608	96.8																	146.1716928	2.04204	135.135	55.0									no	12.3	0.2	970.13	0.0	43.5	63.13	0.4																																
KarlssonFH_2013	S479	S479	stool	no	control	Health	71.0		senior	female	SWE	no	IlluminaHiSeq		23719380	31942632	3226205832	101	101	ERR260180			Paolo_Manghi;Marisa_Metzger	28.8																	1.78																	279.28184468432	15.84876246624	46.05112112832	92.4																	221.9644224	4.11411	104.5044	74.0									no	10.7	1.7	862.85	0.0	25.7	149.5	0.5																																
KarlssonFH_2013	S483	S483	stool	no	T2D	T2D	71.0		senior	female	SWE	no	IlluminaHiSeq		23719380	49645670	5014212670	101	101	ERR260181			Paolo_Manghi;Marisa_Metzger	23.7																	1.9																	92.57094851896	31.3984916784	25.11879334272	94.6																	167.0533632	2.97297	136.9368	67.0									no	9.87	3.1	578.9	0.0	28.0	219.58	1.2																																
KarlssonFH_2013	S484	S484	stool	no	T2D	T2D	71.0		senior	female	SWE	no	IlluminaHiSeq		23719380	43744106	4418154706	101	101	ERR260182			Paolo_Manghi;Marisa_Metzger	30.9																	1.21		metformin															138.07192321472	19.4371615152	56.66680164816	112.2																	227.3781888	4.14414	115.3152	93.0									no	6.48	4.5	1079.71	0.0	29.1	59.25	1.0																																
KarlssonFH_2013	S495	S495	stool	no	T2D	T2D	69.0		senior	female	EST	no	IlluminaHiSeq		23719380	42247318	4266979118	101	101	ERR260185			Paolo_Manghi;Marisa_Metzger	29.1																	2.23																	164.7449083812	28.70719239168	87.4672268184	88.0																	336.8136096	3.9039	124.3242	49.0									no	9.52	1.8	688.48	1.44	16.5	228.33	0.0																																
KarlssonFH_2013	S497	S497	stool	no	T2D	T2D	70.0		senior	female	SWE	no	IlluminaHiSeq		23719380	39825574	4022382974	101	101	ERR260186			Paolo_Manghi;Marisa_Metzger	23.8																	0.81																	34.51798080368	30.05284203504	37.22964013296	90.2																	181.747872	2.85285	142.3422	77.0									no	15.3	1.1	779.93	0.0	17.0	176.5	0.0																																
KarlssonFH_2013	S517	S517	stool	no	T2D	T2D	71.0		senior	female	SWE	no	IlluminaHiSeq		23719380	41415244	4182939644	101	101	ERR260188			Paolo_Manghi;Marisa_Metzger	27.5																	2.62																	107.47644022964	23.02556056416	48.74242041504	101.2																	209.2034016	2.52252	99.099	75.0									no	8.91	0.7	704.4	0.0	25.1	172.73	0.3																																
KarlssonFH_2013	S524	S524	stool	no	T2D	T2D	70.0		senior	female	SWE	no	IlluminaHiSeq		23719380	36461816	3682643416	101	101	ERR260189			Paolo_Manghi;Marisa_Metzger	28.5																	1.37																	88.64845070036	26.46444298608	40.21997267376	88.0																	192.1887072	2.01201	95.4954	62.0									no	10.7	1.9	415.85	0.0	14.8	76.65	0.0																																
KarlssonFH_2013	S526	S526	stool	no	T2D	T2D	71.0		senior	female	SWE	no	IlluminaHiSeq		23719380	41016080	4142624080	101	101	ERR260190			Paolo_Manghi;Marisa_Metzger	26.1																	1.36		sulphonylurea															62.7599650976	33.34220782992	31.69752493248	79.2																	182.1345696	2.1021	113.5134	59.0									no	17.7	5.9	510.36	0.0	14.6	521.85	0.2																																
KarlssonFH_2013	S529	S529	stool	no	T2D	T2D	69.0		senior	female	SWE	no	IlluminaHiSeq		23719380	48998086	4948806686	101	101	ERR260191			Paolo_Manghi;Marisa_Metzger	27.1																	3.85		metformin															127.08892932264	19.88571139632	20.33426127744	169.4																	132.2505792	1.95195	255.8556	81.0									yes	4.39				32.4		0.9																																
KarlssonFH_2013	S53	S53	stool	no	control	Health	70.0		senior	female	SWE	no	IlluminaHiSeq		23719380	27943736	2822317336	101	101	ERR260193			Paolo_Manghi;Marisa_Metzger	21.3																	1.25																	80.80345506316	24.37121020752	48.89193704208	83.6																	207.6566112	1.5015	75.6756	76.0									no	12.0				5.28		0.7																																
KarlssonFH_2013	S530	S530	stool	no	T2D	T2D	70.0		senior	female	SWE	no	IlluminaHiSeq		23719380	38222934	3860516334	101	101	ERR260192			Paolo_Manghi;Marisa_Metzger	28.1																	1.08		metformin															55.69946902412	24.96927671568	57.41438478336	123.2																	225.4447008	0.87087	154.9548	69.0									yes	8.8	0.1	1061.43	0.0	14.1	255.56	0.0																																
KarlssonFH_2013	S536	S536	stool	no	T2D	T2D	70.0		senior	female	SWE	no	IlluminaHiSeq		23719380	42498998	4292398798	101	101	ERR260194			Paolo_Manghi;Marisa_Metzger	33.0																	4.91		metformin															240.84136606204	15.84876246624	30.94994179728	105.6																	174.7873152	3.33333	153.153	55.0									no	8.17	3.5	764.42	0.0	12.6	54.12	0.0																																
KarlssonFH_2013	S543	S543	stool	no	T2D	T2D	71.0		senior	female	SWE	no	IlluminaHiSeq		23719380	42116800	4253796800	101	101	ERR260196			Paolo_Manghi;Marisa_Metzger	27.6																	7.93		metformin															80.80345506316	28.10912588352	33.79075771104	96.8																	177.880896	3.6036	129.7296	59.0									no	10.5	1.3	1203.67	0.0	31.8	137.13	0.4																																
KarlssonFH_2013	S550	S550	stool	no	T2D	T2D	70.0		senior	female	SWE	no	IlluminaHiSeq		23719380	10375490	996047040	96	96	ERR260276			Paolo_Manghi;Marisa_Metzger	22.9																	12.36																	261.23835471876	13.75552968768	35.73447386256	129.8																	186.0015456	1.02102	162.162	89.0									yes	8.29	3.3	1319.38	0.0	57.7	126.98	1.1																																
KarlssonFH_2013	S551	S551	stool	no	T2D	T2D	71.0		senior	female	SWE	no	IlluminaHiSeq		23719380	47134880	4760622880	101	101	ERR260198			Paolo_Manghi;Marisa_Metzger	21.9																	1.62																	76.09645768084	49.3404869232	34.3888242192	96.8																	233.1786528	2.85285	129.7296	72.0									no	18.3	2.1	901.43	0.0	5.49	73.08	0.3																																
KarlssonFH_2013	S552	S552	stool	no	T2D	T2D	70.0		senior	female	SWE	no	IlluminaHiSeq		23719380	30027546	3032782146	101	101	ERR260199			Paolo_Manghi;Marisa_Metzger	19.9																	5.21																	54.9149694604	32.59462469472	42.46272207936	90.2																	206.4965184	2.49249	108.108	50.0									no	15.1	0.1	889.54	0.0	12.2	113.79	1.2																																
KarlssonFH_2013	S561	S561	stool	no	T2D	T2D	71.0		senior	female	SWE	no	IlluminaHiSeq		23719380	42792280	4322020280	101	101	ERR260201			Paolo_Manghi;Marisa_Metzger	21.9																	27.15		sulphonylurea															136.50292408728	4.4854988112	42.91127196048	83.6																	152.745552	3.96396	79.2792	74.0									no	16.3	4.5	2276.46	2.23	10.3	315.21	0.2																																
KarlssonFH_2013	S563	S563	stool	no	T2D	T2D	69.0		senior	female	FIN	no	IlluminaHiSeq		23719380	34299550	3464254550	101	101	ERR260202			Paolo_Manghi;Marisa_Metzger	29.9																	1.33		metformin															180.4348996556	20.48377790448	22.72652731008	138.6																	151.5854592	5.16516	236.0358	68.0									yes	4.69	0.1	1798.27	0.0	36.6	16.4	0.7																																
KarlssonFH_2013	S577	S577	stool	no	T2D	T2D	70.0		senior	female	SWE	no	IlluminaHiSeq		23719380	28311558	2859467358	101	101	ERR260203			Paolo_Manghi;Marisa_Metzger	26.6																	0.38																	135.71842452356	24.6702434616	59.806650816	94.6																	248.6465568	3.33333	117.117	67.0									no	8.67	1.1	890.01	6.65	31.4	62.57	0.2																																
KarlssonFH_2013	S58	S58	stool	no	control	Health	70.0		senior	female	ISL	no	IlluminaHiSeq		23719380	26426600	2669086600	101	101	ERR260204			Paolo_Manghi;Marisa_Metzger	31.9																	13.16																	84.72595288176	27.81009262944	47.39677077168	77.0																	213.0703776	2.55255		69.0									no	9.7	1.2	1184.81	0.0	44.0	56.47	0.1																																
KarlssonFH_2013	S584	S584	stool	no	control	Health	70.0		senior	female	SWE	no	IlluminaHiSeq		23719380	29998756	3029874356	101	101	ERR260205			Paolo_Manghi;Marisa_Metzger	21.6																	1.86																	96.49344633756	30.94994179728	49.04145366912	70.4																	228.5382816	1.89189	84.6846	89.0									no	11.9				5.6		1.7																																
KarlssonFH_2013	S587	S587	stool	no	T2D	T2D	70.0		senior	female	SWE	no	IlluminaHiSeq		23719380	27393282	2766721482	101	101	ERR260206			Paolo_Manghi;Marisa_Metzger	27.5																	1.06																	51.77697120552	30.94994179728	17.79247861776	143.0																	137.6643456	0.36036	84.6846	63.0									yes							2.2																																
KarlssonFH_2013	S589	S589	stool	no	T2D	T2D	71.0		senior	female	DEU	no	IlluminaHiSeq		23719380	31392146	3170606746	101	101	ERR260207			Paolo_Manghi;Marisa_Metzger	29.0																	3.54																	157.68441230772	18.83909500704	69.67474820064	107.8																	264.1144608	4.14414	138.7386	75.0									no	3.68	17.8	1169.62	0.0	31.4	109.28	0.3																																
KarlssonFH_2013	S59	S59	stool	no	control	Health	69.0		senior	female	SWE	no	IlluminaHiSeq		23719380	24920030	2516923030	101	101	ERR260209			Paolo_Manghi;Marisa_Metzger	18.2																	0.34																	61.19096597016	49.3404869232	26.165409732	77.0																	208.816704	1.23123	97.2972	60.0									no	19.0	0.4	675.62	0.0	3.58	89.17	0.6																																
KarlssonFH_2013	S591	S591	stool	no	T2D	T2D	71.0		senior	female	SWE	no	IlluminaHiSeq		23719380	37952212	3833173412	101	101	ERR260208			Paolo_Manghi;Marisa_Metzger	25.0																	1.81		metformin															85.51045244548	30.05284203504	36.48205699776	81.4																	191.0286144	2.76276	100.9008	77.0									no	14.5	3.1	434.41	0.63	21.2	199.62	0.5																																
KarlssonFH_2013	S598	S598	stool	no	T2D	T2D	71.0		senior	female	SWE	no	IlluminaHiSeq		23719380	34799354	3514734754	101	101	ERR260210			Paolo_Manghi;Marisa_Metzger	29.9																	3.29																	75.31195811712	25.71685985088	25.56734322384	88.0																	149.6519712	3.42342	126.126	69.0									no	12.3	3.3	822.75	0.0	53.6	82.18	0.4																																
KarlssonFH_2013	S602	S602	stool	no	T2D	T2D	71.0		senior	female	SWE	no	IlluminaHiSeq		23719380	35680006	3603680606	101	101	ERR275252;ERR260213			Paolo_Manghi;Marisa_Metzger	30.0																	3.54																	102.76944284732	20.03522802336	44.55595485792	92.4																	189.8685216	4.74474	117.117	61.0									no	6.43	0.1	765.62	1.74	34.7	131.9	0.6																																
KarlssonFH_2013	S604	S604	stool	no	T2D	T2D	71.0		senior	female	SVK	no	IlluminaHiSeq		23719380	38845972	3923443172	101	101	ERR260214			Paolo_Manghi;Marisa_Metzger	28.9																	6.25		metformin															257.31585690016	18.98861163408	63.84359974608	129.8																	271.0750176	7.8078	297.297	90.0									no	11.7	16.0	1348.58	0.0	36.4	253.37	0.5																																
KarlssonFH_2013	S614	S614	stool	no	control	Health	71.0		senior	female	SWE	no	IlluminaHiSeq		23719380	15306548	1545961348	101	101	ERR260215			Paolo_Manghi;Marisa_Metzger	20.6																	0.94																	71.38946029852	39.17335628448	55.3211520048	77.0																	260.6341824	1.92192	95.4954	66.0									no	28.0	1.7	1224.79	0.0	12.5	158.25	0.4																																
KarlssonFH_2013	S617	S617	stool	no	control	Health	71.0		senior	female	SWE	no	IlluminaHiSeq		23719380	9698560	979554560	101	101	ERR260216			Paolo_Manghi;Marisa_Metzger	23.1																	2.04																	72.17395986224	22.87604393712	58.3114845456	81.4																	226.218096	2.19219	106.3062	76.0									no	14.8	1.4	655.61	6.0	15.4	168.9	0.2																																
KarlssonFH_2013	S618	S618	stool	no	control	Health	71.0		senior	female	SWE	no	IlluminaHiSeq		23719380	16826714	1699498114	101	101	ERR260217			Paolo_Manghi;Marisa_Metzger	21.8																	1.09																	90.2174498278	25.56734322384	52.330819464	72.6																	221.5777248	1.98198	93.6936	59.0									no	11.8	0.9	333.52	0.0	12.5	54.27	0.1																																
KarlssonFH_2013	S628	S628	stool	no	control	Health	71.0		senior	female	SWE	no	IlluminaHiSeq		23719380	13839180	1397757180	101	101	ERR260218			Paolo_Manghi;Marisa_Metzger	25.8																	14.92																	53.34597033296	34.98689072736	51.28420307472	74.8																	235.1121408	1.59159	95.4954	44.0									no	11.9	0.3	913.25	0.63	21.3	67.19	0.9																																
KarlssonFH_2013	S643	S643	stool	no	control	Health	70.0		senior	female	SWE	no	IlluminaHiSeq		23719380	15307646	1546072246	101	101	ERR260221			Paolo_Manghi;Marisa_Metzger	27.4																	2.77																	55.69946902412	30.80042517024	42.76175533344	79.2																	202.6295424	1.53153	106.3062	59.0									no	34.8	0.1	867.17	0.0	10.1	220.89	0.2																																
KarlssonFH_2013	S655	S655	stool	no	control	Health	71.0		senior	female	SWE	no	IlluminaHiSeq		23719380	12535874	1266123274	101	101	ERR260223			Paolo_Manghi;Marisa_Metzger	27.1																	3.52																	69.03596160736	26.76347624016	47.99483727984	83.6																	208.4300064	1.65165	102.7026	72.0									no	11.7	0.3	464.81	1.65	15.1	120.59	0.0																																
KarlssonFH_2013	S77	S77	stool	no	control	Health	69.0		senior	female	SWE	no	IlluminaHiSeq		23719380	27378948	2765273748	101	101	ERR260224			Paolo_Manghi;Marisa_Metzger	33.2																	1.69																	43.1474760046	26.01589310496	63.544566492	94.6																	241.2993024	2.43243	99.099	63.0									no	24.8	0.1	1006.04	0.6	28.5	72.0	0.5																																
KarlssonFH_2013	S80	S80	stool	no	control	Health	70.0		senior	female	SWE	no	IlluminaHiSeq		23719380	18620022	1880622222	101	101	ERR260225			Paolo_Manghi;Marisa_Metzger	27.5																	0.83																	112.96793717568	24.07217695344	47.0977375176	77.0																	209.2034016	2.43243	106.3062	69.0									no	11.3	1.1	1163.37	0.14	28.2	100.14	0.4																																
KarlssonFH_2013	S88	S88	stool	no	control	Health	69.0		senior	female	SWE	no	IlluminaHiSeq		23719380	27299226	2757221826	101	101	ERR260226			Paolo_Manghi;Marisa_Metzger	21.1																	2.98																	61.19096597016	32.8936579488	44.854988112	83.6																	214.617168	1.74174	102.7026	63.0									no	19.0				7.14		0.2																																
KarlssonFH_2013	S92	S92	stool	no	control	Health	69.0		senior	female	SWE	no	IlluminaHiSeq		23719380	21940486	2215989086	101	101	ERR260227			Paolo_Manghi;Marisa_Metzger	22.6																	1.02																	80.80345506316	28.4081591376	55.76970188592	83.6																	235.885536	2.16216	90.09	70.0									no	17.8				14.7		0.9																																
