study_name	sample_id	subject_id	body_site	antibiotics_current_use	study_condition	disease	age	infant_age	age_category	gender	country	non_westernized	sequencing_platform	DNA_extraction_kit	PMID	number_reads	number_bases	minimum_read_length	median_read_length	NCBI_accession	pregnant	lactating	curator	BMI	family	days_from_first_collection	family_role	born_method	feeding_practice	travel_destination	location	visit_number	premature	birth_weight	gestational_age	antibiotics_family	disease_subtype	days_after_onset	creatine	albumine	hscrp	ESR	treatment	ast	alt	globulin	urea_nitrogen	BASDAI	BASFI	alcohol	flg_genotype	population	menopausal_status	lifestyle	body_subsite	diet	tnm	triglycerides	hdl	ldl	hba1c	smoker	ever_smoker	dental_sample_type	history_of_periodontitis	PPD_M	PPD_B	PPD_D	PPD_L	fobt	disease_stage	disease_location	calprotectin	HBI	SCCAI	uncurated_metadata	mumps	cholesterol	c_peptide	glucose	creatinine	bilubirin	prothrombin_time	wbc	rbc	hemoglobinometry	remission	dyastolic_p	systolic_p	insulin_cat	adiponectin	glp_1	cd163	il_1	leptin	fgf_19	glutamate_decarboxylase_2_antibody	HLA	autoantibody_positive	age_seroconversion	age_T1D_diagnosis	hitchip_probe_class	fasting_insulin	fasting_glucose	protein_intake	stec_count	shigatoxin_2_elisa	stool_texture	anti_PD_1	mgs_richness	ferm_milk_prod_consumer	inr	ctp	birth_control_pil	c_section_type	ajcc	hla_drb12	hla_dqa12	hla_dqa11	hla_drb11	birth_order	age_twins_started_to_live_apart	zigosity	brinkman_index	alcohol_numeric	breastfeeding_duration	formula_first_day	ALT	eGFR
QinJ_2012	CON-001	CON-001	stool		control	Health	21.0		adult	female	CHN	no	IlluminaHiSeq		23023125	44142248	3972802320	90	90				Paolo_Manghi	26.3																																																						184.4547552										59.0	115.0																																								
QinJ_2012	CON-002	CON-002	stool		control	Health	53.0		adult	female	CHN	no	IlluminaHiSeq		23023125	47793804	4301442360	90	90				Paolo_Manghi	26.67																																																						231.2451648										78.0	124.0																																								
QinJ_2012	CON-003	CON-003	stool		control	Health	61.0		adult	female	CHN	no	IlluminaHiSeq		23023125	45268384	4074154560	90	90				Paolo_Manghi	25.07																																																						189.8685216										80.0	140.0																																								
QinJ_2012	CON-004	CON-004	stool		control	Health	55.0		adult	female	CHN	no	IlluminaHiSeq		23023125	48056970	4325127300	90	90				Paolo_Manghi	25.39																																																						267.5947392										80.0	120.0																																								
QinJ_2012	CON-005	CON-005	stool		control	Health	53.0		adult	female	CHN	no	IlluminaHiSeq		23023125	44908052	4041724680	90	90				Paolo_Manghi	26.67																																																						221.1910272										60.0	92.0																																								
QinJ_2012	CON-006	CON-006	stool		control	Health	52.0		adult	female	CHN	no	IlluminaHiSeq		23023125	44603946	4014355140	90	90				Paolo_Manghi	26.0																																																						221.9644224										70.0	146.0																																								
QinJ_2012	CON-007	CON-007	stool		control	Health	55.0		adult	female	CHN	no	IlluminaHiSeq		23023125	45025998	4052339820	90	90				Paolo_Manghi	25.64																																																						219.2575392										75.0	137.0																																								
QinJ_2012	CON-008	CON-008	stool		control	Health	56.0		adult	female	CHN	no	IlluminaHiSeq		23023125	72548932	6529403880	90	90				Paolo_Manghi	26.99																																																						244.7795808																																																			
QinJ_2012	CON-009	CON-009	stool		control	Health	46.0		adult	female	CHN	no	IlluminaHiSeq		23023125	52649798	4738481820	90	90				Paolo_Manghi	29.64																																																						146.5583904										75.0	109.0																																								
QinJ_2012	CON-010	CON-010	stool		control	Health	42.0		adult	female	CHN	no	IlluminaHiSeq		23023125	40839972	3675597480	90	90				Paolo_Manghi	27.99																																																						153.5189472										78.0	133.0																																								
QinJ_2012	CON-011	CON-011	stool		control	Health	49.0		adult	female	CHN	no	IlluminaHiSeq		23023125	14714504	1324305360	90	90				Paolo_Manghi	25.3																																																						170.5336416										76.0	122.0																																								
QinJ_2012	CON-012	CON-012	stool		control	Health	44.0		adult	female	CHN	no	IlluminaHiSeq		23023125	14948028	1345322520	90	90				Paolo_Manghi	29.03																																																						213.0703776										87.0	110.0																																								
QinJ_2012	CON-013	CON-013	stool		control	Health	48.0		adult	female	CHN	no	IlluminaHiSeq		23023125	30677644	2760987960	90	90				Paolo_Manghi	28.19																																																						175.947408										76.0	145.0																																								
QinJ_2012	CON-014	CON-014	stool		control	Health	39.0		adult	female	CHN	no	IlluminaHiSeq		23023125	56580850	5092276500	90	90				Paolo_Manghi	26.35																																																						116.00928										71.0	118.0																																								
QinJ_2012	CON-015	CON-015	stool		control	Health	42.0		adult	female	CHN	no	IlluminaHiSeq		23023125	38565134	3470862060	90	90				Paolo_Manghi	29.17																																																						225.8313984										72.0	129.0																																								
QinJ_2012	CON-016	CON-016	stool		control	Health	28.0		adult	male	CHN	no	IlluminaHiSeq		23023125	49904198	4491377820	90	90				Paolo_Manghi	26.73																																																						161.2528992										87.0	139.0																																								
QinJ_2012	CON-017	CON-017	stool		control	Health	27.0		adult	male	CHN	no	IlluminaHiSeq		23023125	40082044	3607383960	90	90				Paolo_Manghi	26.3																																																						175.1740128										80.0	135.0																																								
QinJ_2012	CON-018	CON-018	stool		control	Health	28.0		adult	male	CHN	no	IlluminaHiSeq		23023125	50882972	4579467480	90	90				Paolo_Manghi	26.83																																																						177.1075008										80.0	110.0																																								
QinJ_2012	CON-019	CON-019	stool		control	Health	48.0		adult	male	CHN	no	IlluminaHiSeq		23023125	36312296	3268106640	90	90				Paolo_Manghi	25.4																																																						246.7130688										72.0	128.0																																								
QinJ_2012	CON-020	CON-020	stool		control	Health	40.0		adult	male	CHN	no	IlluminaHiSeq		23023125	35787146	3220843140	90	90				Paolo_Manghi	31.4																																																						203.7896352																																																			
QinJ_2012	CON-021	CON-021	stool		control	Health	57.0		adult	male	CHN	no	IlluminaHiSeq		23023125	36300302	3267027180	90	90				Paolo_Manghi	29.38																																																						194.1221952										70.0	130.0																																								
QinJ_2012	CON-022	CON-022	stool		control	Health	53.0		adult	male	CHN	no	IlluminaHiSeq		23023125	51323938	4619154420	90	90				Paolo_Manghi	26.77																																																						352.2815136										94.0	131.0																																								
QinJ_2012	CON-023	CON-023	stool		control	Health	50.0		adult	male	CHN	no	IlluminaHiSeq		23023125	47199986	4247998740	90	90				Paolo_Manghi	25.6																																																						217.7107488										78.0	135.0																																								
QinJ_2012	CON-024	CON-024	stool			Health			adult		CHN	no	IlluminaHiSeq		23023125	49762816	4478653440	90	90				Paolo_Manghi																																																																																																										
QinJ_2012	CON-025	CON-025	stool			Health			adult		CHN	no	IlluminaHiSeq		23023125	31693890	2852450100	90	90				Paolo_Manghi																																																																																																										
QinJ_2012	CON-026	CON-026	stool		control	Health	40.0		adult	male	CHN	no	IlluminaHiSeq		23023125	45736466	4116281940	90	90				Paolo_Manghi	25.56																																																						138.8244384										60.0	120.0																																								
QinJ_2012	CON-027	CON-027	stool		control	Health	45.0		adult	male	CHN	no	IlluminaHiSeq		23023125	41893102	3770379180	90	90				Paolo_Manghi	29.27																																																						167.8267584										81.0	116.0																																								
QinJ_2012	CON-028	CON-028	stool		control	Health	53.0		adult	male	CHN	no	IlluminaHiSeq		23023125	59795072	5381556480	90	90				Paolo_Manghi	26.9																																																						178.6542912										77.0	138.0																																								
QinJ_2012	CON-029	CON-029	stool		control	Health	54.0		adult	male	CHN	no	IlluminaHiSeq		23023125	45809376	4122843840	90	90				Paolo_Manghi	26.78																																																						221.9644224										121.0	210.0																																								
QinJ_2012	CON-030	CON-030	stool			Health			adult		CHN	no	IlluminaHiSeq		23023125	35436168	3189255120	90	90				Paolo_Manghi																																																																																																										
QinJ_2012	CON-031	CON-031	stool		control	Health	56.0		adult	male	CHN	no	IlluminaHiSeq		23023125	57338014	5160421260	90	90				Paolo_Manghi	27.64																																																																																																									
QinJ_2012	CON-032	CON-032	stool		control	Health	26.0		adult	female	CHN	no	IlluminaHiSeq		23023125	20400412	1836037080	90	90				Paolo_Manghi	16.87																																																						129.9303936										53.0	84.0																																								
QinJ_2012	CON-033	CON-033	stool		control	Health	27.0		adult	female	CHN	no	IlluminaHiSeq		23023125	19525532	1757297880	90	90				Paolo_Manghi	23.92																																																						194.8955904										73.0	102.0																																								
QinJ_2012	CON-034	CON-034	stool		control	Health	27.0		adult	female	CHN	no	IlluminaHiSeq		23023125	52442888	4719859920	90	90				Paolo_Manghi	17.26																																																						168.6001536										71.0	112.0																																								
QinJ_2012	CON-035	CON-035	stool		control	Health	27.0		adult	female	CHN	no	IlluminaHiSeq		23023125	37163398	3344705820	90	90				Paolo_Manghi	17.4																																																						179.0409888										63.0	102.0																																								
QinJ_2012	CON-036	CON-036	stool		control	Health	29.0		adult	female	CHN	no	IlluminaHiSeq		23023125	47869636	4308267240	90	90				Paolo_Manghi	17.69																																																						231.2451648																																																			
QinJ_2012	CON-037	CON-037	stool		control	Health	28.0		adult	female	CHN	no	IlluminaHiSeq		23023125	45894984	4130548560	90	90				Paolo_Manghi	17.29																																																						136.8909504										73.0	103.0																																								
QinJ_2012	CON-038	CON-038	stool		control	Health	27.0		adult	female	CHN	no	IlluminaHiSeq		23023125	49571130	4461401700	90	90				Paolo_Manghi	18.75																																																						161.2528992										68.0	106.0																																								
QinJ_2012	CON-039	CON-039	stool		control	Health	53.0		adult	female	CHN	no	IlluminaHiSeq		23023125	41046414	3694177260	90	90				Paolo_Manghi	23.03																																																						180.5877792																																																			
QinJ_2012	CON-040	CON-040	stool		control	Health	44.0		adult	female	CHN	no	IlluminaHiSeq		23023125	29528100	2657529000	90	90				Paolo_Manghi	24.97																																																						162.7996896										90.0	140.0																																								
QinJ_2012	CON-041	CON-041	stool		control	Health	56.0		adult	female	CHN	no	IlluminaHiSeq		23023125	45616536	4105488240	90	90				Paolo_Manghi	19.23																																																						167.0533632										69.0	120.0																																								
QinJ_2012	CON-042	CON-042	stool		control	Health	54.0		adult	female	CHN	no	IlluminaHiSeq		23023125	44517918	4006612620	90	90				Paolo_Manghi	19.48																																																						222.35112										69.0	123.0																																								
QinJ_2012	CON-043	CON-043	stool		control	Health	41.0		adult	female	CHN	no	IlluminaHiSeq		23023125	40465956	3641936040	90	90				Paolo_Manghi	17.4																																																						253.286928										60.0	110.0																																								
QinJ_2012	CON-044	CON-044	stool		control	Health	50.0		adult	female	CHN	no	IlluminaHiSeq		23023125	46732100	4205889000	90	90				Paolo_Manghi	21.08																																																						191.415312										60.0	116.0																																								
QinJ_2012	CON-045	CON-045	stool		control	Health	54.0		adult	female	CHN	no	IlluminaHiSeq		23023125	46078458	4147061220	90	90				Paolo_Manghi	22.22																																																						225.8313984										70.0	110.0																																								
QinJ_2012	CON-046	CON-046	stool		control	Health	67.0		senior	female	CHN	no	IlluminaHiSeq		23023125	42781402	3850326180	90	90				Paolo_Manghi	24.34																																																						273.3952032										80.0	110.0																																								
QinJ_2012	CON-047	CON-047	stool		control	Health	45.0		adult	female	CHN	no	IlluminaHiSeq		23023125	44333742	3990036780	90	90				Paolo_Manghi	21.08																																																						173.6272224										80.0	110.0																																								
QinJ_2012	CON-048	CON-048	stool		control	Health	52.0		adult	female	CHN	no	IlluminaHiSeq		23023125	44763720	4028734800	90	90				Paolo_Manghi	23.81																																																						181.747872										78.0	120.0																																								
QinJ_2012	CON-049	CON-049	stool		control	Health	58.0		adult	female	CHN	no	IlluminaHiSeq		23023125	45240604	4071654360	90	90				Paolo_Manghi	22.06																																																						158.1593184										75.0	126.0																																								
QinJ_2012	CON-050	CON-050	stool		control	Health	60.0		adult	female	CHN	no	IlluminaHiSeq		23023125	40528492	3647564280	90	90				Paolo_Manghi	20.2																																																						194.8955904																																																			
QinJ_2012	CON-051	CON-051	stool		control	Health	61.0		adult	female	CHN	no	IlluminaHiSeq		23023125	32630500	2936745000	90	90				Paolo_Manghi	23.73																																																						196.4423808										80.0	130.0																																								
QinJ_2012	CON-052	CON-052	stool		control	Health	43.0		adult	female	CHN	no	IlluminaHiSeq		23023125	33572452	3021520680	90	90				Paolo_Manghi	16.65																																																						188.3217312										70.0	116.0																																								
QinJ_2012	CON-053	CON-053	stool		control	Health	60.0		adult	female	CHN	no	IlluminaHiSeq		23023125	48220034	4339803060	90	90				Paolo_Manghi	21.33																																																						276.488784										68.0	112.0																																								
QinJ_2012	CON-054	CON-054	stool		control	Health	52.0		adult	female	CHN	no	IlluminaHiSeq		23023125	41640890	3747680100	90	90				Paolo_Manghi	24.84																																																						189.481824																																																			
QinJ_2012	CON-055	CON-055	stool		control	Health	56.0		adult	female	CHN	no	IlluminaHiSeq		23023125	36077354	3246961860	90	90				Paolo_Manghi	20.81																																																						227.3781888										70.0	110.0																																								
QinJ_2012	CON-056	CON-056	stool		control	Health	50.0		adult	female	CHN	no	IlluminaHiSeq		23023125	35064698	3155822820	90	90				Paolo_Manghi	18.31																																																						203.7896352										60.0	110.0																																								
QinJ_2012	CON-057	CON-057	stool		control	Health	41.0		adult	female	CHN	no	IlluminaHiSeq		23023125	43215960	3889436400	90	90				Paolo_Manghi	20.69																																																						201.082752										79.0	124.0																																								
QinJ_2012	CON-058	CON-058	stool		control	Health	47.0		adult	female	CHN	no	IlluminaHiSeq		23023125	37177298	3345956820	90	90				Paolo_Manghi	23.83																																																						242.8460928										79.0	130.0																																								
QinJ_2012	CON-059	CON-059	stool		control	Health	49.0		adult	female	CHN	no	IlluminaHiSeq		23023125	46452408	4180716720	90	90				Paolo_Manghi	23.92																																																						164.34648										92.0	119.0																																								
QinJ_2012	CON-060	CON-060	stool		control	Health	44.0		adult	female	CHN	no	IlluminaHiSeq		23023125	50281118	4525300620	90	90				Paolo_Manghi	24.14																																																						156.9992256										81.0	128.0																																								
QinJ_2012	CON-061	CON-061	stool		control	Health	48.0		adult	female	CHN	no	IlluminaHiSeq		23023125	46307038	4167633420	90	90				Paolo_Manghi	24.06																																																						140.7579264										70.0	112.0																																								
QinJ_2012	CON-062	CON-062	stool		control	Health	47.0		adult	female	CHN	no	IlluminaHiSeq		23023125	46303614	4167325260	90	90				Paolo_Manghi	21.64																																																						174.4006176										95.0	155.0																																								
QinJ_2012	CON-063	CON-063	stool		control	Health	35.0		adult	female	CHN	no	IlluminaHiSeq		23023125	31003838	2790345420	90	90				Paolo_Manghi	24.17																																																						148.878576										68.0	112.0																																								
QinJ_2012	CON-064	CON-064	stool		control	Health	46.0		adult	female	CHN	no	IlluminaHiSeq		23023125	15789262	1421033580	90	90				Paolo_Manghi	22.6																																																						203.7896352										79.0	124.0																																								
QinJ_2012	CON-065	CON-065	stool		control	Health	46.0		adult	female	CHN	no	IlluminaHiSeq		23023125	43196874	3887718660	90	90				Paolo_Manghi	21.56																																																						194.5088928										65.0	110.0																																								
QinJ_2012	CON-066	CON-066	stool		control	Health	45.0		adult	female	CHN	no	IlluminaHiSeq		23023125	43999576	3959961840	90	90				Paolo_Manghi	22.22																																																						181.747872										62.0	112.0																																								
QinJ_2012	CON-067	CON-067	stool		control	Health	45.0		adult	female	CHN	no	IlluminaHiSeq		23023125	31731128	2855801520	90	90				Paolo_Manghi	22.48																																																						186.0015456										87.0	131.0																																								
QinJ_2012	CON-068	CON-068	stool		control	Health	41.0		adult	female	CHN	no	IlluminaHiSeq		23023125	43980182	3958216380	90	90				Paolo_Manghi	21.21																																																						171.3070368										63.0	112.0																																								
QinJ_2012	CON-069	CON-069	stool		control	Health	46.0		adult	female	CHN	no	IlluminaHiSeq		23023125	39954104	3595869360	90	90				Paolo_Manghi	22.94																																																						201.8561472										85.0	129.0																																								
QinJ_2012	CON-070	CON-070	stool		control	Health	48.0		adult	female	CHN	no	IlluminaHiSeq		23023125	43732974	3935967660	90	90				Paolo_Manghi	24.44																																																						186.3882432										61.0	102.0																																								
QinJ_2012	CON-071	CON-071	stool		control	Health	64.0		adult	female	CHN	no	IlluminaHiSeq		23023125	47635326	4287179340	90	90				Paolo_Manghi	24.86																																																						167.0533632										63.0	107.0																																								
QinJ_2012	CON-072	CON-072	stool		control	Health	41.0		adult	female	CHN	no	IlluminaHiSeq		23023125	13975470	1257792300	90	90				Paolo_Manghi	19.05																																																						170.146944										79.0	124.0																																								
QinJ_2012	CON-073	CON-073	stool		control	Health	46.0		adult	female	CHN	no	IlluminaHiSeq		23023125	30810458	2772941220	90	90				Paolo_Manghi	24.77																																																						159.7061088										77.0	134.0																																								
QinJ_2012	CON-074	CON-074	stool		control	Health	41.0		adult	female	CHN	no	IlluminaHiSeq		23023125	34680668	3121260120	90	90				Paolo_Manghi	23.28																																																						156.612528										74.0	120.0																																								
QinJ_2012	CON-075	CON-075	stool		control	Health	34.0		adult	female	CHN	no	IlluminaHiSeq		23023125	37076588	3336892920	90	90				Paolo_Manghi	22.72																																																						172.4671296										78.0	116.0																																								
QinJ_2012	CON-076	CON-076	stool		control	Health	43.0		adult	female	CHN	no	IlluminaHiSeq		23023125	58617474	5275572660	90	90				Paolo_Manghi	19.63																																																						152.3588544										65.0	117.0																																								
QinJ_2012	CON-077	CON-077	stool		control	Health	41.0		adult	female	CHN	no	IlluminaHiSeq		23023125	48126476	4331382840	90	90				Paolo_Manghi	23.59																																																						163.5730848										71.0	118.0																																								
QinJ_2012	CON-078	CON-078	stool		control	Health	41.0		adult	female	CHN	no	IlluminaHiSeq		23023125	41926900	3773421000	90	90				Paolo_Manghi	22.94																																																						123.743232										68.0	111.0																																								
QinJ_2012	CON-079	CON-079	stool		control	Health	60.0		adult	female	CHN	no	IlluminaHiSeq		23023125	57833192	5204987280	90	90				Paolo_Manghi	22.81																																																						189.481824										72.0	118.0																																								
QinJ_2012	CON-080	CON-080	stool		control	Health	56.0		adult	female	CHN	no	IlluminaHiSeq		23023125	36439108	3279519720	90	90				Paolo_Manghi	22.04																																																																60.0	110.0																																								
QinJ_2012	CON-081	CON-081	stool		control	Health	52.0		adult	male	CHN	no	IlluminaHiSeq		23023125	36073998	3246659820	90	90				Paolo_Manghi	23.88																																																																																																									
QinJ_2012	CON-082	CON-082	stool		control	Health	53.0		adult	male	CHN	no	IlluminaHiSeq		23023125	36703736	3303336240	90	90				Paolo_Manghi	24.61																																																						177.1075008										67.0	123.0																																								
QinJ_2012	CON-083	CON-083	stool		control	Health	60.0		adult	male	CHN	no	IlluminaHiSeq		23023125	49172724	4425545160	90	90				Paolo_Manghi	22.34																																																						221.9644224																																																			
QinJ_2012	CON-084	CON-084	stool		control	Health	69.0		senior	male	CHN	no	IlluminaHiSeq		23023125	41146018	3703141620	90	90				Paolo_Manghi	20.76																																																						203.01624										68.0	125.0																																								
QinJ_2012	CON-085	CON-085	stool		control	Health	39.0		adult	male	CHN	no	IlluminaHiSeq		23023125	42611812	3835063080	90	90				Paolo_Manghi	15.57																																																						167.4400608										70.0	120.0																																								
QinJ_2012	CON-086	CON-086	stool		control	Health	67.0		senior	male	CHN	no	IlluminaHiSeq		23023125	49116802	4420512180	90	90				Paolo_Manghi	24.02																																																						180.5877792										90.0	124.0																																								
QinJ_2012	CON-087	CON-087	stool		control	Health	38.0		adult	male	CHN	no	IlluminaHiSeq		23023125	33964062	3056765580	90	90				Paolo_Manghi	22.68																																																						149.6519712										70.0	106.0																																								
QinJ_2012	CON-088	CON-088	stool		control	Health	56.0		adult	male	CHN	no	IlluminaHiSeq		23023125	28323326	2549099340	90	90				Paolo_Manghi	23.88																																																						211.5235872																																																			
QinJ_2012	CON-089	CON-089	stool		control	Health	55.0		adult	male	CHN	no	IlluminaHiSeq		23023125	35161630	3164546700	90	90				Paolo_Manghi	21.55																																																						216.550656										80.0	120.0																																								
QinJ_2012	CON-090	CON-090	stool		control	Health	47.0		adult	male	CHN	no	IlluminaHiSeq		23023125	43517864	3916607760	90	90				Paolo_Manghi	24.68																																																						177.880896																																																			
QinJ_2012	CON-091	CON-091	stool		control	Health	50.0		adult	male	CHN	no	IlluminaHiSeq		23023125	17458588	1571272920	90	90				Paolo_Manghi	24.22																																																						190.2552192										80.0	120.0																																								
QinJ_2012	CON-092	CON-092	stool		control	Health	70.0		senior	male	CHN	no	IlluminaHiSeq		23023125	53911072	4851996480	90	90				Paolo_Manghi	24.46																																																						184.4547552										80.0	132.0																																								
QinJ_2012	CON-093	CON-093	stool		control	Health	40.0		adult	male	CHN	no	IlluminaHiSeq		23023125	46225984	4160338560	90	90				Paolo_Manghi	20.02																																																						184.8414528										72.0	130.0																																								
QinJ_2012	CON-094	CON-094	stool			Health			adult		CHN	no	IlluminaHiSeq		23023125	44086010	3967740900	90	90				Paolo_Manghi																																																																																																										
QinJ_2012	CON-095	CON-095	stool		control	Health	54.0		adult	male	CHN	no	IlluminaHiSeq		23023125	46889908	4220091720	90	90				Paolo_Manghi	23.36																																																						229.3116768										78.0	118.0																																								
QinJ_2012	CON-096	CON-096	stool		control	Health	59.0		adult	male	CHN	no	IlluminaHiSeq		23023125	51481706	4633353540	90	90				Paolo_Manghi	20.45																																																						237.0456288										90.0	120.0																																								
QinJ_2012	CON-097	CON-097	stool		control	Health	57.0		adult	male	CHN	no	IlluminaHiSeq		23023125	40605642	3654507780	90	90				Paolo_Manghi	24.62																																																						271.0750176										66.0	109.0																																								
QinJ_2012	CON-098	CON-098	stool		control	Health	62.0		adult	male	CHN	no	IlluminaHiSeq		23023125	48477454	4362970860	90	90				Paolo_Manghi	23.43																																																						139.9845312										80.0	120.0																																								
QinJ_2012	CON-099	CON-099	stool		control	Health	55.0		adult	male	CHN	no	IlluminaHiSeq		23023125	37245214	3352069260	90	90				Paolo_Manghi	23.36																																																						215.0038656										64.0	115.0																																								
QinJ_2012	CON-100	CON-100	stool			Health			adult		CHN	no	IlluminaHiSeq		23023125	35289936	3176094240	90	90				Paolo_Manghi																																																																																																										
QinJ_2012	CON-101	CON-101	stool		control	Health	42.0		adult	male	CHN	no	IlluminaHiSeq		23023125	43926160	3953354400	90	90				Paolo_Manghi	21.34																																																						177.1075008										80.0	112.0																																								
QinJ_2012	CON-102	CON-102	stool			Health			adult		CHN	no	IlluminaHiSeq		23023125	46937508	4224375720	90	90				Paolo_Manghi																																																																																																										
QinJ_2012	CON-103	CON-103	stool			Health			adult		CHN	no	IlluminaHiSeq		23023125	51414960	4627346400	90	90				Paolo_Manghi																																																																																																										
QinJ_2012	CON-104	CON-104	stool		control	Health	55.0		adult	male	CHN	no	IlluminaHiSeq		23023125	47438826	4269494340	90	90				Paolo_Manghi	24.61																																																						192.9621024										69.0	116.0																																								
QinJ_2012	CON-105	CON-105	stool		control	Health	52.0		adult	male	CHN	no	IlluminaHiSeq		23023125	15948120	1435330800	90	90				Paolo_Manghi	22.22																																																						143.4648096										62.0	112.0																																								
QinJ_2012	CON-106	CON-106	stool		control	Health	46.0		adult	male	CHN	no	IlluminaHiSeq		23023125	43625992	3926339280	90	90				Paolo_Manghi	19.72																																																						147.3317856										60.0	110.0																																								
QinJ_2012	CON-107	CON-107	stool		control	Health	44.0		adult	male	CHN	no	IlluminaHiSeq		23023125	47608454	4284760860	90	90				Paolo_Manghi	22.49																																																						182.1345696										80.0	130.0																																								
QinJ_2012	CON-108	CON-108	stool			Health			adult		CHN	no	IlluminaHiSeq		23023125	35781180	3220306200	90	90				Paolo_Manghi																																																																																																										
QinJ_2012	CON-109	CON-109	stool			Health			adult		CHN	no	IlluminaHiSeq		23023125	43821206	3943908540	90	90				Paolo_Manghi																																																																																																										
QinJ_2012	CON-110	CON-110	stool			Health			adult		CHN	no	IlluminaHiSeq		23023125	30148622	2713375980	90	90				Paolo_Manghi																																																																																																										
QinJ_2012	CON-111	CON-111	stool			Health			adult		CHN	no	IlluminaHiSeq		23023125	31483566	2833520940	90	90				Paolo_Manghi																																																																																																										
QinJ_2012	DLF001	DLF001	stool		T2D	T2D	59.0		adult	female	CHN	no	IlluminaHiSeq		23023125	33230154	2459031396	73	74	SRR341581			Paolo_Manghi	19.83																																																						225.0580032										90.0	150.0																																								
QinJ_2012	DLF002	DLF002	stool		T2D	T2D	43.0		adult	female	CHN	no	IlluminaHiSeq		23023125	20447208	1513093392	73	74	SRR341582			Paolo_Manghi	17.58																																																						188.7084288										80.0	110.0																																								
QinJ_2012	DLF003	DLF003	stool		T2D	T2D	46.0		adult	female	CHN	no	IlluminaHiSeq		23023125	26964088	1995342512	73	74	SRR341583			Paolo_Manghi	20.31																			metformin																																			192.9621024										70.0	110.0																																								
QinJ_2012	DLF004	DLF004	stool		T2D	T2D	25.0		adult	female	CHN	no	IlluminaHiSeq		23023125	29275554	2166390996	73	74	SRR341584			Paolo_Manghi	19.78																																																						212.68368										75.0	110.0																																								
QinJ_2012	DLF005	DLF005	stool		T2D	T2D	60.0		adult	female	CHN	no	IlluminaHiSeq		23023125	32613800	2413421200	73	74	SRR341585			Paolo_Manghi	18.43																																																						213.8437728										80.0	120.0																																								
QinJ_2012	DLF006	DLF006	stool		T2D	T2D	71.0		senior	female	CHN	no	IlluminaHiSeq		23023125	28335596	2096834104	73	74	SRR341586			Paolo_Manghi	16.0																																																						225.0580032										80.0	125.0																																								
QinJ_2012	DLF007	DLF007	stool		T2D	T2D	62.0		adult	female	CHN	no	IlluminaHiSeq		23023125	31928466	2362706484	73	74	SRR341587			Paolo_Manghi	19.69																																																						206.883216										85.0	135.0																																								
QinJ_2012	DLF008	DLF008	stool		T2D	T2D	54.0		adult	female	CHN	no	IlluminaHiSeq		23023125	29457282	2179838868	73	74	SRR341588			Paolo_Manghi	19.4																																																						165.8932704										75.0	120.0																																								
QinJ_2012	DLF009	DLF009	stool		T2D	T2D	53.0		adult	female	CHN	no	IlluminaHiSeq		23023125	23515066	2116355940	90	90	SRR341654			Paolo_Manghi	18.49																																																						221.9644224										80.0	130.0																																								
QinJ_2012	DLF010	DLF010	stool		T2D	T2D	51.0		adult	female	CHN	no	IlluminaHiSeq		23023125	27689702	2049037948	73	74	SRR341589			Paolo_Manghi	19.29																																																						165.8932704										90.0	145.0																																								
QinJ_2012	DLF012	DLF012	stool		T2D	T2D	52.0		adult	female	CHN	no	IlluminaHiSeq		23023125	33010082	2970907380	90	90	SRR341655			Paolo_Manghi	19.47																																																						197.215776										70.0	120.0																																								
QinJ_2012	DLF013	DLF013	stool		T2D	T2D	49.0		adult	female	CHN	no	IlluminaHiSeq		23023125	25184810	2266632900	90	90	SRR341656			Paolo_Manghi	19.63																																																						197.9891712										80.0	130.0																																								
QinJ_2012	DLF014	DLF014	stool		T2D	T2D	61.0		adult	female	CHN	no	IlluminaHiSeq		23023125	30846690	2776202100	90	90	SRR341657			Paolo_Manghi	19.98																																																						212.68368										80.0	130.0																																								
QinJ_2012	DLM001	DLM001	stool		T2D	T2D	46.0		adult	male	CHN	no	IlluminaHiSeq		23023125	31695116	2852560440	90	90	SRR341658			Paolo_Manghi	20.24																																																						168.213456										90.0	135.0																																								
QinJ_2012	DLM002	DLM002	stool		T2D	T2D	29.0		adult	male	CHN	no	IlluminaHiSeq		23023125	29232438	2163200412	73	74	SRR341590			Paolo_Manghi	17.73																																																						251.35344										70.0	120.0																																								
QinJ_2012	DLM003	DLM003	stool		T2D	T2D	41.0		adult	male	CHN	no	IlluminaHiSeq		23023125	30811978	2280086372	73	74	SRR341591			Paolo_Manghi	20.8																																																						187.548336										70.0	110.0																																								
QinJ_2012	DLM004	DLM004	stool		T2D	T2D	38.0		adult	male	CHN	no	IlluminaHiSeq		23023125	29317188	2169471912	73	74	SRR341592			Paolo_Manghi	20.2																																																						337.5870048										80.0	130.0																																								
QinJ_2012	DLM005	DLM005	stool		T2D	T2D	35.0		adult	male	CHN	no	IlluminaHiSeq		23023125	28130302	2081642348	73	74	SRR341593			Paolo_Manghi	19.72																																																						179.4276864										90.0	130.0																																								
QinJ_2012	DLM006	DLM006	stool		T2D	T2D	28.0		adult	male	CHN	no	IlluminaHiSeq		23023125	30249524	2238464776	73	74	SRR341594			Paolo_Manghi	18.59																																																						199.5359616										70.0	120.0																																								
QinJ_2012	DLM007	DLM007	stool		T2D	T2D	43.0		adult	male	CHN	no	IlluminaHiSeq		23023125	23416036	1732786664	73	74	SRR341595			Paolo_Manghi	20.05																																																						187.548336										90.0	130.0																																								
QinJ_2012	DLM008	DLM008	stool		T2D	T2D	38.0		adult	male	CHN	no	IlluminaHiSeq		23023125	32862998	2431861852	73	74	SRR341596			Paolo_Manghi	19.59																																																						205.7231232										65.0	125.0																																								
QinJ_2012	DLM009	DLM009	stool		T2D	T2D	30.0		adult	male	CHN	no	IlluminaHiSeq		23023125	33735938	2496459412	73	74	SRR341597			Paolo_Manghi	20.05																																																						179.814384										65.0	120.0																																								
QinJ_2012	DLM010	DLM010	stool		T2D	T2D	37.0		adult	male	CHN	no	IlluminaHiSeq		23023125	33324270	2999184300	90	90	SRR341659			Paolo_Manghi	19.03																																																						162.412992										90.0	140.0																																								
QinJ_2012	DLM011	DLM011	stool		T2D	T2D	49.0		adult	male	CHN	no	IlluminaHiSeq		23023125	29561872	2187578528	73	74	SRR341598			Paolo_Manghi	20.05																																																						228.5382816										60.0	125.0																																								
QinJ_2012	DLM012	DLM012	stool		T2D	T2D	55.0		adult	male	CHN	no	IlluminaHiSeq		23023125	25779304	2320137360	90	90	SRR341660			Paolo_Manghi	20.57																																																						245.552976										85.0	145.0																																								
QinJ_2012	DLM013	DLM013	stool		T2D	T2D	51.0		adult	male	CHN	no	IlluminaHiSeq		23023125	33980192	3058217280	90	90	SRR341661			Paolo_Manghi	18.37																																																						185.614848										70.0	110.0																																								
QinJ_2012	DLM014	DLM014	stool		T2D	T2D	48.0		adult	male	CHN	no	IlluminaHiSeq		23023125	30414160	2737274400	90	90	SRR341662			Paolo_Manghi	20.31																																																						163.5730848										80.0	165.0																																								
QinJ_2012	DLM015	DLM015	stool		T2D	T2D	56.0		adult	male	CHN	no	IlluminaHiSeq		23023125	34446282	3100165380	90	90	SRR341663			Paolo_Manghi	21.11																																																						175.1740128										80.0	140.0																																								
QinJ_2012	DLM016	DLM016	stool		T2D	T2D	70.0		senior	male	CHN	no	IlluminaHiSeq		23023125	33382610	3004434900	90	90	SRR341664			Paolo_Manghi	20.9																																																						220.0309344										60.0	110.0																																								
QinJ_2012	DLM017	DLM017	stool		T2D	T2D	52.0		adult	male	CHN	no	IlluminaHiSeq		23023125	31515410	2836386900	90	90	SRR341665			Paolo_Manghi	18.83																																																						185.614848										80.0	130.0																																								
QinJ_2012	DLM018	DLM018	stool		T2D	T2D	49.0		adult	male	CHN	no	IlluminaHiSeq		23023125	28520410	2566836900	90	90	SRR341666			Paolo_Manghi	20.07																																																						231.2451648										80.0	150.0																																								
QinJ_2012	DLM019	DLM019	stool		T2D	T2D	47.0		adult	male	CHN	no	IlluminaHiSeq		23023125	29114758	2620328220	90	90	SRR341667			Paolo_Manghi	20.08																																																						170.5336416										75.0	120.0																																								
QinJ_2012	DLM020	DLM020	stool		T2D	T2D	41.0		adult	male	CHN	no	IlluminaHiSeq		23023125	31918532	2872667880	90	90	SRR341668			Paolo_Manghi	20.62																																																						242.4593952										70.0	130.0																																								
QinJ_2012	DLM021	DLM021	stool		T2D	T2D	58.0		adult	male	CHN	no	IlluminaHiSeq		23023125	28559928	2570393520	90	90	SRR341669			Paolo_Manghi	18.21																																																						191.415312										80.0	150.0																																								
QinJ_2012	DLM022	DLM022	stool		T2D	T2D	53.0		adult	male	CHN	no	IlluminaHiSeq		23023125	46350488	4171543920	90	90	SRR341670			Paolo_Manghi	19.84																																																						187.1616384										80.0	130.0																																								
QinJ_2012	DLM023	DLM023	stool		T2D	T2D	45.0		adult	male	CHN	no	IlluminaHiSeq		23023125	33255144	2992962960	90	90	SRR341671			Paolo_Manghi	20.81																																																						192.9621024										90.0	135.0																																								
QinJ_2012	DLM024	DLM024	stool		T2D	T2D	39.0		adult	male	CHN	no	IlluminaHiSeq		23023125	34152730	3073745700	90	90	SRR341672			Paolo_Manghi	20.57																																																						164.34648										70.0	120.0																																								
QinJ_2012	DLM027	DLM027	stool		T2D	T2D	70.0		senior	male	CHN	no	IlluminaHiSeq		23023125	35438154	3189433860	90	90	SRR341673			Paolo_Manghi	21.6																																																						232.4052576										100.0	130.0																																								
QinJ_2012	DLM028	DLM028	stool		T2D	T2D	63.0		adult	male	CHN	no	IlluminaHiSeq		23023125	32347300	2911257000	90	90	SRR341674			Paolo_Manghi	20.42																																																						173.6272224										80.0	140.0																																								
QinJ_2012	DOF002	DOF002	stool		T2D	T2D	56.0		adult	female	CHN	no	IlluminaHiSeq		23023125	25660444	1898872856	73	74	SRR341599			Paolo_Manghi	25.3																																																						189.0951264										75.0	150.0																																								
QinJ_2012	DOF003	DOF003	stool		T2D	T2D	59.0		adult	female	CHN	no	IlluminaHiSeq		23023125	33770036	3039303240	90	90	SRR341675			Paolo_Manghi	26.71																																																						194.1221952										75.0	130.0																																								
QinJ_2012	DOF004	DOF004	stool		T2D	T2D	63.0		adult	female	CHN	no	IlluminaHiSeq		23023125	33193852	2987446680	90	90	SRR341676			Paolo_Manghi	25.39																																																						184.0680576										75.0	130.0																																								
QinJ_2012	DOF006	DOF006	stool		T2D	T2D	51.0		adult	female	CHN	no	IlluminaHiSeq		23023125	36871304	3318417360	90	90	SRR341677			Paolo_Manghi	26.04																			metformin																																			211.1368896										80.0	150.0																																								
QinJ_2012	DOF007	DOF007	stool		T2D	T2D	70.0		senior	female	CHN	no	IlluminaHiSeq		23023125	35620276	2635900424	73	74	SRR341600			Paolo_Manghi	25.78																																																						220.417632										80.0	105.0																																								
QinJ_2012	DOF008	DOF008	stool		T2D	T2D	40.0		adult	female	CHN	no	IlluminaHiSeq		23023125	29099666	2618969940	90	90	SRR341678			Paolo_Manghi	25.84																			metformin																																			212.2969824										80.0	145.0																																								
QinJ_2012	DOF009	DOF009	stool		T2D	T2D	68.0		senior	female	CHN	no	IlluminaHiSeq		23023125	27388670	2026761580	73	74	SRR341601			Paolo_Manghi	27.64																																																						189.481824										70.0	140.0																																								
QinJ_2012	DOF010	DOF010	stool		T2D	T2D	62.0		adult	female	CHN	no	IlluminaHiSeq		23023125	25291082	1871540068	73	74	SRR341602			Paolo_Manghi	27.78																																																						191.415312										90.0	140.0																																								
QinJ_2012	DOF011	DOF011	stool		T2D	T2D	48.0		adult	female	CHN	no	IlluminaHiSeq		23023125	24964406	1847366044	73	74	SRR341603			Paolo_Manghi	27.06																																																						204.5630304										70.0	110.0																																								
QinJ_2012	DOF012	DOF012	stool		T2D	T2D	61.0		adult	female	CHN	no	IlluminaHiSeq		23023125	30197004	2234578296	73	74	SRR341604			Paolo_Manghi	27.15																																																						231.2451648										75.0	140.0																																								
QinJ_2012	DOF013	DOF013	stool		T2D	T2D	53.0		adult	female	CHN	no	IlluminaHiSeq		23023125	29296234	2167921316	73	74	SRR341605			Paolo_Manghi	25.97																			metformin																																			175.1740128										75.0	120.0																																								
QinJ_2012	DOF014	DOF014	stool		T2D	T2D	63.0		adult	female	CHN	no	IlluminaHiSeq		23023125	28144428	2082687672	73	74	SRR341606			Paolo_Manghi	29.79																																																						205.3364256										70.0	150.0																																								
QinJ_2012	DOM001	DOM001	stool		T2D	T2D	59.0		adult	male	CHN	no	IlluminaHiSeq		23023125	29041194	2613707460	90	90	SRR341679			Paolo_Manghi	25.26																			metformin																																			184.8414528										90.0	130.0																																								
QinJ_2012	DOM003	DOM003	stool		T2D	T2D	53.0		adult	male	CHN	no	IlluminaHiSeq		23023125	31792798	2861351820	90	90	SRR341680			Paolo_Manghi	25.16																			metformin																																			190.6419168										60.0	110.0																																								
QinJ_2012	DOM005	DOM005	stool		T2D	T2D	49.0		adult	male	CHN	no	IlluminaHiSeq		23023125	32741136	2422844064	73	74	SRR341607			Paolo_Manghi	25.31																																																						203.01624										100.0	140.0																																								
QinJ_2012	DOM008	DOM008	stool		T2D	T2D	75.0		senior	male	CHN	no	IlluminaHiSeq		23023125	28489476	2564052840	90	90	SRR341681			Paolo_Manghi	25.39																																																						254.0603232										90.0	150.0																																								
QinJ_2012	DOM010	DOM010	stool		T2D	T2D	74.0		senior	male	CHN	no	IlluminaHiSeq		23023125	38581370	3472323300	90	90	SRR341682			Paolo_Manghi	25.75																			metformin																																			215.3905632										90.0	140.0																																								
QinJ_2012	DOM012	DOM012	stool		T2D	T2D	57.0		adult	male	CHN	no	IlluminaHiSeq		23023125	28654886	2120461564	73	74	SRR341608			Paolo_Manghi	25.69																			metformin																																			166.6666656										85.0	130.0																																								
QinJ_2012	DOM013	DOM013	stool		T2D	T2D	36.0		adult	male	CHN	no	IlluminaHiSeq		23023125	42030770	3782769300	90	90	SRR341683			Paolo_Manghi	26.82																			metformin																																			186.0015456										80.0	130.0																																								
QinJ_2012	DOM014	DOM014	stool		T2D	T2D	71.0		senior	male	CHN	no	IlluminaHiSeq		23023125	25765622	1906656028	73	74	SRR341609			Paolo_Manghi	25.39																																																						213.8437728										80.0	140.0																																								
QinJ_2012	DOM015	DOM015	stool		T2D	T2D	68.0		senior	male	CHN	no	IlluminaHiSeq		23023125	28592534	2573328060	90	90	SRR341684			Paolo_Manghi	25.35																																																						220.0309344										75.0	120.0																																								
QinJ_2012	DOM016	DOM016	stool		T2D	T2D	39.0		adult	male	CHN	no	IlluminaHiSeq		23023125	32982362	2968412580	90	90	SRR341685			Paolo_Manghi	27.58																																																						182.5212672										70.0	130.0																																								
QinJ_2012	DOM017	DOM017	stool		T2D	T2D	41.0		adult	male	CHN	no	IlluminaHiSeq		23023125	33387162	2470649988	73	74	SRR341610			Paolo_Manghi	27.72																																																						209.2034016										85.0	120.0																																								
QinJ_2012	DOM018	DOM018	stool		T2D	T2D	68.0		senior	male	CHN	no	IlluminaHiSeq		23023125	31604952	2844445680	90	90	SRR341686			Paolo_Manghi	25.5																			metformin																																			175.947408										70.0	140.0																																								
QinJ_2012	DOM019	DOM019	stool		T2D	T2D	53.0		adult	male	CHN	no	IlluminaHiSeq		23023125	34195498	3077594820	90	90	SRR341687			Paolo_Manghi	25.31																																																						216.550656										80.0	110.0																																								
QinJ_2012	DOM020	DOM020	stool		T2D	T2D	43.0		adult	male	CHN	no	IlluminaHiSeq		23023125	19997954	1479848596	73	74	SRR341611			Paolo_Manghi	25.65																			metformin																																			198.3758688										90.0	130.0																																								
QinJ_2012	DOM021	DOM021	stool		T2D	T2D	72.0		senior	male	CHN	no	IlluminaHiSeq		23023125	34753628	2571768472	73	74	SRR341612			Paolo_Manghi	25.71																			metformin																																			260.2474848										70.0	150.0																																								
QinJ_2012	DOM022	DOM022	stool		T2D	T2D	31.0		adult	male	CHN	no	IlluminaHiSeq		23023125	36888964	3320006760	90	90	SRR341688			Paolo_Manghi	27.43																			metformin																																			259.8607872										90.0	130.0																																								
QinJ_2012	DOM023	DOM023	stool		T2D	T2D	39.0		adult	male	CHN	no	IlluminaHiSeq		23023125	31090244	2300678056	73	74	SRR341613			Paolo_Manghi	25.51																																																						213.4570752										70.0	120.0																																								
QinJ_2012	DOM024	DOM024	stool		T2D	T2D	42.0		adult	male	CHN	no	IlluminaHiSeq		23023125	29456668	2179793432	73	74	SRR341614			Paolo_Manghi	25.39																																																						195.6689856										80.0	130.0																																								
QinJ_2012	DOM025	DOM025	stool		T2D	T2D	62.0		adult	male	CHN	no	IlluminaHiSeq		23023125	28060436	2076472264	73	74	SRR341615			Paolo_Manghi	25.39																			metformin																																			220.417632										90.0	145.0																																								
QinJ_2012	DOM026	DOM026	stool		T2D	T2D	36.0		adult	male	CHN	no	IlluminaHiSeq		23023125	35620180	3205816200	90	90	SRR341689			Paolo_Manghi	27.28																			metformin																																			241.686										70.0	120.0																																								
QinJ_2012	NLF001	NLF001	stool		control	Health	31.0		adult	female	CHN	no	IlluminaHiSeq		23023125	29561290	2187535460	73	74	SRR341616			Paolo_Manghi	17.94																																																						214.2304704										70.0	135.0																																								
QinJ_2012	NLF002	NLF002	stool		control	Health	34.0		adult	female	CHN	no	IlluminaHiSeq		23023125	25620216	1895895984	73	74	SRR341617			Paolo_Manghi	17.97																																																						199.9226592										70.0	120.0																																								
QinJ_2012	NLF005	NLF005	stool		control	Health	44.0		adult	female	CHN	no	IlluminaHiSeq		23023125	32474030	2403078220	73	74	SRR341618			Paolo_Manghi	19.33																																																						223.5112128										90.0	140.0																																								
QinJ_2012	NLF006	NLF006	stool		control	Health	27.0		adult	female	CHN	no	IlluminaHiSeq		23023125	26433886	1956107564	73	74	SRR341619			Paolo_Manghi	17.8																																																						184.0680576										70.0	115.0																																								
QinJ_2012	NLF007	NLF007	stool		control	Health	39.0		adult	female	CHN	no	IlluminaHiSeq		23023125	31597414	2338208636	73	74	SRR341620			Paolo_Manghi	20.57																																																						172.8538272										90.0	130.0																																								
QinJ_2012	NLF008	NLF008	stool		control	Health	26.0		adult	female	CHN	no	IlluminaHiSeq		23023125	33251614	2992645260	90	90	SRR341690			Paolo_Manghi	18.03																																																						187.1616384										70.0	115.0																																								
QinJ_2012	NLF009	NLF009	stool		control	Health	27.0		adult	female	CHN	no	IlluminaHiSeq		23023125	27971524	2069892776	73	74	SRR341621			Paolo_Manghi	18.99																																																						231.6318624										70.0	110.0																																								
QinJ_2012	NLF010	NLF010	stool		control	Health	35.0		adult	female	CHN	no	IlluminaHiSeq		23023125	29248858	2164415492	73	74	SRR341622			Paolo_Manghi	20.17																																																						195.6689856										90.0	140.0																																								
QinJ_2012	NLF011	NLF011	stool		control	Health	25.0		adult	female	CHN	no	IlluminaHiSeq		23023125	29852214	2209063836	73	74	SRR341623			Paolo_Manghi	18.52																																																						195.282288										75.0	125.0																																								
QinJ_2012	NLF012	NLF012	stool		control	Health	27.0		adult	female	CHN	no	IlluminaHiSeq		23023125	29942544	2694828960	90	90	SRR341691			Paolo_Manghi	19.53																																																						272.2351104										80.0	110.0																																								
QinJ_2012	NLF013	NLF013	stool		control	Health	32.0		adult	female	CHN	no	IlluminaHiSeq		23023125	30752924	2767763160	90	90	SRR341692			Paolo_Manghi	18.2																																																						183.68136										80.0	130.0																																								
QinJ_2012	NLF014	NLF014	stool		control	Health	37.0		adult	female	CHN	no	IlluminaHiSeq		23023125	31611272	2339234128	73	74	SRR341624			Paolo_Manghi	18.67																																																						210.3634944										85.0	130.0																																								
QinJ_2012	NLF015	NLF015	stool		control	Health	59.0		adult	female	CHN	no	IlluminaHiSeq		23023125	33720856	3034877040	90	90	SRR341693			Paolo_Manghi	19.15																																																						191.0286144										70.0	120.0																																								
QinJ_2012	NLM001	NLM001	stool		control	Health	32.0		adult	male	CHN	no	IlluminaHiSeq		23023125	25383554	1878382996	73	74	SRR341625			Paolo_Manghi	19.14																																																						156.612528										80.0	130.0																																								
QinJ_2012	NLM002	NLM002	stool		control	Health	23.0		adult	male	CHN	no	IlluminaHiSeq		23023125	37910796	3411971640	90	90	SRR341694			Paolo_Manghi	18.72																																																						247.486464										70.0	100.0																																								
QinJ_2012	NLM003	NLM003	stool		control	Health	23.0		adult	male	CHN	no	IlluminaHiSeq		23023125	26590132	1967669768	73	74	SRR341626			Paolo_Manghi	19.49																																																						190.2552192										60.0	100.0																																								
QinJ_2012	NLM004	NLM004	stool		control	Health	24.0		adult	male	CHN	no	IlluminaHiSeq		23023125	37015926	3331433340	90	90	SRR341695			Paolo_Manghi	19.35																																																						223.1245152										60.0	100.0																																								
QinJ_2012	NLM005	NLM005	stool		control	Health	42.0		adult	male	CHN	no	IlluminaHiSeq		23023125	28219850	2088268900	73	74	SRR341627			Paolo_Manghi	19.13																																																						236.2722336										80.0	130.0																																								
QinJ_2012	NLM006	NLM006	stool		control	Health	24.0		adult	male	CHN	no	IlluminaHiSeq		23023125	38252754	3442747860	90	90	SRR341696			Paolo_Manghi	19.03																																																						214.2304704										80.0	120.0																																								
QinJ_2012	NLM007	NLM007	stool		control	Health	22.0		adult	male	CHN	no	IlluminaHiSeq		23023125	32034154	2883073860	90	90	SRR341697			Paolo_Manghi	19.92																																																						193.7354976										70.0	120.0																																								
QinJ_2012	NLM008	NLM008	stool		control	Health	22.0		adult	male	CHN	no	IlluminaHiSeq		23023125	29888804	2211771496	73	74	SRR341628			Paolo_Manghi	19.57																																																						244.3928832										80.0	120.0																																								
QinJ_2012	NLM009	NLM009	stool		control	Health	24.0		adult	male	CHN	no	IlluminaHiSeq		23023125	29364750	2172991500	73	74	SRR341629			Paolo_Manghi	18.37																																																						184.0680576										85.0	115.0																																								
QinJ_2012	NLM010	NLM010	stool		control	Health	23.0		adult	male	CHN	no	IlluminaHiSeq		23023125	34516032	3106442880	90	90	SRR341698			Paolo_Manghi	19.96																																																						197.215776										70.0	100.0																																								
QinJ_2012	NLM015	NLM015	stool		control	Health	23.0		adult	male	CHN	no	IlluminaHiSeq		23023125	28360286	2098661164	73	74	SRR341630			Paolo_Manghi	18.07																																																						198.7625664										70.0	130.0																																								
QinJ_2012	NLM016	NLM016	stool		control	Health	23.0		adult	male	CHN	no	IlluminaHiSeq		23023125	29205068	2190380100	75	75	SRR341631			Paolo_Manghi	19.47																																																						231.2451648										70.0	100.0																																								
QinJ_2012	NLM017	NLM017	stool		control	Health	23.0		adult	male	CHN	no	IlluminaHiSeq		23023125	61005902	4575442650	75	75	SRR341632			Paolo_Manghi	19.16																																																						204.949728										80.0	110.0																																								
QinJ_2012	NLM021	NLM021	stool		control	Health	25.0		adult	male	CHN	no	IlluminaHiSeq		23023125	36235680	3261211200	90	90	SRR341699			Paolo_Manghi	18.59																																																						194.8955904										85.0	125.0																																								
QinJ_2012	NLM022	NLM022	stool		control	Health	29.0		adult	male	CHN	no	IlluminaHiSeq		23023125	29247660	2632289400	90	90	SRR341700			Paolo_Manghi	19.84																																																						201.4694496										80.0	135.0																																								
QinJ_2012	NLM023	NLM023	stool		control	Health	38.0		adult	male	CHN	no	IlluminaHiSeq		23023125	61163528	4587264600	75	75	SRR341633			Paolo_Manghi	19.38																																																						238.2057216										67.0	130.0																																								
QinJ_2012	NLM024	NLM024	stool		control	Health	23.0		adult	male	CHN	no	IlluminaHiSeq		23023125	31747726	2857295340	90	90	SRR341701			Paolo_Manghi	19.38																																																						275.7153888										80.0	120.0																																								
QinJ_2012	NLM025	NLM025	stool		control	Health	19.0		adult	male	CHN	no	IlluminaHiSeq		23023125	31516482	2332219668	73	74	SRR341634			Paolo_Manghi	17.29																																																						229.6983744										80.0	110.0																																								
QinJ_2012	NLM026	NLM026	stool		control	Health	24.0		adult	male	CHN	no	IlluminaHiSeq		23023125	34912410	3142116900	90	90	SRR341702			Paolo_Manghi	20.66																																																						202.6295424										80.0	110.0																																								
QinJ_2012	NLM027	NLM027	stool		control	Health	22.0		adult	male	CHN	no	IlluminaHiSeq		23023125	35404646	3186418140	90	90	SRR341703			Paolo_Manghi	19.36																																																						177.1075008										70.0	120.0																																								
QinJ_2012	NLM028	NLM028	stool		control	Health	21.0		adult	male	CHN	no	IlluminaHiSeq		23023125	34569578	3111262020	90	90	SRR341704			Paolo_Manghi	19.05																																																						253.6736256										60.0	115.0																																								
QinJ_2012	NLM029	NLM029	stool		control	Health	25.0		adult	male	CHN	no	IlluminaHiSeq		23023125	34157176	3074145840	90	90	SRR341705			Paolo_Manghi	19.44																																																						232.4052576										70.0	100.0																																								
QinJ_2012	NLM031	NLM031	stool		control	Health	33.0		adult	male	CHN	no	IlluminaHiSeq		23023125	32081376	2887323840	90	90	SRR341706			Paolo_Manghi	20.31																																																						227.7648864										80.0	130.0																																								
QinJ_2012	NLM032	NLM032	stool		control	Health	39.0		adult	male	CHN	no	IlluminaHiSeq		23023125	37814974	3403347660	90	90	SRR341707			Paolo_Manghi	19.49																																																						167.0533632										80.0	140.0																																								
QinJ_2012	NOF001	NOF001	stool		control	Health	45.0		adult	female	CHN	no	IlluminaHiSeq		23023125	24541996	1816107704	73	74	SRR341635			Paolo_Manghi	25.51																																																						193.7354976										75.0	135.0																																								
QinJ_2012	NOF002	NOF002	stool		control	Health	51.0		adult	female	CHN	no	IlluminaHiSeq		23023125	31582568	2337110032	73	74	SRR341636			Paolo_Manghi	26.56																																																						175.1740128										70.0	100.0																																								
QinJ_2012	NOF004	NOF004	stool		control	Health	33.0		adult	female	CHN	no	IlluminaHiSeq		23023125	24427456	1807631744	73	74	SRR341637			Paolo_Manghi	25.07																																																						190.6419168										80.0	110.0																																								
QinJ_2012	NOF005	NOF005	stool		control	Health	32.0		adult	female	CHN	no	IlluminaHiSeq		23023125	35131160	3161804400	90	90	SRR341708			Paolo_Manghi	25.39																																																						238.9791168										65.0	125.0																																								
QinJ_2012	NOF006	NOF006	stool		control	Health	35.0		adult	female	CHN	no	IlluminaHiSeq		23023125	25963456	1921295744	73	74	SRR341638			Paolo_Manghi	26.13																																																						177.4941984										80.0	120.0																																								
QinJ_2012	NOF007	NOF007	stool		control	Health	32.0		adult	female	CHN	no	IlluminaHiSeq		23023125	33241560	2459875440	73	74	SRR341639			Paolo_Manghi	24.89																																																						211.1368896										80.0	135.0																																								
QinJ_2012	NOF008	NOF008	stool		control	Health	30.0		adult	female	CHN	no	IlluminaHiSeq		23023125	34087816	3067903440	90	90	SRR341709			Paolo_Manghi	26.71																																																						203.01624										75.0	135.0																																								
QinJ_2012	NOF009	NOF009	stool		control	Health	26.0		adult	female	CHN	no	IlluminaHiSeq		23023125	32788844	2426374456	73	74	SRR341640			Paolo_Manghi	25.24																																																						201.8561472										70.0	100.0																																								
QinJ_2012	NOF010	NOF010	stool		control	Health	40.0		adult	female	CHN	no	IlluminaHiSeq		23023125	33058980	2975308200	90	90	SRR341710			Paolo_Manghi	24.89																																																						223.5112128										80.0	120.0																																								
QinJ_2012	NOF011	NOF011	stool		control	Health	30.0		adult	female	CHN	no	IlluminaHiSeq		23023125	27020248	1999498352	73	74	SRR341641			Paolo_Manghi	25.39																																																						202.6295424										75.0	130.0																																								
QinJ_2012	NOF012	NOF012	stool		control	Health	38.0		adult	female	CHN	no	IlluminaHiSeq		23023125	31488902	2834001180	90	90	SRR341711			Paolo_Manghi	25.81																																																						234.7254432										90.0	135.0																																								
QinJ_2012	NOF013	NOF013	stool		control	Health	41.0		adult	female	CHN	no	IlluminaHiSeq		23023125	29491926	2182402524	73	74	SRR341642			Paolo_Manghi	25.48																																																						172.8538272										70.0	130.0																																								
QinJ_2012	NOF014	NOF014	stool		control	Health	42.0		adult	female	CHN	no	IlluminaHiSeq		23023125	40223544	3016765800	75	75	SRR341643			Paolo_Manghi	25.59																																																						225.0580032										90.0	130.0																																								
QinJ_2012	NOM001	NOM001	stool		control	Health	48.0		adult	male	CHN	no	IlluminaHiSeq		23023125	29540252	2658622680	90	90	SRR341712			Paolo_Manghi	26.45																																																						219.2575392										80.0	132.0																																								
QinJ_2012	NOM002	NOM002	stool		control	Health	68.0		senior	male	CHN	no	IlluminaHiSeq		23023125	36778634	3310077060	90	90	SRR341713			Paolo_Manghi	28.3																																																						232.4052576										85.0	135.0																																								
QinJ_2012	NOM004	NOM004	stool		control	Health	32.0		adult	male	CHN	no	IlluminaHiSeq		23023125	31787736	2352292464	73	74	SRR341644			Paolo_Manghi	29.06																																																						197.215776										80.0	130.0																																								
QinJ_2012	NOM005	NOM005	stool		control	Health	46.0		adult	male	CHN	no	IlluminaHiSeq		23023125	26950476	2425542840	90	90	SRR341714			Paolo_Manghi	25.4																																																						232.4052576										90.0	140.0																																								
QinJ_2012	NOM007	NOM007	stool		control	Health	72.0		senior	male	CHN	no	IlluminaHiSeq		23023125	30300496	2242236704	73	74	SRR341645			Paolo_Manghi	23.66																																																						194.8955904										100.0	160.0																																								
QinJ_2012	NOM008	NOM008	stool		control	Health	54.0		adult	male	CHN	no	IlluminaHiSeq		23023125	39052760	2928957000	75	75	SRR341646			Paolo_Manghi	26.57																																																						241.686										70.0	110.0																																								
QinJ_2012	NOM009	NOM009	stool		control	Health	33.0		adult	male	CHN	no	IlluminaHiSeq		23023125	32495210	2924568900	90	90	SRR341715			Paolo_Manghi	25.18																																																						195.6689856										70.0	130.0																																								
QinJ_2012	NOM010	NOM010	stool		control	Health	30.0		adult	male	CHN	no	IlluminaHiSeq		23023125	32807528	2952677520	90	90	SRR341716			Paolo_Manghi	25.71																																																						191.415312										80.0	120.0																																								
QinJ_2012	NOM012	NOM012	stool		control	Health	32.0		adult	male	CHN	no	IlluminaHiSeq		23023125	29282392	2166897008	73	74	SRR341647			Paolo_Manghi	25.71																																																						240.1392096										70.0	110.0																																								
QinJ_2012	NOM013	NOM013	stool		control	Health	42.0		adult	male	CHN	no	IlluminaHiSeq		23023125	29503110	2183230140	73	74	SRR341648			Paolo_Manghi	26.22																																																						223.1245152										60.0	120.0																																								
QinJ_2012	NOM014	NOM014	stool		control	Health	41.0		adult	male	CHN	no	IlluminaHiSeq		23023125	32125392	2891285280	90	90	SRR341717			Paolo_Manghi	25.1																																																						216.1639584										65.0	115.0																																								
QinJ_2012	NOM015	NOM015	stool		control	Health	32.0		adult	male	CHN	no	IlluminaHiSeq		23023125	23970022	2157301980	90	90	SRR341718			Paolo_Manghi	25.73																																																						192.5754048										65.0	100.0																																								
QinJ_2012	NOM016	NOM016	stool		control	Health	37.0		adult	male	CHN	no	IlluminaHiSeq		23023125	23779804	2140182360	90	90	SRR341719			Paolo_Manghi	24.77																																																						183.68136										90.0	140.0																																								
QinJ_2012	NOM017	NOM017	stool		control	Health	39.0		adult	male	CHN	no	IlluminaHiSeq		23023125	35319594	3178763460	90	90	SRR341720			Paolo_Manghi	27.24																																																						197.9891712										90.0	135.0																																								
QinJ_2012	NOM018	NOM018	stool		control	Health	43.0		adult	male	CHN	no	IlluminaHiSeq		23023125	43883136	3291235200	75	75	SRR341649			Paolo_Manghi	25.0																																																						174.01392										70.0	110.0																																								
QinJ_2012	NOM019	NOM019	stool		control	Health	26.0		adult	male	CHN	no	IlluminaHiSeq		23023125	23301242	2097111780	90	90	SRR341721			Paolo_Manghi	25.47																																																						207.2699136										70.0	110.0																																								
QinJ_2012	NOM020	NOM020	stool		control	Health	24.0		adult	male	CHN	no	IlluminaHiSeq		23023125	36226952	3260425680	90	90	SRR341722			Paolo_Manghi	25.21																																																						181.747872										70.0	120.0																																								
QinJ_2012	NOM022	NOM022	stool		control	Health	23.0		adult	male	CHN	no	IlluminaHiSeq		23023125	41575940	3118195500	75	75	SRR341650			Paolo_Manghi	26.73																																																						194.8955904										80.0	130.0																																								
QinJ_2012	NOM023	NOM023	stool		control	Health	46.0		adult	male	CHN	no	IlluminaHiSeq		23023125	28699522	2123764628	73	74	SRR341651			Paolo_Manghi	27.12																																																						197.9891712										75.0	120.0																																								
QinJ_2012	NOM025	NOM025	stool		control	Health	28.0		adult	male	CHN	no	IlluminaHiSeq		23023125	23715010	2134350900	90	90	SRR341723			Paolo_Manghi	25.59																																																						205.3364256										80.0	130.0																																								
QinJ_2012	NOM026	NOM026	stool		control	Health	52.0		adult	male	CHN	no	IlluminaHiSeq		23023125	35100036	2597402664	73	74	SRR341652			Paolo_Manghi	25.71																																																						233.1786528										80.0	130.0																																								
QinJ_2012	NOM027	NOM027	stool		control	Health	38.0		adult	male	CHN	no	IlluminaHiSeq		23023125	33722898	3035060820	90	90	SRR341724			Paolo_Manghi	25.71																																																						177.1075008										80.0	125.0																																								
QinJ_2012	NOM028	NOM028	stool		control	Health	47.0		adult	male	CHN	no	IlluminaHiSeq		23023125	25479128	2293121520	90	90	SRR341725			Paolo_Manghi	26.57																																																						196.4423808										80.0	140.0																																								
QinJ_2012	T2D-001	T2D-001	stool		T2D	T2D	57.0		adult	female	CHN	no	IlluminaHiSeq		23023125	48251116	4342600440	90	90				Paolo_Manghi	25.72																																																						200.3093568	2.36									80.0	130.0																																								
QinJ_2012	T2D-002	T2D-002	stool		T2D	T2D	58.0		adult	female	CHN	no	IlluminaHiSeq		23023125	51845286	4666075740	90	90	SRR413737			Paolo_Manghi	27.22																																																						230.085072										85.0	125.0																																								
QinJ_2012	T2D-003	T2D-003	stool		T2D	T2D	68.0		senior	female	CHN	no	IlluminaHiSeq		23023125	58333542	5250018780	90	90				Paolo_Manghi	25.78																																																						173.2405248	1.31									80.0	160.0																																								
QinJ_2012	T2D-004	T2D-004	stool		T2D	T2D	42.0		adult	female	CHN	no	IlluminaHiSeq		23023125	47864306	4307787540	90	90				Paolo_Manghi	27.24																																																						185.614848										80.0	110.0																																								
QinJ_2012	T2D-005	T2D-005	stool		T2D	T2D	74.0		senior	female	CHN	no	IlluminaHiSeq		23023125	36482292	3283406280	90	90				Paolo_Manghi	26.44																																																						260.6341824										97.0	179.0																																								
QinJ_2012	T2D-006	T2D-006	stool		T2D	T2D	73.0		senior	female	CHN	no	IlluminaHiSeq		23023125	72503174	6525285660	90	90	SRR413761			Paolo_Manghi	32.02																																																						162.412992										89.0	145.0																																								
QinJ_2012	T2D-007	T2D-007	stool		T2D	T2D	33.0		adult	female	CHN	no	IlluminaHiSeq		23023125	31421462	2827931580	90	90				Paolo_Manghi	27.53																																																						223.5112128	2.29									70.0	120.0																																								
QinJ_2012	T2D-008	T2D-008	stool		T2D	T2D	65.0		adult	female	CHN	no	IlluminaHiSeq		23023125	34768420	3129157800	90	90	SRR413770			Paolo_Manghi	29.07																																																						208.4300064	1.29									86.0	135.0																																								
QinJ_2012	T2D-009	T2D-009	stool		T2D	T2D	64.0		adult	female	CHN	no	IlluminaHiSeq		23023125	28150046	2533504140	90	90	SRR413773			Paolo_Manghi	27.12																																																						259.4740896										90.0	140.0																																								
QinJ_2012	T2D-010	T2D-010	stool		T2D	T2D	45.0		adult	female	CHN	no	IlluminaHiSeq		23023125	39444066	3549965940	90	90	SRR413680			Paolo_Manghi	25.28																																																						143.078112	2.31									70.0	110.0																																								
QinJ_2012	T2D-011	T2D-011	stool		T2D	T2D	62.0		adult	female	CHN	no	IlluminaHiSeq		23023125	47317522	4258576980	90	90	SRR413686			Paolo_Manghi	26.64																																																						189.0951264	1.41									65.0	118.0																																								
QinJ_2012	T2D-012	T2D-012	stool		T2D	T2D	72.0		senior	female	CHN	no	IlluminaHiSeq		23023125	50447092	4540238280	90	90	SRR413694			Paolo_Manghi	29.03																																																						202.2428448	0.04									80.0	130.0																																								
QinJ_2012	T2D-013	T2D-013	stool		T2D	T2D	52.0		adult	female	CHN	no	IlluminaHiSeq		23023125	48425212	4358269080	90	90	SRR413700			Paolo_Manghi	25.2																																																						134.9574624	1.13									90.0	150.0																																								
QinJ_2012	T2D-014	T2D-014	stool		T2D	T2D	63.0		adult	female	CHN	no	IlluminaHiSeq		23023125	52225992	4700339280	90	90	SRR413708			Paolo_Manghi	27.24																																																						228.151584	1.1									75.0	140.0																																								
QinJ_2012	T2D-015	T2D-015	stool		T2D	T2D	45.0		adult	female	CHN	no	IlluminaHiSeq		23023125	48637404	4377366360	90	90	SRR413714			Paolo_Manghi	25.45																																																						174.01392										70.0	110.0																																								
QinJ_2012	T2D-016	T2D-016	stool		T2D	T2D	73.0		senior	male	CHN	no	IlluminaHiSeq		23023125	44629294	4016636460	90	90				Paolo_Manghi	28.33																																																						159.3194112										84.0	130.0																																								
QinJ_2012	T2D-017	T2D-017	stool		T2D	T2D	48.0		adult	male	CHN	no	IlluminaHiSeq		23023125	63521966	5716976940	90	90	SRR413721			Paolo_Manghi	27.55																																																						187.548336										80.0	125.0																																								
QinJ_2012	T2D-018	T2D-018	stool		T2D	T2D	46.0		adult	male	CHN	no	IlluminaHiSeq		23023125	33517352	3016561680	90	90				Paolo_Manghi	28.73																																																						247.486464										78.0	133.0																																								
QinJ_2012	T2D-019	T2D-019	stool		T2D	T2D	43.0		adult	male	CHN	no	IlluminaHiSeq		23023125	39810334	3582930060	90	90	SRR413728			Paolo_Manghi	26.56																																																						123.743232										97.0	150.0																																								
QinJ_2012	T2D-020	T2D-020	stool		T2D	T2D	44.0		adult	male	CHN	no	IlluminaHiSeq		23023125	50627868	4556508120	90	90				Paolo_Manghi	33.63																																																						197.6024736										80.0	140.0																																								
QinJ_2012	T2D-021	T2D-021	stool		T2D	T2D	49.0		adult	male	CHN	no	IlluminaHiSeq		23023125	38799868	3491988120	90	90				Paolo_Manghi	26.3																																																						197.6024736										84.0	120.0																																								
QinJ_2012	T2D-022	T2D-022	stool		T2D	T2D	58.0		adult	male	CHN	no	IlluminaHiSeq		23023125	49636128	4467251520	90	90	SRR413733			Paolo_Manghi	27.04																																																						163.5730848										76.0	120.0																																								
QinJ_2012	T2D-023	T2D-023	stool		T2D	T2D	40.0		adult	male	CHN	no	IlluminaHiSeq		23023125	64697348	5822761320	90	90				Paolo_Manghi	25.4																																																						224.6713056	3.79									84.0	124.0																																								
QinJ_2012	T2D-024	T2D-024	stool		T2D	T2D	58.0		adult	male	CHN	no	IlluminaHiSeq		23023125	69615406	6265386540	90	90				Paolo_Manghi	25.97																																																						216.550656										80.0	120.0																																								
QinJ_2012	T2D-025	T2D-025	stool		T2D	T2D	24.0		adult	male	CHN	no	IlluminaHiSeq		23023125	45739822	4116583980	90	90	SRR413734			Paolo_Manghi	37.5																																																						319.7989152	3.35									84.0	140.0																																								
QinJ_2012	T2D-026	T2D-026	stool		T2D	T2D	72.0		senior	male	CHN	no	IlluminaHiSeq		23023125	49381356	4444322040	90	90	SRR413735			Paolo_Manghi	26.12																																																						197.9891712										90.0	130.0																																								
QinJ_2012	T2D-027	T2D-027	stool			Health			adult		CHN	no	IlluminaHiSeq		23023125	57356636	5162097240	90	90				Paolo_Manghi																																																																																																										
QinJ_2012	T2D-028	T2D-028	stool		T2D	T2D	57.0		adult	male	CHN	no	IlluminaHiSeq		23023125	51021308	4591917720	90	90				Paolo_Manghi	25.28																																																						287.3163168	2.37									70.0	110.0																																								
QinJ_2012	T2D-029	T2D-029	stool		T2D	T2D	71.0		senior	male	CHN	no	IlluminaHiSeq		23023125	53692560	4832330400	90	90	SRR413736			Paolo_Manghi	25.16																																																						179.0409888										80.0	125.0																																								
QinJ_2012	T2D-030	T2D-030	stool		T2D	T2D	58.0		adult	male	CHN	no	IlluminaHiSeq		23023125	35367004	3183030360	90	90				Paolo_Manghi	29.41																																																						259.087392	1.81									80.0	130.0																																								
QinJ_2012	T2D-031	T2D-031	stool		T2D	T2D	35.0		adult	male	CHN	no	IlluminaHiSeq		23023125	34566206	3110958540	90	90	SRR413738			Paolo_Manghi	27.43																																																						290.0232	2.98									90.0	132.0																																								
QinJ_2012	T2D-032	T2D-032	stool			Health			adult		CHN	no	IlluminaHiSeq		23023125	62538360	5628452400	90	90				Paolo_Manghi																																																																																																										
QinJ_2012	T2D-033	T2D-033	stool			Health			adult		CHN	no	IlluminaHiSeq		23023125	42188594	3796973460	90	90	SRR413739			Paolo_Manghi																																																																																																										
QinJ_2012	T2D-034	T2D-034	stool			Health			adult		CHN	no	IlluminaHiSeq		23023125	45889308	4130037720	90	90	SRR413740			Paolo_Manghi																																																																																																										
QinJ_2012	T2D-035	T2D-035	stool			Health			adult		CHN	no	IlluminaHiSeq		23023125	66066136	5945952240	90	90	SRR413741			Paolo_Manghi																																																																																																										
QinJ_2012	T2D-036	T2D-036	stool		T2D	T2D	70.0		senior	male	CHN	no	IlluminaHiSeq		23023125	32112716	2890144440	90	90				Paolo_Manghi	27.44																																																						174.01392																																																			
QinJ_2012	T2D-037	T2D-037	stool			Health			adult		CHN	no	IlluminaHiSeq		23023125	28476472	2562882480	90	90				Paolo_Manghi																																																																																																										
QinJ_2012	T2D-038	T2D-038	stool			Health			adult		CHN	no	IlluminaHiSeq		23023125	49836870	4485318300	90	90				Paolo_Manghi																																																																																																										
QinJ_2012	T2D-039	T2D-039	stool		T2D	T2D	58.0		adult	male	CHN	no	IlluminaHiSeq		23023125	47649530	4288457700	90	90				Paolo_Manghi	25.16																																																						148.878576										95.0	145.0																																								
QinJ_2012	T2D-040	T2D-040	stool		T2D	T2D	60.0		adult	male	CHN	no	IlluminaHiSeq		23023125	57149066	5143415940	90	90				Paolo_Manghi	27.81																																																																70.0	110.0																																								
QinJ_2012	T2D-041	T2D-041	stool		T2D	T2D	56.0		adult	male	CHN	no	IlluminaHiSeq		23023125	46322748	4169047320	90	90	SRR413742			Paolo_Manghi	25.61																																																						141.9180192	1.6									83.0	138.0																																								
QinJ_2012	T2D-042	T2D-042	stool		T2D	T2D	81.0		senior	male	CHN	no	IlluminaHiSeq		23023125	48472978	4362568020	90	90	SRR413743			Paolo_Manghi	27.34																																																						127.610208	1.08									78.0	135.0																																								
QinJ_2012	T2D-043	T2D-043	stool		T2D	T2D	55.0		adult	male	CHN	no	IlluminaHiSeq		23023125	66835248	6015172320	90	90				Paolo_Manghi	26.12																																																						191.0286144	0.62									67.0	127.0																																								
QinJ_2012	T2D-044	T2D-044	stool		T2D	T2D	51.0		adult	male	CHN	no	IlluminaHiSeq		23023125	43241468	3891732120	90	90				Paolo_Manghi	27.38																																																						87.00696																																																			
QinJ_2012	T2D-045	T2D-045	stool		T2D	T2D	33.0		adult	male	CHN	no	IlluminaHiSeq		23023125	54549592	4909463280	90	90	SRR413744			Paolo_Manghi	33.24																																																						116.3959776	1.35									85.0	140.0																																								
QinJ_2012	T2D-046	T2D-046	stool		T2D	T2D	55.0		adult	female	CHN	no	IlluminaHiSeq		23023125	42955850	3866026500	90	90	SRR1778450			Paolo_Manghi	21.56																																																						201.082752										75.0	128.0																																								
QinJ_2012	T2D-047	T2D-047	stool		T2D	T2D	86.0		senior	female	CHN	no	IlluminaHiSeq		23023125	53980064	4858205760	90	90	SRR413745			Paolo_Manghi	23.46																																																						225.4447008	0.87									68.0	147.0																																								
QinJ_2012	T2D-048	T2D-048	stool		T2D	T2D	28.0		adult	female	CHN	no	IlluminaHiSeq		23023125	59355112	5341960080	90	90	SRR413746			Paolo_Manghi	24.22																																																						217.3240512	1.42									70.0	120.0																																								
QinJ_2012	T2D-049	T2D-049	stool		T2D	T2D	54.0		adult	female	CHN	no	IlluminaHiSeq		23023125	46485044	4183653960	90	90	SRR413747			Paolo_Manghi	24.84																																																						176.7208032	2.76									70.0	120.0																																								
QinJ_2012	T2D-050	T2D-050	stool		T2D	T2D	71.0		senior	female	CHN	no	IlluminaHiSeq		23023125	55243200	4971888000	90	90				Paolo_Manghi	22.07																																																						180.5877792	1.43									66.0	118.0																																								
QinJ_2012	T2D-051	T2D-051	stool		T2D	T2D	50.0		adult	female	CHN	no	IlluminaHiSeq		23023125	51405986	4626538740	90	90	SRR413748			Paolo_Manghi	24.77																																																						241.2993024										84.0	150.0																																								
QinJ_2012	T2D-052	T2D-052	stool		T2D	T2D	71.0		senior	female	CHN	no	IlluminaHiSeq		23023125	59600380	5364034200	90	90	SRR413749			Paolo_Manghi	23.74																																																						239.752512										65.0	105.0																																								
QinJ_2012	T2D-053	T2D-053	stool		T2D	T2D	49.0		adult	female	CHN	no	IlluminaHiSeq		23023125	43553194	3919787460	90	90	SRR413750			Paolo_Manghi	22.04																																																																																																									
QinJ_2012	T2D-054	T2D-054	stool		T2D	T2D	66.0		senior	female	CHN	no	IlluminaHiSeq		23023125	58503804	5265342360	90	90	SRR413751			Paolo_Manghi	16.97																																																						236.6589312										78.0	130.0																																								
QinJ_2012	T2D-055	T2D-055	stool		T2D	T2D	60.0		adult	female	CHN	no	IlluminaHiSeq		23023125	35137090	3162338100	90	90				Paolo_Manghi	19.98																																																						194.8955904	1.13									80.0	130.0																																								
QinJ_2012	T2D-056	T2D-056	stool		T2D	T2D	64.0		adult	female	CHN	no	IlluminaHiSeq		23023125	46494710	4184523900	90	90	SRR413752			Paolo_Manghi	24.61																																																						274.555296										70.0	120.0																																								
QinJ_2012	T2D-057	T2D-057	stool		T2D	T2D	75.0		senior	female	CHN	no	IlluminaHiSeq		23023125	58242046	5241784140	90	90				Paolo_Manghi	24.34																																																						90.1005408	0.93									80.0	120.0																																								
QinJ_2012	T2D-058	T2D-058	stool		T2D	T2D	55.0		adult	female	CHN	no	IlluminaHiSeq		23023125	67734538	6096108420	90	90				Paolo_Manghi	23.15																																																						47.9505024	1.1									60.0	128.0																																								
QinJ_2012	T2D-059	T2D-059	stool		T2D	T2D	32.0		adult	female	CHN	no	IlluminaHiSeq		23023125	58275484	5244793560	90	90	SRR413754			Paolo_Manghi	24.88																																																						197.215776	1.65																																																		
QinJ_2012	T2D-060	T2D-060	stool		T2D	T2D	46.0		adult	female	CHN	no	IlluminaHiSeq		23023125	32072908	2886561720	90	90				Paolo_Manghi	21.48																																																						152.3588544										78.0	138.0																																								
QinJ_2012	T2D-061	T2D-061	stool			Health			adult		CHN	no	IlluminaHiSeq		23023125	51430690	4628762100	90	90	SRR413755			Paolo_Manghi																																																																																																										
QinJ_2012	T2D-062	T2D-062	stool		T2D	T2D	25.0		adult	female	CHN	no	IlluminaHiSeq		23023125	53652434	4828719060	90	90	SRR413756			Paolo_Manghi	17.63																																																						143.078112	0.64									60.0	110.0																																								
QinJ_2012	T2D-063	T2D-063	stool		T2D	T2D	54.0		adult	female	CHN	no	IlluminaHiSeq		23023125	60707470	5463672300	90	90	SRR413757			Paolo_Manghi	18.26																																																						203.4029376										90.0	140.0																																								
QinJ_2012	T2D-064	T2D-064	stool		T2D	T2D	54.0		adult	female	CHN	no	IlluminaHiSeq		23023125	54093762	4868438580	90	90				Paolo_Manghi	23.63																																																						229.3116768										92.0	155.0																																								
QinJ_2012	T2D-065	T2D-065	stool		T2D	T2D	58.0		adult	female	CHN	no	IlluminaHiSeq		23023125	42571454	3831430860	90	90	SRR413758			Paolo_Manghi	21.48																																																						170.9203392	1.36									60.0	110.0																																								
QinJ_2012	T2D-066	T2D-066	stool		T2D	T2D	61.0		adult	female	CHN	no	IlluminaHiSeq		23023125	46421532	4177937880	90	90	SRR413759			Paolo_Manghi	22.89																																																						234.7254432	2.58									82.0	142.0																																								
QinJ_2012	T2D-067	T2D-067	stool		T2D	T2D	83.0		senior	female	CHN	no	IlluminaHiSeq		23023125	66440864	5979677760	90	90				Paolo_Manghi	24.03																																																						218.484144	2.61									80.0	140.0																																								
QinJ_2012	T2D-068	T2D-068	stool		T2D	T2D	54.0		adult	female	CHN	no	IlluminaHiSeq		23023125	71108892	6399800280	90	90	SRR413760			Paolo_Manghi	23.05																																																						150.812064										60.0	95.0																																								
QinJ_2012	T2D-069	T2D-069	stool		T2D	T2D	55.0		adult	female	CHN	no	IlluminaHiSeq		23023125	72044412	6483997080	90	90				Paolo_Manghi	21.48																																																						213.8437728																																																			
QinJ_2012	T2D-070	T2D-070	stool		T2D	T2D	74.0		senior	female	CHN	no	IlluminaHiSeq		23023125	43109732	3879875880	90	90	SRR413762			Paolo_Manghi	18.73																																																																70.0	130.0																																								
QinJ_2012	T2D-071	T2D-071	stool		T2D	T2D	46.0		adult	male	CHN	no	IlluminaHiSeq		23023125	61965310	5576877900	90	90				Paolo_Manghi	22.41																																																						161.6395968										80.0	110.0																																								
QinJ_2012	T2D-072	T2D-072	stool		T2D	T2D	43.0		adult	male	CHN	no	IlluminaHiSeq		23023125	44340978	3990688020	90	90				Paolo_Manghi	23.94																																																						173.2405248										69.0	120.0																																								
QinJ_2012	T2D-073	T2D-073	stool		T2D	T2D	39.0		adult	male	CHN	no	IlluminaHiSeq		23023125	57536000	5178240000	90	90	SRR413763			Paolo_Manghi	24.78																																																						182.5212672	1.15									79.0	121.0																																								
QinJ_2012	T2D-074	T2D-074	stool		T2D	T2D	58.0		adult	male	CHN	no	IlluminaHiSeq		23023125	49301818	4437163620	90	90				Paolo_Manghi	23.68																																																						216.550656										73.0	110.0																																								
QinJ_2012	T2D-075	T2D-075	stool		T2D	T2D	72.0		senior	male	CHN	no	IlluminaHiSeq		23023125	55630074	5006706660	90	90				Paolo_Manghi	20.55																																																						235.4988384	2.11									70.0	110.0																																								
QinJ_2012	T2D-076	T2D-076	stool		T2D	T2D	57.0		adult	male	CHN	no	IlluminaHiSeq		23023125	39927024	3593432160	90	90	SRR413764			Paolo_Manghi	21.89																																																						235.1121408	0.57									90.0	140.0																																								
QinJ_2012	T2D-077	T2D-077	stool		T2D	T2D	51.0		adult	male	CHN	no	IlluminaHiSeq		23023125	53958068	4856226120	90	90	SRR413765			Paolo_Manghi	21.51																																																						151.9721568	0.11									75.0	135.0																																								
QinJ_2012	T2D-078	T2D-078	stool		T2D	T2D	81.0		senior	male	CHN	no	IlluminaHiSeq		23023125	56442720	5079844800	90	90	SRR413766			Paolo_Manghi	20.57																																																						117.942768										80.0	120.0																																								
QinJ_2012	T2D-079	T2D-079	stool		T2D	T2D	61.0		adult	male	CHN	no	IlluminaHiSeq		23023125	48296198	4346657820	90	90				Paolo_Manghi	20.7																																																						155.8391328										90.0	140.0																																								
QinJ_2012	T2D-080	T2D-080	stool		T2D	T2D	49.0		adult	male	CHN	no	IlluminaHiSeq		23023125	49691540	4472238600	90	90				Paolo_Manghi	24.16																																																						250.5800448										79.0	126.0																																								
QinJ_2012	T2D-081	T2D-081	stool		T2D	T2D	55.0		adult	male	CHN	no	IlluminaHiSeq		23023125	57831770	5204859300	90	90	SRR413767			Paolo_Manghi	24.8																																																						129.9303936	1.14									92.0	136.0																																								
QinJ_2012	T2D-082	T2D-082	stool		T2D	T2D	29.0		adult	male	CHN	no	IlluminaHiSeq		23023125	47334488	4260103920	90	90				Paolo_Manghi	20.42																																																							1.43									76.0	114.0																																								
QinJ_2012	T2D-083	T2D-083	stool		T2D	T2D	46.0		adult	male	CHN	no	IlluminaHiSeq		23023125	47336470	4260282300	90	90	SRR413768			Paolo_Manghi	24.8																																																						155.0657376										75.0	130.0																																								
QinJ_2012	T2D-084	T2D-084	stool		T2D	T2D	55.0		adult	male	CHN	no	IlluminaHiSeq		23023125	35445500	3190095000	90	90				Paolo_Manghi	23.51																																																						208.4300064										80.0	107.0																																								
QinJ_2012	T2D-085	T2D-085	stool		T2D	T2D	36.0		adult	male	CHN	no	IlluminaHiSeq		23023125	54470488	4902343920	90	90				Paolo_Manghi	22.91																																																						145.3982976	0.21									100.0	160.0																																								
QinJ_2012	T2D-086	T2D-086	stool		T2D	T2D	60.0		adult	male	CHN	no	IlluminaHiSeq		23023125	75983422	6838507980	90	90				Paolo_Manghi	24.68																																																						136.1175552																																																			
QinJ_2012	T2D-087	T2D-087	stool		T2D	T2D	33.0		adult	male	CHN	no	IlluminaHiSeq		23023125	37360940	3362484600	90	90	SRR413769			Paolo_Manghi	23.38																																																						200.3093568	0.2									70.0	120.0																																								
QinJ_2012	T2D-088	T2D-088	stool		T2D	T2D	71.0		senior	male	CHN	no	IlluminaHiSeq		23023125	55908886	5031799740	90	90				Paolo_Manghi	22.13																																																						223.1245152	1.75									80.0	145.0																																								
QinJ_2012	T2D-089	T2D-089	stool		T2D	T2D	41.0		adult	male	CHN	no	IlluminaHiSeq		23023125	59652908	5368761720	90	90				Paolo_Manghi	24.16																																																						39.8298528										66.0	106.0																																								
QinJ_2012	T2D-091	T2D-091	stool		T2D	T2D	57.0		adult	male	CHN	no	IlluminaHiSeq		23023125	46174306	4155687540	90	90	SRR413771			Paolo_Manghi	24.39																																																						143.078112										45.0	163.0																																								
QinJ_2012	T2D-092	T2D-092	stool		T2D	T2D	80.0		senior	male	CHN	no	IlluminaHiSeq		23023125	49875176	4488765840	90	90				Paolo_Manghi	22.86																																																						185.614848										80.0	150.0																																								
QinJ_2012	T2D-093	T2D-093	stool		T2D	T2D	57.0		adult	male	CHN	no	IlluminaHiSeq		23023125	52213242	4699191780	90	90				Paolo_Manghi	24.68																																																						158.546016	3.67									64.0	108.0																																								
QinJ_2012	T2D-094	T2D-094	stool		T2D	T2D	62.0		adult	male	CHN	no	IlluminaHiSeq		23023125	44191768	3977259120	90	90				Paolo_Manghi	22.68																																																						216.9373536										82.0	160.0																																								
QinJ_2012	T2D-095	T2D-095	stool		T2D	T2D	37.0		adult	male	CHN	no	IlluminaHiSeq		23023125	48487208	4363848720	90	90				Paolo_Manghi	20.76																																																						76.5661248										60.0	90.0																																								
QinJ_2012	T2D-096	T2D-096	stool		T2D	T2D	49.0		adult	male	CHN	no	IlluminaHiSeq		23023125	44546466	4009181940	90	90				Paolo_Manghi	22.64																																																						133.7973696										80.0	120.0																																								
QinJ_2012	T2D-097	T2D-097	stool		T2D	T2D	31.0		adult	male	CHN	no	IlluminaHiSeq		23023125	42764708	3848823720	90	90	SRR413772			Paolo_Manghi	20.52																																																						160.8662016										60.0	110.0																																								
QinJ_2012	T2D-098	T2D-098	stool		T2D	T2D	58.0		adult	male	CHN	no	IlluminaHiSeq		23023125	61312836	5518155240	90	90				Paolo_Manghi	18.25																																																						174.01392										80.0	120.0																																								
QinJ_2012	T2D-099	T2D-099	stool		T2D	T2D	62.0		adult	male	CHN	no	IlluminaHiSeq		23023125	76797816	6911803440	90	90				Paolo_Manghi	22.49																																																						302.3975232	2.41									114.0	150.0																																								
QinJ_2012	T2D-100	T2D-100	stool		T2D	T2D	41.0		adult	male	CHN	no	IlluminaHiSeq		23023125	43836752	3945307680	90	90				Paolo_Manghi	23.44																																																						179.0409888	1.49									80.0	130.0																																								
QinJ_2012	T2D-101	T2D-101	stool		T2D	T2D	61.0		adult	male	CHN	no	IlluminaHiSeq		23023125	44227218	3980449620	90	90				Paolo_Manghi	17.41																																																						160.8662016	4.54									76.0	138.0																																								
QinJ_2012	T2D-102	T2D-102	stool		T2D	T2D	44.0		adult	male	CHN	no	IlluminaHiSeq		23023125	46305862	4167527580	90	90	SRR413673			Paolo_Manghi	23.03																																																						153.1322496										65.0	95.0																																								
QinJ_2012	T2D-103	T2D-103	stool		T2D	T2D	65.0		adult	male	CHN	no	IlluminaHiSeq		23023125	50226912	4520422080	90	90	SRR413674			Paolo_Manghi	22.86																																																						184.4547552										76.0	124.0																																								
QinJ_2012	T2D-104	T2D-104	stool		T2D	T2D	79.0		senior	male	CHN	no	IlluminaHiSeq		23023125	62012558	5581130220	90	90				Paolo_Manghi	23.36																																																						171.6937344	3.0									66.0	111.0																																								
QinJ_2012	T2D-105	T2D-105	stool		T2D	T2D	65.0		adult	male	CHN	no	IlluminaHiSeq		23023125	51594418	4643497620	90	90	SRR413675			Paolo_Manghi	24.74																																																																70.0	135.0																																								
QinJ_2012	T2D-106	T2D-106	stool		T2D	T2D	63.0		adult	male	CHN	no	IlluminaHiSeq		23023125	45947608	4135284720	90	90	SRR413676			Paolo_Manghi	23.67																																																						159.7061088																																																			
QinJ_2012	T2D-107	T2D-107	stool		T2D	T2D	40.0		adult	male	CHN	no	IlluminaHiSeq		23023125	62432024	5618882160	90	90	SRR413677			Paolo_Manghi	22.23																																																						239.752512										70.0	110.0																																								
