study_name	sample_id	subject_id	body_site	antibiotics_current_use	study_condition	disease	age	infant_age	age_category	gender	country	non_westernized	sequencing_platform	DNA_extraction_kit	PMID	number_reads	number_bases	minimum_read_length	median_read_length	NCBI_accession	pregnant	lactating	curator	BMI	family	days_from_first_collection	family_role	born_method	feeding_practice	travel_destination	location	visit_number	premature	birth_weight	gestational_age	antibiotics_family	disease_subtype	days_after_onset	creatine	albumine	hscrp	ESR	treatment	ast	alt	globulin	urea_nitrogen	BASDAI	BASFI	alcohol	flg_genotype	population	menopausal_status	lifestyle	body_subsite	diet	tnm	triglycerides	hdl	ldl	hba1c	smoker	ever_smoker	dental_sample_type	history_of_periodontitis	PPD_M	PPD_B	PPD_D	PPD_L	fobt	disease_stage	disease_location	calprotectin	HBI	SCCAI	uncurated_metadata	mumps	cholesterol	c_peptide	glucose	creatinine	bilubirin	prothrombin_time	wbc	rbc	hemoglobinometry	remission	dyastolic_p	systolic_p	insulin_cat	adiponectin	glp_1	cd163	il_1	leptin	fgf_19	glutamate_decarboxylase_2_antibody	HLA	autoantibody_positive	age_seroconversion	age_T1D_diagnosis	hitchip_probe_class	fasting_insulin	fasting_glucose	protein_intake	stec_count	shigatoxin_2_elisa	stool_texture	anti_PD_1	mgs_richness	ferm_milk_prod_consumer	inr	ctp	birth_control_pil	c_section_type	ajcc	hla_drb12	hla_dqa12	hla_dqa11	hla_drb11	birth_order	age_twins_started_to_live_apart	zigosity	brinkman_index	alcohol_numeric	breastfeeding_duration	formula_first_day	ALT	eGFR
RubelMA_2020	CM.107_WGS	CM.107	stool		STH	STH	25.0		adult	male	CMR	yes	IlluminaHiSeq	PSP_Spin_Stool	32450885	15541670	1934458603	36	126	SRR9293402			Aitor_Blanco_Miguez;Paolo_Manghi	21.6							Baka_East						plasmodium_falciparum																	Hunter-gatherer																																																																											
RubelMA_2020	CM.111_WGS	CM.111	stool		STH	STH	52.0		adult	female	CMR	yes	IlluminaHiSeq	PSP_Spin_Stool	32450885	17846592	2216730685	36	126	SRR9293345			Aitor_Blanco_Miguez;Paolo_Manghi	20.0							Baka_East						ascaris_lumbricoides																	Hunter-gatherer																																																																											
RubelMA_2020	CM.126_WGS	CM.126	stool		STH	STH	38.0		adult	female	CMR	yes	IlluminaHiSeq	PSP_Spin_Stool	32450885	15922542	1979405900	36	126	SRR9292789			Aitor_Blanco_Miguez;Paolo_Manghi	15.5							Baka_East						ascaris_lumbricoides																	Hunter-gatherer																																																																											
RubelMA_2020	CM.129_WGS	CM.129	stool		control	Health	42.0		adult	male	CMR	yes	IlluminaHiSeq	PSP_Spin_Stool	32450885	9535850	1185095467	36	126	SRR9293128			Aitor_Blanco_Miguez;Paolo_Manghi	20.5							Baka_East																							Hunter-gatherer																																																																											
RubelMA_2020	CM.13_WGS	CM.13	stool		STH	STH	38.0		adult	male	CMR	yes	IlluminaHiSeq	PSP_Spin_Stool	32450885	19809924	2461199819	36	126	SRR9293122			Aitor_Blanco_Miguez;Paolo_Manghi	19.8							Bantu_East						mansonella_perstans																	Agropastoralist																																																																											
RubelMA_2020	CM.138_WGS	CM.138	stool		STH	STH	57.0		adult	female	CMR	yes	IlluminaHiSeq	PSP_Spin_Stool	32450885	14787564	1834313037	36	126	SRR9292891			Aitor_Blanco_Miguez;Paolo_Manghi	23.1							Bantu_East						microfilaria_loa_loa;plasmodium_falciparum																	Agropastoralist																																																																											
RubelMA_2020	CM.139_WGS	CM.139	stool		STH	STH	45.0		adult	male	CMR	yes	IlluminaHiSeq	PSP_Spin_Stool	32450885	16774046	2071587781	36	126	SRR9292885			Aitor_Blanco_Miguez;Paolo_Manghi	25.8							Bantu_East						ascaris_lumbricoides;trichuris_trichiura																	Agropastoralist																																																																											
RubelMA_2020	CM.146_WGS	CM.146	stool		control	Health	42.0		adult	male	CMR	yes	IlluminaHiSeq	PSP_Spin_Stool	32450885	12078094	1508849991	36	126	SRR9293432			Aitor_Blanco_Miguez;Paolo_Manghi	22.7							Bantu_South																							Agropastoralist																																																																											
RubelMA_2020	CM.147_WGS	CM.147	stool		control	Health	40.0		adult	male	CMR	yes	IlluminaHiSeq	PSP_Spin_Stool	32450885	13663574	1703970588	36	126	SRR9293436			Aitor_Blanco_Miguez;Paolo_Manghi	21.7							Bantu_South																							Agropastoralist																																																																											
RubelMA_2020	CM.152_WGS	CM.152	stool		control	Health	74.0		senior	female	CMR	yes	IlluminaHiSeq	PSP_Spin_Stool	32450885	14230914	1768024320	36	126	SRR9293236			Aitor_Blanco_Miguez;Paolo_Manghi	25.8							Bantu_South																							Agropastoralist																																																																											
RubelMA_2020	CM.157_WGS	CM.157	stool		STH	STH	33.0		adult	female	CMR	yes	IlluminaHiSeq	PSP_Spin_Stool	32450885	15976204	1985576667	36	126	SRR9293454			Aitor_Blanco_Miguez;Paolo_Manghi	24.4							Bantu_South						microfilaria_spp;plasmodium_falciparum																	Agropastoralist																																																																											
RubelMA_2020	CM.16_WGS	CM.16	stool		control	Health	23.0		adult	female	CMR	yes	IlluminaHiSeq	PSP_Spin_Stool	32450885	23802082	2925769861	36	126	SRR9293458			Aitor_Blanco_Miguez;Paolo_Manghi	24.3							Baka_East																							Hunter-gatherer																																																																											
RubelMA_2020	CM.160_WGS	CM.160	stool		STH	STH	77.0		senior	female	CMR	yes	IlluminaHiSeq	PSP_Spin_Stool	32450885	15787116	1956628029	36	126	SRR9293449			Aitor_Blanco_Miguez;Paolo_Manghi	18.7							Bantu_South						ascaris_lumbricoides;plasmodium_falciparum																	Agropastoralist																																																																											
RubelMA_2020	CM.162_WGS	CM.162	stool		control	Health	31.0		adult	female	CMR	yes	IlluminaHiSeq	PSP_Spin_Stool	32450885	15074030	1875967396	36	126	SRR9293253			Aitor_Blanco_Miguez;Paolo_Manghi	18.9							Bantu_South																							Agropastoralist																																																																											
RubelMA_2020	CM.165_WGS	CM.165	stool		STH	STH	57.0		adult	female	CMR	yes	IlluminaHiSeq	PSP_Spin_Stool	32450885	9082750	1135292788	36	126	SRR9293248			Aitor_Blanco_Miguez;Paolo_Manghi	26.2							Bantu_South						microfilaria_loa_loa																	Agropastoralist																																																																											
RubelMA_2020	CM.168_WGS	CM.168	stool		STH	STH	48.0		adult	male	CMR	yes	IlluminaHiSeq	PSP_Spin_Stool	32450885	22767634	2578840997	36	126	SRR9292881			Aitor_Blanco_Miguez;Paolo_Manghi	21.4							Bantu_South						hookworm;microfilaria_loa_loa																	Agropastoralist																																																																											
RubelMA_2020	CM.17_WGS	CM.17	stool		STH	STH	22.0		adult	male	CMR	yes	IlluminaHiSeq	PSP_Spin_Stool	32450885	23688436	2947106093	36	126	SRR9292880			Aitor_Blanco_Miguez;Paolo_Manghi	20.2							Baka_East						ascaris_lumbricoides;trichuris_trichiura																	Hunter-gatherer																																																																											
RubelMA_2020	CM.172_WGS	CM.172	stool		STH	STH	49.0		adult	male	CMR	yes	IlluminaHiSeq	PSP_Spin_Stool	32450885	16879596	2097001494	36	126	SRR9292876			Aitor_Blanco_Miguez;Paolo_Manghi	21.3							Bantu_South						microfilaria_loa_loa																	Agropastoralist																																																																											
RubelMA_2020	CM.175_WGS	CM.175	stool		STH	STH	53.0		adult	male	CMR	yes	IlluminaHiSeq	PSP_Spin_Stool	32450885	15580220	1940488822	36	126	SRR9293118			Aitor_Blanco_Miguez;Paolo_Manghi	22.0							Bantu_South						ascaris_lumbricoides;microfilaria_spp																	Agropastoralist																																																																											
RubelMA_2020	CM.176_WGS	CM.176	stool		STH	STH	46.0		adult	female	CMR	yes	IlluminaHiSeq	PSP_Spin_Stool	32450885	11433514	1423190545	36	126	SRR9293120			Aitor_Blanco_Miguez;Paolo_Manghi	18.8							Bantu_South						microfilaria_spp																	Agropastoralist																																																																											
RubelMA_2020	CM.177_WGS	CM.177	stool		control	Health	38.0		adult	female	CMR	yes	IlluminaHiSeq	PSP_Spin_Stool	32450885	16471300	2059352010	36	126	SRR9293114			Aitor_Blanco_Miguez;Paolo_Manghi	28.9							Bantu_South																							Agropastoralist																																																																											
RubelMA_2020	CM.178_WGS	CM.178	stool		control	Health	53.0		adult	female	CMR	yes	IlluminaHiSeq	PSP_Spin_Stool	32450885	18307210	2265388723	36	126	SRR9293116			Aitor_Blanco_Miguez;Paolo_Manghi	35.0							Bantu_South																							Agropastoralist																																																																											
RubelMA_2020	CM.179_WGS	CM.179	stool		STH	STH	37.0		adult	female	CMR	yes	IlluminaHiSeq	PSP_Spin_Stool	32450885	15875520	1969524669	36	126	SRR9293110			Aitor_Blanco_Miguez;Paolo_Manghi	21.4							Bantu_South						microfilaria_spp																	Agropastoralist																																																																											
RubelMA_2020	CM.18_WGS	CM.18	stool		STH	STH	64.0		adult	male	CMR	yes	IlluminaHiSeq	PSP_Spin_Stool	32450885	12271592	1521284099	36	126	SRR9292783			Aitor_Blanco_Miguez;Paolo_Manghi	21.1							Baka_East						ascaris_lumbricoides																	Hunter-gatherer																																																																											
RubelMA_2020	CM.186_WGS	CM.186	stool		STH	STH	47.0		adult	male	CMR	yes	IlluminaHiSeq	PSP_Spin_Stool	32450885	14076792	1749249367	36	126	SRR9292787			Aitor_Blanco_Miguez;Paolo_Manghi	23.5							Bantu_South						plasmodium_falciparum																	Agropastoralist																																																																											
RubelMA_2020	CM.187_WGS	CM.187	stool		STH	STH	49.0		adult	female	CMR	yes	IlluminaHiSeq	PSP_Spin_Stool	32450885	6923660	864036655	36	126	SRR9293328			Aitor_Blanco_Miguez;Paolo_Manghi	20.9							Bantu_South						plasmodium_falciparum																	Agropastoralist																																																																											
RubelMA_2020	CM.19_WGS	CM.19	stool		STH	STH	61.0		adult	female	CMR	yes	IlluminaHiSeq	PSP_Spin_Stool	32450885	74240764	9203681555	36	126	SRR9293332			Aitor_Blanco_Miguez;Paolo_Manghi	19.9							Baka_East						ascaris_lumbricoides;hookworm;trichuris_trichiura																	Hunter-gatherer																																																																											
RubelMA_2020	CM.194_WGS	CM.194	stool		STH	STH	67.0		senior	male	CMR	yes	IlluminaHiSeq	PSP_Spin_Stool	32450885	9485300	1183102076	36	126	SRR9292986			Aitor_Blanco_Miguez;Paolo_Manghi	18.9							Bantu_South						microfilaria_spp;plasmodium_falciparum																	Agropastoralist																																																																											
RubelMA_2020	CM.195_WGS	CM.195	stool		STH	STH	62.0		adult	female	CMR	yes	IlluminaHiSeq	PSP_Spin_Stool	32450885	10525386	1314800746	36	126	SRR9292984			Aitor_Blanco_Miguez;Paolo_Manghi	22.1							Bantu_South						microfilaria_spp;plasmodium_falciparum																	Agropastoralist																																																																											
RubelMA_2020	CM.199_WGS	CM.199	stool		control	Health	69.0		senior	male	CMR	yes	IlluminaHiSeq	PSP_Spin_Stool	32450885	12197366	1523309658	36	126	SRR9292991			Aitor_Blanco_Miguez;Paolo_Manghi	23.7							Bantu_South																							Agropastoralist																																																																											
RubelMA_2020	CM.20_WGS	CM.20	stool		STH	STH	32.0		adult	female	CMR	yes	IlluminaHiSeq	PSP_Spin_Stool	32450885	36506170	4532558223	36	126	SRR9292735			Aitor_Blanco_Miguez;Paolo_Manghi	18.3							Bantu_East						entamoeba_histolytica																	Agropastoralist																																																																											
RubelMA_2020	CM.203_WGS	CM.203	stool		STH	STH	22.0		adult	male	CMR	yes	IlluminaHiSeq	PSP_Spin_Stool	32450885	18024352	2245767324	36	126	SRR9292739			Aitor_Blanco_Miguez;Paolo_Manghi	22.4							Bagyeli_South						ascaris_lumbricoides																	Hunter-gatherer																																																																											
RubelMA_2020	CM.206_WGS	CM.206	stool		control	Health	39.0		adult	female	CMR	yes	IlluminaHiSeq	PSP_Spin_Stool	32450885	13948646	1738358751	36	126	SRR9292743			Aitor_Blanco_Miguez;Paolo_Manghi	20.2							Bantu_South																							Agropastoralist																																																																											
RubelMA_2020	CM.208_WGS	CM.208	stool		control	Health	36.0		adult	male	CMR	yes	IlluminaHiSeq	PSP_Spin_Stool	32450885	15204486	1900711957	36	126	SRR9293223			Aitor_Blanco_Miguez;Paolo_Manghi	27.1							Bantu_South																							Agropastoralist																																																																											
RubelMA_2020	CM.210_WGS	CM.210	stool		STH	STH	38.0		adult	female	CMR	yes	IlluminaHiSeq	PSP_Spin_Stool	32450885	10812538	1348419116	36	126	SRR9293227			Aitor_Blanco_Miguez;Paolo_Manghi	20.9							Bagyeli_South						microfilaria_loa_loa;plasmodium_falciparum																	Hunter-gatherer																																																																											
RubelMA_2020	CM.211_WGS	CM.211	stool		STH	STH	31.0		adult	female	CMR	yes	IlluminaHiSeq	PSP_Spin_Stool	32450885	10425526	1302369688	36	126	SRR9293218			Aitor_Blanco_Miguez;Paolo_Manghi	31.7							Bagyeli_South						ascaris_lumbricoides;microfilaria_spp;plasmodium_falciparum																	Hunter-gatherer																																																																											
RubelMA_2020	CM.212_WGS	CM.212	stool		STH	STH	25.0		adult	male	CMR	yes	IlluminaHiSeq	PSP_Spin_Stool	32450885	8036158	1003033211	36	126	SRR9293421			Aitor_Blanco_Miguez;Paolo_Manghi	22.5							Bagyeli_South						ascaris_lumbricoides;microfilaria_spp;plasmodium_falciparum;trichuris_trichiura																	Hunter-gatherer																																																																											
RubelMA_2020	CM.215_WGS	CM.215	stool		STH	STH	45.0		adult	female	CMR	yes	IlluminaHiSeq	PSP_Spin_Stool	32450885	14422352	1795351702	36	126	SRR9293417			Aitor_Blanco_Miguez;Paolo_Manghi	39.9							Bantu_South						plasmodium_falciparum																	Agropastoralist																																																																											
RubelMA_2020	CM.219_WGS	CM.219	stool		STH	STH	30.0		adult	female	CMR	yes	IlluminaHiSeq	PSP_Spin_Stool	32450885	12047992	1502285966	36	126	SRR9293424			Aitor_Blanco_Miguez;Paolo_Manghi	19.7							Bagyeli_South						ascaris_lumbricoides;microfilaria_loa_loa;trichuris_trichiura																	Hunter-gatherer																																																																											
RubelMA_2020	CM.220_WGS	CM.220	stool		STH	STH	30.0		adult	male	CMR	yes	IlluminaHiSeq	PSP_Spin_Stool	32450885	11897226	1483048000	36	126	SRR9293353			Aitor_Blanco_Miguez;Paolo_Manghi	21.9							Bagyeli_South						ascaris_lumbricoides;microfilaria_spp;plasmodium_falciparum;trichuris_trichiura																	Hunter-gatherer																																																																											
RubelMA_2020	CM.221_WGS	CM.221	stool		STH	STH	67.0		senior	male	CMR	yes	IlluminaHiSeq	PSP_Spin_Stool	32450885	19370920	2404856029	36	126	SRR9293351			Aitor_Blanco_Miguez;Paolo_Manghi	21.5							Bagyeli_South						ascaris_lumbricoides;microfilaria_loa_loa;trichuris_trichiura																	Hunter-gatherer																																																																											
RubelMA_2020	CM.222_WGS	CM.222	stool		STH	STH	34.0		adult	female	CMR	yes	IlluminaHiSeq	PSP_Spin_Stool	32450885	15095570	1883143284	36	126	SRR9293349			Aitor_Blanco_Miguez;Paolo_Manghi	28.1							Bagyeli_South						microfilaria_loa_loa																	Hunter-gatherer																																																																											
RubelMA_2020	CM.223_WGS	CM.223	stool		STH	STH	32.0		adult	female	CMR	yes	IlluminaHiSeq	PSP_Spin_Stool	32450885	16896836	2101312224	36	126	SRR9293357			Aitor_Blanco_Miguez;Paolo_Manghi	20.5							Bagyeli_South						plasmodium_falciparum;wuchereria_bancrofti																	Hunter-gatherer																																																																											
RubelMA_2020	CM.226_WGS	CM.226	stool		STH	STH	27.0		adult	male	CMR	yes	IlluminaHiSeq	PSP_Spin_Stool	32450885	11574550	1446536098	36	126	SRR9292910			Aitor_Blanco_Miguez;Paolo_Manghi	21.7							Bagyeli_South						microfilaria_loa_loa;trichuris_trichiura																	Hunter-gatherer																																																																											
RubelMA_2020	CM.227_WGS	CM.227	stool		STH	STH	32.0		adult	male	CMR	yes	IlluminaHiSeq	PSP_Spin_Stool	32450885	16744368	2091274977	36	126	SRR9292904			Aitor_Blanco_Miguez;Paolo_Manghi	21.2							Bagyeli_South						microfilaria_spp;trichuris_trichiura																	Hunter-gatherer																																																																											
RubelMA_2020	CM.228_WGS	CM.228	stool		control	Health	32.0		adult	female	CMR	yes	IlluminaHiSeq	PSP_Spin_Stool	32450885	9414992	1176137141	36	126	SRR9292906			Aitor_Blanco_Miguez;Paolo_Manghi	23.3							Bantu_South																							Agropastoralist																																																																											
RubelMA_2020	CM.231_WGS	CM.231	stool		STH	STH	30.0		adult	male	CMR	yes	IlluminaHiSeq	PSP_Spin_Stool	32450885	6601316	824856989	36	126	SRR9293070			Aitor_Blanco_Miguez;Paolo_Manghi	21.4							Bagyeli_South						microfilaria_spp;trichuris_trichiura																	Hunter-gatherer																																																																											
RubelMA_2020	CM.232_WGS	CM.232	stool		STH	STH	28.0		adult	female	CMR	yes	IlluminaHiSeq	PSP_Spin_Stool	32450885	11545358	1440488146	36	126	SRR9293064			Aitor_Blanco_Miguez;Paolo_Manghi	22.1							Bagyeli_South						ascaris_lumbricoides;wuchereria_bancrofti																	Hunter-gatherer																																																																											
RubelMA_2020	CM.233_WGS	CM.233	stool		STH	STH	49.0		adult	female	CMR	yes	IlluminaHiSeq	PSP_Spin_Stool	32450885	18634334	2306505892	36	126	SRR9293066			Aitor_Blanco_Miguez;Paolo_Manghi	18.6							Bagyeli_South						ascaris_lumbricoides;hookworm;microfilaria_loa_loa;trichuris_trichiura																	Hunter-gatherer																																																																											
RubelMA_2020	CM.234_WGS	CM.234	stool		STH	STH	39.0		adult	female	CMR	yes	IlluminaHiSeq	PSP_Spin_Stool	32450885	13290382	1658932974	36	126	SRR9293076			Aitor_Blanco_Miguez;Paolo_Manghi	17.6							Bagyeli_South						ascaris_lumbricoides;microfilaria_spp;trichuris_trichiura																	Hunter-gatherer																																																																											
RubelMA_2020	CM.235_WGS	CM.235	stool		STH	STH	25.0		adult	male	CMR	yes	IlluminaHiSeq	PSP_Spin_Stool	32450885	23415054	2912998374	36	126	SRR9292826			Aitor_Blanco_Miguez;Paolo_Manghi	24.9							Bantu_South						trichuris_trichiura																	Agropastoralist																																																																											
RubelMA_2020	CM.237_WGS	CM.237	stool		STH	STH	27.0		adult	male	CMR	yes	IlluminaHiSeq	PSP_Spin_Stool	32450885	24169370	3005739610	36	126	SRR9292825			Aitor_Blanco_Miguez;Paolo_Manghi	22.6							Bantu_South						microfilaria_spp;plasmodium_falciparum																	Agropastoralist																																																																											
RubelMA_2020	CM.239_WGS	CM.239	stool		STH	STH	47.0		adult	female	CMR	yes	IlluminaHiSeq	PSP_Spin_Stool	32450885	20188730	2516743214	36	126	SRR9292820			Aitor_Blanco_Miguez;Paolo_Manghi	22.1							Bantu_South						microfilaria_loa_loa																	Agropastoralist																																																																											
RubelMA_2020	CM.24_WGS	CM.24	stool		control	Health	45.0		adult	male	CMR	yes	IlluminaHiSeq	PSP_Spin_Stool	32450885	45424620	5645979956	36	126	SRR9292828			Aitor_Blanco_Miguez;Paolo_Manghi	20.8							Bantu_East																							Agropastoralist																																																																											
RubelMA_2020	CM.247_WGS	CM.247	stool		STH	STH	34.0		adult	male	CMR	yes	IlluminaHiSeq	PSP_Spin_Stool	32450885	19575370	2422113413	36	126	SRR9293281			Aitor_Blanco_Miguez;Paolo_Manghi	23.5							Bagyeli_South						microfilaria_spp																	Hunter-gatherer																																																																											
RubelMA_2020	CM.249_WGS	CM.249	stool		STH	STH	72.0		senior	female	CMR	yes	IlluminaHiSeq	PSP_Spin_Stool	32450885	14458528	1800111287	36	126	SRR9292719			Aitor_Blanco_Miguez;Paolo_Manghi	22.5							Bantu_South						microfilaria_loa_loa;plasmodium_falciparum																	Agropastoralist																																																																											
RubelMA_2020	CM.25_WGS	CM.25	stool		STH	STH	30.0		adult	female	CMR	yes	IlluminaHiSeq	PSP_Spin_Stool	32450885	26921098	3343939112	36	126	SRR9292721			Aitor_Blanco_Miguez;Paolo_Manghi	22.6							Baka_East						ascaris_lumbricoides;microfilaria_loa_loa																	Hunter-gatherer																																																																											
RubelMA_2020	CM.251_WGS	CM.251	stool		STH	STH	28.0		adult	female	CMR	yes	IlluminaHiSeq	PSP_Spin_Stool	32450885	16694994	2081162812	36	126	SRR9292716			Aitor_Blanco_Miguez;Paolo_Manghi	21.4							Bagyeli_South						trichuris_trichiura																	Hunter-gatherer																																																																											
RubelMA_2020	CM.253_WGS	CM.253	stool		STH	STH	43.0		adult	male	CMR	yes	IlluminaHiSeq	PSP_Spin_Stool	32450885	11981988	1496464612	36	126	SRR9292711			Aitor_Blanco_Miguez;Paolo_Manghi	23.5							Bantu_South						ascaris_lumbricoides;microfilaria_spp;trichuris_trichiura																	Agropastoralist																																																																											
RubelMA_2020	CM.254_WGS	CM.254	stool		STH	STH	25.0		adult	male	CMR	yes	IlluminaHiSeq	PSP_Spin_Stool	32450885	13289296	1659875090	36	126	SRR9292679			Aitor_Blanco_Miguez;Paolo_Manghi	17.8							Bagyeli_South						hookworm;microfilaria_spp;plasmodium_falciparum;trichuris_trichiura																	Hunter-gatherer																																																																											
RubelMA_2020	CM.255_WGS	CM.255	stool		STH	STH	28.0		adult	female	CMR	yes	IlluminaHiSeq	PSP_Spin_Stool	32450885	21066468	2616528811	36	126	SRR9292681			Aitor_Blanco_Miguez;Paolo_Manghi	19.3							Bagyeli_South						microfilaria_spp																	Hunter-gatherer																																																																											
RubelMA_2020	CM.257_WGS	CM.257	stool		STH	STH	26.0		adult	female	CMR	yes	IlluminaHiSeq	PSP_Spin_Stool	32450885	17072654	2121520639	36	126	SRR9292682			Aitor_Blanco_Miguez;Paolo_Manghi	17.4							Bagyeli_South						microfilaria_spp;plasmodium_falciparum																	Hunter-gatherer																																																																											
RubelMA_2020	CM.259_WGS	CM.259	stool		STH	STH	58.0		adult	female	CMR	yes	IlluminaHiSeq	PSP_Spin_Stool	32450885	21286990	2636491804	36	126	SRR9292677			Aitor_Blanco_Miguez;Paolo_Manghi	23.4							Bantu_South						microfilaria_spp;plasmodium_falciparum																	Agropastoralist																																																																											
RubelMA_2020	CM.260_WGS	CM.260	stool		STH	STH	87.0		senior	female	CMR	yes	IlluminaHiSeq	PSP_Spin_Stool	32450885	21568362	2678093537	36	126	SRR9292930			Aitor_Blanco_Miguez;Paolo_Manghi	19.5							Bantu_South						microfilaria_loa_loa																	Agropastoralist																																																																											
RubelMA_2020	CM.261_WGS	CM.261	stool		STH	STH	43.0		adult	female	CMR	yes	IlluminaHiSeq	PSP_Spin_Stool	32450885	16441976	2042767454	36	126	SRR9292928			Aitor_Blanco_Miguez;Paolo_Manghi	24.3							Bantu_South						ascaris_lumbricoides;microfilaria_spp																	Agropastoralist																																																																											
RubelMA_2020	CM.270_WGS	CM.270	stool		STH	STH	36.0		adult	male	CMR	yes	IlluminaHiSeq	PSP_Spin_Stool	32450885	16927744	2096112543	36	126	SRR9293369			Aitor_Blanco_Miguez;Paolo_Manghi	19.4							Bantu_South						microfilaria_spp																	Agropastoralist																																																																											
RubelMA_2020	CM.271_WGS	CM.271	stool		STH	STH	62.0		adult	female	CMR	yes	IlluminaHiSeq	PSP_Spin_Stool	32450885	19525372	2430157927	36	126	SRR9293367			Aitor_Blanco_Miguez;Paolo_Manghi	27.7							Bantu_South						microfilaria_spp;plasmodium_falciparum																	Agropastoralist																																																																											
RubelMA_2020	CM.273_WGS	CM.273	stool		STH	STH	70.0		senior	female	CMR	yes	IlluminaHiSeq	PSP_Spin_Stool	32450885	21037410	2626498242	36	126	SRR9293165			Aitor_Blanco_Miguez;Paolo_Manghi	21.4							Bantu_South						plasmodium_falciparum																	Agropastoralist																																																																											
RubelMA_2020	CM.275_WGS	CM.275	stool		control	Health	39.0		adult	female	CMR	yes	IlluminaHiSeq	PSP_Spin_Stool	32450885	17879448	2221264052	36	126	SRR9293168			Aitor_Blanco_Miguez;Paolo_Manghi	26.4							Bantu_Northwest																							Agropastoralist																																																																											
RubelMA_2020	CM.278_WGS	CM.278	stool		control	Health	44.0		adult	female	CMR	yes	IlluminaHiSeq	PSP_Spin_Stool	32450885	18696348	2328453458	36	126	SRR9293172			Aitor_Blanco_Miguez;Paolo_Manghi	22.9							Bantu_Northwest																							Agropastoralist																																																																											
RubelMA_2020	CM.283_WGS	CM.283	stool		control	Health	58.0		adult	male	CMR	yes	IlluminaHiSeq	PSP_Spin_Stool	32450885	18522206	2313603952	36	126	SRR9293139			Aitor_Blanco_Miguez;Paolo_Manghi	20.8							Bantu_Northwest																							Agropastoralist																																																																											
RubelMA_2020	CM.284_WGS	CM.284	stool		control	Health	54.0		adult	female	CMR	yes	IlluminaHiSeq	PSP_Spin_Stool	32450885	21805644	2715351113	36	126	SRR9293141			Aitor_Blanco_Miguez;Paolo_Manghi	40.2							Bantu_Northwest																							Agropastoralist																																																																											
RubelMA_2020	CM.289_WGS	CM.289	stool		control	Health	45.0		adult	male	CMR	yes	IlluminaHiSeq	PSP_Spin_Stool	32450885	12608074	1573918774	36	126	SRR9293033			Aitor_Blanco_Miguez;Paolo_Manghi	18.3							Bantu_Northwest																							Agropastoralist																																																																											
RubelMA_2020	CM.29_WGS	CM.29	stool		control	Health	27.0		adult	female	CMR	yes	IlluminaHiSeq	PSP_Spin_Stool	32450885	20506530	2545974893	36	126	SRR9293031			Aitor_Blanco_Miguez;Paolo_Manghi	23.3							Bantu_East																							Agropastoralist																																																																											
RubelMA_2020	CM.291_WGS	CM.291	stool		control	Health	45.0		adult	female	CMR	yes	IlluminaHiSeq	PSP_Spin_Stool	32450885	21670316	2694844981	36	126	SRR9293026			Aitor_Blanco_Miguez;Paolo_Manghi	31.0							Bantu_Northwest																							Agropastoralist																																																																											
RubelMA_2020	CM.294_WGS	CM.294	stool		control	Health	52.0		adult	female	CMR	yes	IlluminaHiSeq	PSP_Spin_Stool	32450885	19684862	2451012990	36	126	SRR9293197			Aitor_Blanco_Miguez;Paolo_Manghi	42.5							Bantu_Northwest																							Agropastoralist																																																																											
RubelMA_2020	CM.30_WGS	CM.30	stool		STH	STH	32.0		adult	male	CMR	yes	IlluminaHiSeq	PSP_Spin_Stool	32450885	30233940	3759242874	36	126	SRR9293393			Aitor_Blanco_Miguez;Paolo_Manghi	21.6							Baka_East						ascaris_lumbricoides																	Hunter-gatherer																																																																											
RubelMA_2020	CM.308_WGS	CM.308	stool		control	Health	23.0		adult	female	CMR	yes	IlluminaHiSeq	PSP_Spin_Stool	32450885	19490384	2421551613	36	126	SRR9292960			Aitor_Blanco_Miguez;Paolo_Manghi	29.7							Bantu_Northwest																							Agropastoralist																																																																											
RubelMA_2020	CM.31_WGS	CM.31	stool		STH	STH	28.0		adult	male	CMR	yes	IlluminaHiSeq	PSP_Spin_Stool	32450885	133729916	16543290757	36	126	SRR9292959			Aitor_Blanco_Miguez;Paolo_Manghi	24.4							Bantu_East						ascaris_lumbricoides;trichuris_trichiura																	Agropastoralist																																																																											
RubelMA_2020	CM.310_WGS	CM.310	stool		control	Health	49.0		adult	female	CMR	yes	IlluminaHiSeq	PSP_Spin_Stool	32450885	22220846	2748998936	36	126	SRR9292957			Aitor_Blanco_Miguez;Paolo_Manghi	25.0							Bantu_Northwest																							Agropastoralist																																																																											
RubelMA_2020	CM.315_WGS	CM.315	stool		STH	STH	23.0		adult	male	CMR	yes	IlluminaHiSeq	PSP_Spin_Stool	32450885	16381868	2028651130	36	126	SRR9293220			Aitor_Blanco_Miguez;Paolo_Manghi	15.9							Mbororo_Fulani_Northwest						plasmodium_falciparum																	Pastoralist																																																																											
RubelMA_2020	CM.316_WGS	CM.316	stool		control	Health	28.0		adult	male	CMR	yes	IlluminaHiSeq	PSP_Spin_Stool	32450885	20504894	2551070725	36	126	SRR9292713			Aitor_Blanco_Miguez;Paolo_Manghi	17.8							Mbororo_Fulani_Northwest																							Pastoralist																																																																											
RubelMA_2020	CM.317_WGS	CM.317	stool		control	Health	41.0		adult	female	CMR	yes	IlluminaHiSeq	PSP_Spin_Stool	32450885	21114426	2627303982	36	126	SRR9292707			Aitor_Blanco_Miguez;Paolo_Manghi	23.8							Bantu_Northwest																							Agropastoralist																																																																											
RubelMA_2020	CM.32_WGS	CM.32	stool		STH	STH	43.0		adult	female	CMR	yes	IlluminaHiSeq	PSP_Spin_Stool	32450885	16022218	2002433539	36	126	SRR9293386			Aitor_Blanco_Miguez;Paolo_Manghi	21.9							Baka_East						ascaris_lumbricoides;hookworm;microfilaria_loa_loa;trichomonas_intestinalis																	Hunter-gatherer																																																																											
RubelMA_2020	CM.328_WGS	CM.328	stool		control	Health	30.0		adult	female	CMR	yes	IlluminaHiSeq	PSP_Spin_Stool	32450885	21779556	2708069541	36	126	SRR9293148			Aitor_Blanco_Miguez;Paolo_Manghi	16.9							Mbororo_Fulani_Northwest																							Pastoralist																																																																											
RubelMA_2020	CM.340_WGS	CM.340	stool		control	Health	49.0		adult	female	CMR	yes	IlluminaHiSeq	PSP_Spin_Stool	32450885	20480904	2549455167	36	126	SRR9293062			Aitor_Blanco_Miguez;Paolo_Manghi	24.5							Bantu_Northwest																							Agropastoralist																																																																											
RubelMA_2020	CM.342_WGS	CM.342	stool		control	Health	40.0		adult	female	CMR	yes	IlluminaHiSeq	PSP_Spin_Stool	32450885	19981362	2486705841	36	126	SRR9293053			Aitor_Blanco_Miguez;Paolo_Manghi	34.4							Mbororo_Fulani_Northwest																							Pastoralist																																																																											
RubelMA_2020	CM.343_WGS	CM.343	stool		control	Health	52.0		adult	female	CMR	yes	IlluminaHiSeq	PSP_Spin_Stool	32450885	22492078	2786114595	36	126	SRR9293158			Aitor_Blanco_Miguez;Paolo_Manghi	24.1							Mbororo_Fulani_Northwest																							Pastoralist																																																																											
RubelMA_2020	CM.345_WGS	CM.345	stool		control	Health	29.0		adult	female	CMR	yes	IlluminaHiSeq	PSP_Spin_Stool	32450885	23722750	2942148903	36	126	SRR9293159			Aitor_Blanco_Miguez;Paolo_Manghi	16.8							Mbororo_Fulani_Northwest																							Pastoralist																																																																											
RubelMA_2020	CM.347_WGS	CM.347	stool		control	Health	30.0		adult	female	CMR	yes	IlluminaHiSeq	PSP_Spin_Stool	32450885	25758112	3182553582	36	126	SRR9293164			Aitor_Blanco_Miguez;Paolo_Manghi	19.7							Mbororo_Fulani_Northwest																							Pastoralist																																																																											
RubelMA_2020	CM.358_WGS	CM.358	stool		control	Health	34.0		adult	female	CMR	yes	IlluminaHiSeq	PSP_Spin_Stool	32450885	17259690	2108845340	36	126	SRR9293049			Aitor_Blanco_Miguez;Paolo_Manghi	28.1							Bantu_Northwest																							Agropastoralist																																																																											
RubelMA_2020	CM.361_WGS	CM.361	stool		control	Health	55.0		adult	female	CMR	yes	IlluminaHiSeq	PSP_Spin_Stool	32450885	19596180	2433592165	36	126	SRR9292926			Aitor_Blanco_Miguez;Paolo_Manghi	29.8							Bantu_Northwest																							Agropastoralist																																																																											
RubelMA_2020	CM.364_WGS	CM.364	stool		control	Health	48.0		adult	male	CMR	yes	IlluminaHiSeq	PSP_Spin_Stool	32450885	18780232	2320375674	36	126	SRR9293461			Aitor_Blanco_Miguez;Paolo_Manghi	26.5							Bantu_Northwest																							Agropastoralist																																																																											
RubelMA_2020	CM.366_WGS	CM.366	stool		control	Health	57.0		adult	female	CMR	yes	IlluminaHiSeq	PSP_Spin_Stool	32450885	22553062	2804958495	36	126	SRR9293241			Aitor_Blanco_Miguez;Paolo_Manghi	29.9							Bantu_Northwest																							Agropastoralist																																																																											
RubelMA_2020	CM.367_WGS	CM.367	stool		control	Health	57.0		adult	male	CMR	yes	IlluminaHiSeq	PSP_Spin_Stool	32450885	20991442	2614059455	36	126	SRR9293239			Aitor_Blanco_Miguez;Paolo_Manghi	30.0							Bantu_Northwest																							Agropastoralist																																																																											
RubelMA_2020	CM.369_WGS	CM.369	stool		control	Health	54.0		adult	female	CMR	yes	IlluminaHiSeq	PSP_Spin_Stool	32450885	18085142	2247959438	36	126	SRR9293244			Aitor_Blanco_Miguez;Paolo_Manghi	23.1							Bantu_Northwest																							Agropastoralist																																																																											
RubelMA_2020	CM.370_WGS	CM.370	stool		control	Health	53.0		adult	female	CMR	yes	IlluminaHiSeq	PSP_Spin_Stool	32450885	16988316	2100583080	36	126	SRR9293249			Aitor_Blanco_Miguez;Paolo_Manghi	32.2							Bantu_Northwest																							Agropastoralist																																																																											
RubelMA_2020	CM.373_WGS	CM.373	stool		control	Health	20.0		adult	male	CMR	yes	IlluminaHiSeq	PSP_Spin_Stool	32450885	16446504	2045191688	36	126	SRR9292665			Aitor_Blanco_Miguez;Paolo_Manghi	22.3							Bantu_Northwest																							Agropastoralist																																																																											
RubelMA_2020	CM.375_WGS	CM.375	stool		control	Health	20.0		adult	female	CMR	yes	IlluminaHiSeq	PSP_Spin_Stool	32450885	15218692	1896822048	36	126	SRR9292660			Aitor_Blanco_Miguez;Paolo_Manghi	22.7							Bantu_Northwest																							Agropastoralist																																																																											
RubelMA_2020	CM.376_WGS	CM.376	stool		control	Health	29.0		adult	female	CMR	yes	IlluminaHiSeq	PSP_Spin_Stool	32450885	10566560	1317306229	36	126	SRR9292670			Aitor_Blanco_Miguez;Paolo_Manghi	23.6							Bantu_Northwest																							Agropastoralist																																																																											
RubelMA_2020	CM.378_WGS	CM.378	stool		control	Health	45.0		adult	female	CMR	yes	IlluminaHiSeq	PSP_Spin_Stool	32450885	17498066	2180701917	36	126	SRR9293009			Aitor_Blanco_Miguez;Paolo_Manghi	24.5							Bantu_Northwest																							Agropastoralist																																																																											
RubelMA_2020	CM.382_WGS	CM.382	stool		control	Health	65.0		adult	female	CMR	yes	IlluminaHiSeq	PSP_Spin_Stool	32450885	15651336	1952307585	36	126	SRR9293007			Aitor_Blanco_Miguez;Paolo_Manghi	22.6							Bantu_Northwest																							Agropastoralist																																																																											
RubelMA_2020	CM.389_WGS	CM.389	stool		control	Health	45.0		adult	female	CMR	yes	IlluminaHiSeq	PSP_Spin_Stool	32450885	16872038	2103436145	36	126	SRR9293444			Aitor_Blanco_Miguez;Paolo_Manghi	32.7							Bantu_Northwest																							Agropastoralist																																																																											
RubelMA_2020	CM.390_WGS	CM.390	stool		STH	STH	25.0		adult	male	CMR	yes	IlluminaHiSeq	PSP_Spin_Stool	32450885	19550742	2424637879	36	126	SRR9293439			Aitor_Blanco_Miguez;Paolo_Manghi	19.4							Mbororo_Fulani_Northwest						plasmodium_falciparum																	Pastoralist																																																																											
RubelMA_2020	CM.397_WGS	CM.397	stool		control	Health	35.0		adult	female	CMR	yes	IlluminaHiSeq	PSP_Spin_Stool	32450885	18277622	2278428178	36	126	SRR9293314			Aitor_Blanco_Miguez;Paolo_Manghi	26.6							Bantu_Northwest																							Agropastoralist																																																																											
RubelMA_2020	CM.401_WGS	CM.401	stool		STH	STH	25.0		adult	male	CMR	yes	IlluminaHiSeq	PSP_Spin_Stool	32450885	21077948	2622749436	36	126	SRR9292759			Aitor_Blanco_Miguez;Paolo_Manghi	23.3							Bantu_Northwest						plasmodium_falciparum																	Agropastoralist																																																																											
RubelMA_2020	CM.403_WGS	CM.403	stool		control	Health	62.0		adult	female	CMR	yes	IlluminaHiSeq	PSP_Spin_Stool	32450885	22161630	2751625194	36	126	SRR9292747			Aitor_Blanco_Miguez;Paolo_Manghi	34.2							Bantu_Northwest																							Agropastoralist																																																																											
RubelMA_2020	CM.408_WGS	CM.408	stool		control	Health	57.0		adult	male	CMR	yes	IlluminaHiSeq	PSP_Spin_Stool	32450885	24236312	3014355366	36	126	SRR9293094			Aitor_Blanco_Miguez;Paolo_Manghi	22.0							Bantu_Northwest																							Agropastoralist																																																																											
RubelMA_2020	CM.409_WGS	CM.409	stool		control	Health	35.0		adult	male	CMR	yes	IlluminaHiSeq	PSP_Spin_Stool	32450885	21260924	2646547918	36	126	SRR9293096			Aitor_Blanco_Miguez;Paolo_Manghi	23.5							Bantu_Northwest																							Agropastoralist																																																																											
RubelMA_2020	CM.41_WGS	CM.41	stool		STH	STH	41.0		adult	male	CMR	yes	IlluminaHiSeq	PSP_Spin_Stool	32450885	16534212	2060751671	36	126	SRR9293098			Aitor_Blanco_Miguez;Paolo_Manghi	19.5							Baka_East						microfilaria_loa_loa																	Hunter-gatherer																																																																											
RubelMA_2020	CM.412_WGS	CM.412	stool		control	Health	54.0		adult	male	CMR	yes	IlluminaHiSeq	PSP_Spin_Stool	32450885	17298206	2150847473	36	126	SRR9292857			Aitor_Blanco_Miguez;Paolo_Manghi	21.5							Bantu_Northwest																							Agropastoralist																																																																											
RubelMA_2020	CM.413_WGS	CM.413	stool		control	Health	49.0		adult	female	CMR	yes	IlluminaHiSeq	PSP_Spin_Stool	32450885	15634910	1944844030	36	126	SRR9292855			Aitor_Blanco_Miguez;Paolo_Manghi	29.3							Bantu_Northwest																							Agropastoralist																																																																											
RubelMA_2020	CM.425_WGS	CM.425	stool		control	Health	59.0		adult	female	CMR	yes	IlluminaHiSeq	PSP_Spin_Stool	32450885	24746922	3057658058	36	126	SRR9292947			Aitor_Blanco_Miguez;Paolo_Manghi	22.2							Bantu_Northwest																							Agropastoralist																																																																											
RubelMA_2020	CM.432_WGS	CM.432	stool		control	Health	70.0		senior	female	CMR	yes	IlluminaHiSeq	PSP_Spin_Stool	32450885	20436806	2538344661	36	126	SRR9292940			Aitor_Blanco_Miguez;Paolo_Manghi	27.1							Bantu_Northwest																							Agropastoralist																																																																											
RubelMA_2020	CM.438_WGS	CM.438	stool		control	Health	62.0		adult	male	CMR	yes	IlluminaHiSeq	PSP_Spin_Stool	32450885	25584538	3174366529	36	126	SRR9292799			Aitor_Blanco_Miguez;Paolo_Manghi	24.2							Mbororo_Fulani_Northwest																							Pastoralist																																																																											
RubelMA_2020	CM.439_WGS	CM.439	stool		control	Health	68.0		senior	male	CMR	yes	IlluminaHiSeq	PSP_Spin_Stool	32450885	20042604	2486741905	36	126	SRR9293465			Aitor_Blanco_Miguez;Paolo_Manghi	24.0							Bantu_Northwest																							Agropastoralist																																																																											
RubelMA_2020	CM.44_WGS	CM.44	stool		STH	STH	36.0		adult	female	CMR	yes	IlluminaHiSeq	PSP_Spin_Stool	32450885	15608370	1940058681	36	126	SRR9293039			Aitor_Blanco_Miguez;Paolo_Manghi	23.5							Baka_East						ascaris_lumbricoides;mansonella_perstans;trichuris_trichiura																	Hunter-gatherer																																																																											
RubelMA_2020	CM.443_WGS	CM.443	stool		control	Health	28.0		adult	male	CMR	yes	IlluminaHiSeq	PSP_Spin_Stool	32450885	24247708	2980879064	36	126	SRR9293043			Aitor_Blanco_Miguez;Paolo_Manghi	21.8							Bantu_Northwest																							Agropastoralist																																																																											
RubelMA_2020	CM.445_WGS	CM.445	stool		control	Health	64.0		adult	male	CMR	yes	IlluminaHiSeq	PSP_Spin_Stool	32450885	18133862	2253508739	36	126	SRR9293044			Aitor_Blanco_Miguez;Paolo_Manghi	25.3							Bantu_Northwest																							Agropastoralist																																																																											
RubelMA_2020	CM.454_WGS	CM.454	stool		control	Health	50.0		adult	female	CMR	yes	IlluminaHiSeq	PSP_Spin_Stool	32450885	22100286	2752405605	36	126	SRR9292693			Aitor_Blanco_Miguez;Paolo_Manghi	23.2							Bantu_Northwest																							Agropastoralist																																																																											
RubelMA_2020	CM.46_WGS	CM.46	stool		STH	STH	29.0		adult	male	CMR	yes	IlluminaHiSeq	PSP_Spin_Stool	32450885	15138244	1886835855	36	126	SRR9293263			Aitor_Blanco_Miguez;Paolo_Manghi	25.6							Baka_East						mansonella_perstans;trichuris_trichiura																	Hunter-gatherer																																																																											
RubelMA_2020	CM.466_WGS	CM.466	stool		control	Health	62.0		adult	female	CMR	yes	IlluminaHiSeq	PSP_Spin_Stool	32450885	23302720	2890152313	36	126	SRR9293382			Aitor_Blanco_Miguez;Paolo_Manghi	25.7							Bantu_Northwest																							Agropastoralist																																																																											
RubelMA_2020	CM.47_WGS	CM.47	stool		control	Health	78.0		senior	male	CMR	yes	IlluminaHiSeq	PSP_Spin_Stool	32450885	19166842	2374838980	36	126	SRR9293375			Aitor_Blanco_Miguez;Paolo_Manghi	22.0							Bantu_East																							Agropastoralist																																																																											
RubelMA_2020	CM.486_WGS	CM.486	stool		control	Health	73.0		senior	male	CMR	yes	IlluminaHiSeq	PSP_Spin_Stool	32450885	22585952	2784143367	36	126	SRR9293071			Aitor_Blanco_Miguez;Paolo_Manghi	30.2							Bantu_Northwest																							Agropastoralist																																																																											
RubelMA_2020	CM.490_WGS	CM.490	stool		control	Health	50.0		adult	female	CMR	yes	IlluminaHiSeq	PSP_Spin_Stool	32450885	18491812	2295994462	36	126	SRR9293426			Aitor_Blanco_Miguez;Paolo_Manghi	27.0							Bantu_Northwest																							Agropastoralist																																																																											
RubelMA_2020	CM.506_WGS	CM.506	stool		STH	STH	49.0		adult	male	CMR	yes	IlluminaHiSeq	PSP_Spin_Stool	32450885	16760996	2092740473	36	126	SRR9292724			Aitor_Blanco_Miguez;Paolo_Manghi	22.2							Baka_East						ascaris_lumbricoides;microfilaria_loa_loa;plasmodium_falciparum;trichuris_trichiura																	Hunter-gatherer																																																																											
RubelMA_2020	CM.507_WGS	CM.507	stool		STH	STH	20.0		adult	female	CMR	yes	IlluminaHiSeq	PSP_Spin_Stool	32450885	11915652	1489790269	36	126	SRR9292917			Aitor_Blanco_Miguez;Paolo_Manghi	22.0							Baka_East						plasmodium_falciparum																	Hunter-gatherer																																																																											
RubelMA_2020	CM.511_WGS	CM.511	stool		control	Health	20.0		adult	female	CMR	yes	IlluminaHiSeq	PSP_Spin_Stool	32450885	17130810	2122540824	36	126	SRR9292753			Aitor_Blanco_Miguez;Paolo_Manghi	18.2							Baka_East																							Hunter-gatherer																																																																											
RubelMA_2020	CM.512_WGS	CM.512	stool		control	Health	35.0		adult	female	CMR	yes	IlluminaHiSeq	PSP_Spin_Stool	32450885	22531118	2757281144	36	126	SRR9292952			Aitor_Blanco_Miguez;Paolo_Manghi	23.0							Bantu_East																							Agropastoralist																																																																											
RubelMA_2020	CM.514_WGS	CM.514	stool		control	Health	50.0		adult	female	CMR	yes	IlluminaHiSeq	PSP_Spin_Stool	32450885	17232194	2122396114	36	126	SRR9292831			Aitor_Blanco_Miguez;Paolo_Manghi	25.2							Bantu_South																							Agropastoralist																																																																											
RubelMA_2020	CM.520_WGS	CM.520	stool		control	Health	54.0		adult	male	CMR	yes	IlluminaHiSeq	PSP_Spin_Stool	32450885	16494100	2048156194	36	126	SRR9292839			Aitor_Blanco_Miguez;Paolo_Manghi	18.7							Mbororo_Fulani_Northwest																							Pastoralist																																																																											
RubelMA_2020	CM.521_WGS	CM.521	stool		STH	STH	72.0		senior	male	CMR	yes	IlluminaHiSeq	PSP_Spin_Stool	32450885	23179312	2868646359	36	126	SRR9293288			Aitor_Blanco_Miguez;Paolo_Manghi	23.8							Mbororo_Fulani_Northwest						plasmodium_falciparum																	Pastoralist																																																																											
RubelMA_2020	CM.525_WGS	CM.525	stool		control	Health	45.0		adult	male	CMR	yes	IlluminaHiSeq	PSP_Spin_Stool	32450885	28806012	3554532724	36	126	SRR9293289			Aitor_Blanco_Miguez;Paolo_Manghi	26.6							Mbororo_Fulani_Northwest																							Pastoralist																																																																											
RubelMA_2020	CM.528_WGS	CM.528	stool		control	Health	20.0		adult	male	CMR	yes	IlluminaHiSeq	PSP_Spin_Stool	32450885	14478362	1806388488	36	126	SRR9292731			Aitor_Blanco_Miguez;Paolo_Manghi	19.6							Mbororo_Fulani_Northwest																							Pastoralist																																																																											
RubelMA_2020	CM.530_WGS	CM.530	stool		control	Health	72.0		senior	male	CMR	yes	IlluminaHiSeq	PSP_Spin_Stool	32450885	24923236	3073708814	36	126	SRR9292727			Aitor_Blanco_Miguez;Paolo_Manghi	19.9							Mbororo_Fulani_Northwest																							Pastoralist																																																																											
RubelMA_2020	CM.532_WGS	CM.532	stool		control	Health	56.0		adult	male	CMR	yes	IlluminaHiSeq	PSP_Spin_Stool	32450885	15775214	1945133602	36	126	SRR9293438			Aitor_Blanco_Miguez;Paolo_Manghi	19.6							Mbororo_Fulani_Northwest																							Pastoralist																																																																											
RubelMA_2020	CM.55_WGS	CM.55	stool		STH	STH	25.0		adult	male	CMR	yes	IlluminaHiSeq	PSP_Spin_Stool	32450885	12814452	1597224715	36	126	SRR9292762			Aitor_Blanco_Miguez;Paolo_Manghi	21.1							Baka_East						ascaris_lumbricoides;mansonella_perstans;trichuris_trichiura																	Hunter-gatherer																																																																											
RubelMA_2020	CM.553_WGS	CM.553	stool		control	Health	70.0		senior	female	CMR	yes	IlluminaHiSeq	PSP_Spin_Stool	32450885	16622570	2066266551	36	126	SRR9293214			Aitor_Blanco_Miguez;Paolo_Manghi	17.7							Mbororo_Fulani_Northwest																							Pastoralist																																																																											
RubelMA_2020	CM.555_WGS	CM.555	stool		control	Health	42.0		adult	female	CMR	yes	IlluminaHiSeq	PSP_Spin_Stool	32450885	17071742	2116067589	36	126	SRR9293213			Aitor_Blanco_Miguez;Paolo_Manghi	28.8							Mbororo_Fulani_Northwest																							Pastoralist																																																																											
RubelMA_2020	CM.57_WGS	CM.57	stool		STH	STH	28.0		adult	male	CMR	yes	IlluminaHiSeq	PSP_Spin_Stool	32450885	17293762	2161007475	36	126	SRR9293151			Aitor_Blanco_Miguez;Paolo_Manghi	22.5							Baka_East						ascaris_lumbricoides;hookworm;mansonella_perstans;trichuris_trichiura																	Hunter-gatherer																																																																											
RubelMA_2020	CM.574_WGS	CM.574	stool		control	Health	48.0		adult	female	CMR	yes	IlluminaHiSeq	PSP_Spin_Stool	32450885	21615290	2681131769	36	126	SRR9293295			Aitor_Blanco_Miguez;Paolo_Manghi	21.4							Mbororo_Fulani_Northwest																							Pastoralist																																																																											
RubelMA_2020	CM.580_WGS	CM.580	stool		control	Health	30.0		adult	female	CMR	yes	IlluminaHiSeq	PSP_Spin_Stool	32450885	20727766	2576783600	36	126	SRR9293325			Aitor_Blanco_Miguez;Paolo_Manghi	22.0							Mbororo_Fulani_Northwest																							Pastoralist																																																																											
RubelMA_2020	CM.64_WGS	CM.64	stool		STH	STH	46.0		adult	male	CMR	yes	IlluminaHiSeq	PSP_Spin_Stool	32450885	13459852	1680516273	36	126	SRR9293100			Aitor_Blanco_Miguez;Paolo_Manghi	23.4							Baka_East						mansonella_perstans																	Hunter-gatherer																																																																											
RubelMA_2020	CM.65_WGS	CM.65	stool		STH	STH	37.0		adult	female	CMR	yes	IlluminaHiSeq	PSP_Spin_Stool	32450885	14007860	1743719063	36	126	SRR9293102			Aitor_Blanco_Miguez;Paolo_Manghi	21.5							Baka_East						ascaris_lumbricoides																	Hunter-gatherer																																																																											
RubelMA_2020	CM.67_WGS	CM.67	stool		control	Health	40.0		adult	male	CMR	yes	IlluminaHiSeq	PSP_Spin_Stool	32450885	14228606	1778565293	36	126	SRR9293105			Aitor_Blanco_Miguez;Paolo_Manghi	25.7							Bantu_East																							Agropastoralist																																																																											
RubelMA_2020	CM.7_WGS	CM.7	stool		STH	STH	37.0		adult	female	CMR	yes	IlluminaHiSeq	PSP_Spin_Stool	32450885	12933678	1601948326	36	126	SRR9293296			Aitor_Blanco_Miguez;Paolo_Manghi	24.7							Bantu_East						ascaris_lumbricoides																	Agropastoralist																																																																											
RubelMA_2020	CM.70_WGS	CM.70	stool		STH	STH	63.0		adult	female	CMR	yes	IlluminaHiSeq	PSP_Spin_Stool	32450885	18518528	2304092745	36	126	SRR9293206			Aitor_Blanco_Miguez;Paolo_Manghi	17.1							Baka_East						microfilaria_loa_loa																	Hunter-gatherer																																																																											
RubelMA_2020	CM.75_WGS	CM.75	stool		STH	STH	48.0		adult	female	CMR	yes	IlluminaHiSeq	PSP_Spin_Stool	32450885	15494560	1929311916	36	126	SRR9293422			Aitor_Blanco_Miguez;Paolo_Manghi	24.2							Baka_East						plasmodium_falciparum																	Hunter-gatherer																																																																											
RubelMA_2020	CM.79_WGS	CM.79	stool		control	Health	29.0		adult	female	CMR	yes	IlluminaHiSeq	PSP_Spin_Stool	32450885	13733754	1712172697	36	126	SRR9292962			Aitor_Blanco_Miguez;Paolo_Manghi	18.4							Baka_East																							Hunter-gatherer																																																																											
RubelMA_2020	CM.80_WGS	CM.80	stool		STH	STH	27.0		adult	male	CMR	yes	IlluminaHiSeq	PSP_Spin_Stool	32450885	13394036	1671563882	36	126	SRR9292705			Aitor_Blanco_Miguez;Paolo_Manghi	21.0							Baka_East						ascaris_lumbricoides;entamoeba_histolytica																	Hunter-gatherer																																																																											
RubelMA_2020	CM.82_WGS	CM.82	stool		control	Health	24.0		adult	male	CMR	yes	IlluminaHiSeq	PSP_Spin_Stool	32450885	15877040	1982680204	36	126	SRR9292883			Aitor_Blanco_Miguez;Paolo_Manghi	21.8							Baka_East																							Hunter-gatherer																																																																											
RubelMA_2020	CM.86_WGS	CM.86	stool		STH	STH	65.0		adult	female	CMR	yes	IlluminaHiSeq	PSP_Spin_Stool	32450885	20497414	2544876487	36	126	SRR9292804			Aitor_Blanco_Miguez;Paolo_Manghi	18.9							Baka_East						ascaris_lumbricoides;microfilaria_loa_loa																	Hunter-gatherer																																																																											
RubelMA_2020	CM.90_WGS	CM.90	stool		STH	STH	31.0		adult	female	CMR	yes	IlluminaHiSeq	PSP_Spin_Stool	32450885	11311336	1411305598	36	126	SRR9293018			Aitor_Blanco_Miguez;Paolo_Manghi	21.1							Baka_East						ascaris_lumbricoides;entamoeba_histolytica;plasmodium_falciparum																	Hunter-gatherer																																																																											
