study_name	sample_id	subject_id	body_site	antibiotics_current_use	study_condition	disease	age	infant_age	age_category	gender	country	non_westernized	sequencing_platform	DNA_extraction_kit	PMID	number_reads	number_bases	minimum_read_length	median_read_length	NCBI_accession	pregnant	lactating	curator	BMI	family	days_from_first_collection	family_role	born_method	feeding_practice	travel_destination	location	visit_number	premature	birth_weight	gestational_age	antibiotics_family	disease_subtype	days_after_onset	creatine	albumine	hscrp	ESR	treatment	ast	alt	globulin	urea_nitrogen	BASDAI	BASFI	alcohol	flg_genotype	population	menopausal_status	lifestyle	body_subsite	diet	tnm	triglycerides	hdl	ldl	hba1c	smoker	ever_smoker	dental_sample_type	history_of_periodontitis	PPD_M	PPD_B	PPD_D	PPD_L	fobt	disease_stage	disease_location	calprotectin	HBI	SCCAI	uncurated_metadata	mumps	cholesterol	c_peptide	glucose	creatinine	bilubirin	prothrombin_time	wbc	rbc	hemoglobinometry	remission	dyastolic_p	systolic_p	insulin_cat	adiponectin	glp_1	cd163	il_1	leptin	fgf_19	glutamate_decarboxylase_2_antibody	HLA	autoantibody_positive	age_seroconversion	age_T1D_diagnosis	hitchip_probe_class	fasting_insulin	fasting_glucose	protein_intake	stec_count	shigatoxin_2_elisa	stool_texture	anti_PD_1	mgs_richness	ferm_milk_prod_consumer	inr	ctp	birth_control_pil	c_section_type	ajcc	hla_drb12	hla_dqa12	hla_dqa11	hla_drb11	birth_order	age_twins_started_to_live_apart	zigosity	brinkman_index	alcohol_numeric	breastfeeding_duration	formula_first_day	ALT	eGFR
WirbelJ_2018	CCMD11006829ST-21-0	CCMD11006829ST-21-0	stool		CRC	CRC	42.0		adult	female	DEU	no	IlluminaHiSeq	Gnome	30936547	83456496	7310970279	45	94				Paolo_Manghi	35.0																																	t3n0m0																																																											ii													
WirbelJ_2018	CCMD12232071ST-21-0	CCMD12232071ST-21-0	stool		CRC	CRC	75.0		senior	male	DEU	no	IlluminaHiSeq	Gnome	30936547	65269931	5370021950	2	88				Paolo_Manghi	28.0																																	t3n2m0																																																											iii													
WirbelJ_2018	CCMD13071240ST-21-0	CCMD13071240ST-21-0	stool		CRC	CRC	66.0		senior	female	DEU	no	IlluminaHiSeq	Gnome	30936547	63427722	5486983593	45	93				Paolo_Manghi	23.0																																	t3n0m0																																																											ii													
WirbelJ_2018	CCMD13934959ST-21-0	CCMD13934959ST-21-0	stool		CRC	CRC	56.0		adult	male	DEU	no	IlluminaHiSeq	Gnome	30936547	36979669	3186342244	45	93				Paolo_Manghi	27.0																																	t3n0m0																																																											ii													
WirbelJ_2018	CCMD14479708ST-21-0	CCMD14479708ST-21-0	stool		CRC	CRC	74.0		senior	male	DEU	no	IlluminaHiSeq	Gnome	30936547	65475493	5637718108	45	92				Paolo_Manghi	26.0																																	t3n0m1																																																											iv													
WirbelJ_2018	CCMD18872694ST-21-0	CCMD18872694ST-21-0	stool		CRC	CRC	63.0		adult	male	DEU	no	IlluminaHiSeq	Gnome	30936547	55300211	4780095276	45	93				Paolo_Manghi	25.0																																	t3n1m0																																																											iii													
WirbelJ_2018	CCMD19497912ST-21-0	CCMD19497912ST-21-0	stool		CRC	CRC	53.0		adult	female	DEU	no	IlluminaHiSeq	Gnome	30936547	63611916	5295778184	1	89				Paolo_Manghi	32.0																																	t3n0m0																																																											ii													
WirbelJ_2018	CCMD23101338ST-21-0	CCMD23101338ST-21-0	stool		CRC	CRC	69.0		senior	male	DEU	no	IlluminaHiSeq	Gnome	30936547	84964410	7289969024	45	92				Paolo_Manghi	28.0																																	t1n0m0																																																											i													
WirbelJ_2018	CCMD25511638ST-21-0	CCMD25511638ST-21-0	stool		CRC	CRC	72.0		senior	female	DEU	no	IlluminaHiSeq	Gnome	30936547	65970756	5638414164	1	92				Paolo_Manghi	24.0																																	t1n0m0																																																											i													
WirbelJ_2018	CCMD25963797ST-21-0	CCMD25963797ST-21-0	stool		CRC	CRC	62.0		adult	male	DEU	no	IlluminaHiSeq	Gnome	30936547	82412988	6955065417	2	91				Paolo_Manghi	22.0																																	t3n0m0																																																											ii													
WirbelJ_2018	CCMD26709089ST-21-0	CCMD26709089ST-21-0	stool		CRC	CRC	66.0		senior	male	DEU	no	IlluminaHiSeq	Gnome	30936547	81592727	6985538898	45	92				Paolo_Manghi	26.0																																	t1n0m1																																																											iv													
WirbelJ_2018	CCMD26925580ST-21-0	CCMD26925580ST-21-0	stool		CRC	CRC	42.0		adult	male	DEU	no	IlluminaHiSeq	Gnome	30936547	55059930	4714466429	45	93				Paolo_Manghi	27.0																																	t2n0m0																																																											i													
WirbelJ_2018	CCMD34381688ST-21-0	CCMD34381688ST-21-0	stool		CRC	CRC	41.0		adult	male	DEU	no	IlluminaHiSeq	Gnome	30936547	59430177	5111006692	45	92				Paolo_Manghi	22.0																																	t2n1m0																																																											iii													
WirbelJ_2018	CCMD35802077ST-21-0	CCMD35802077ST-21-0	stool		CRC	CRC	71.0		senior	male	DEU	no	IlluminaHiSeq	Gnome	30936547	62957787	5376635637	45	92				Paolo_Manghi	30.0																																	t3n0m0																																																											ii													
WirbelJ_2018	CCMD40701343ST-21-0	CCMD40701343ST-21-0	stool		CRC	CRC	65.0		adult	male	DEU	no	IlluminaHiSeq	Gnome	30936547	111517650	9271998198	2	88				Paolo_Manghi	28.0																																	t3n0m0																																																											ii													
WirbelJ_2018	CCMD42428553ST-21-0	CCMD42428553ST-21-0	stool		CRC	CRC	87.0		senior	male	DEU	no	IlluminaHiSeq	Gnome	30936547	58443148	4979909496	45	92				Paolo_Manghi	22.0																																	t2n0m1																																																											iv													
WirbelJ_2018	CCMD45988061ST-21-0	CCMD45988061ST-21-0	stool		CRC	CRC	62.0		adult	female	DEU	no	IlluminaHiSeq	Gnome	30936547	33507008	2873493609	45	92				Paolo_Manghi	27.0																																	t2n0m0																																																											i													
WirbelJ_2018	CCMD46222674ST-21-0	CCMD46222674ST-21-0	stool		CRC	CRC	59.0		adult	male	DEU	no	IlluminaHiSeq	Gnome	30936547	63799848	5487160146	45	92				Paolo_Manghi	24.0																																	t3n0m1																																																											iv													
WirbelJ_2018	CCMD46947453ST-21-0	CCMD46947453ST-21-0	stool		CRC	CRC	69.0		senior	male	DEU	no	IlluminaHiSeq	Gnome	30936547	71770689	6068657231	1	89				Paolo_Manghi	24.0																																	t1n0m0																																																											i													
WirbelJ_2018	CCMD48236717ST-21-0	CCMD48236717ST-21-0	stool		CRC	CRC	58.0		adult	female	DEU	no	IlluminaHiSeq	Gnome	30936547	78698076	6748918253	1	92				Paolo_Manghi	32.0																																	t2n0m0																																																											i													
WirbelJ_2018	CCMD50071957ST-21-0	CCMD50071957ST-21-0	stool		CRC	CRC	35.0		adult	female	DEU	no	IlluminaHiSeq	Gnome	30936547	54578786	4733323410	45	90				Paolo_Manghi	22.0																																	t4n0m0																																																											ii													
WirbelJ_2018	CCMD51864103ST-21-0	CCMD51864103ST-21-0	stool		CRC	CRC	58.0		adult	male	DEU	no	IlluminaHiSeq	Gnome	30936547	69492180	5980859510	1	92				Paolo_Manghi	25.0																																	t3n0m0																																																											ii													
WirbelJ_2018	CCMD60079086ST-21-0	CCMD60079086ST-21-0	stool		CRC	CRC	73.0		senior	female	DEU	no	IlluminaHiSeq	Gnome	30936547	51838643	4404941313	45	92				Paolo_Manghi	22.0																																	t2n0m0																																																											i													
WirbelJ_2018	CCMD63399960ST-21-0	CCMD63399960ST-21-0	stool		CRC	CRC	51.0		adult	male	DEU	no	IlluminaHiSeq	Gnome	30936547	72877557	6243517495	1	92				Paolo_Manghi	28.0																																	t3n1m1																																																											iv													
WirbelJ_2018	CCMD64503764ST-21-0	CCMD64503764ST-21-0	stool		CRC	CRC	66.0		senior	male	DEU	no	IlluminaHiSeq	Gnome	30936547	73836742	6326842541	45	92				Paolo_Manghi	31.0																																	t2n0m0																																																											i													
WirbelJ_2018	CCMD64776337ST-21-0	CCMD64776337ST-21-0	stool		CRC	CRC	79.0		senior	female	DEU	no	IlluminaHiSeq	Gnome	30936547	69961523	5883271932	2	91				Paolo_Manghi	26.0																																	t1n0m0																																																											i													
WirbelJ_2018	CCMD72895164ST-21-0	CCMD72895164ST-21-0	stool		CRC	CRC	34.0		adult	male	DEU	no	IlluminaHiSeq	Gnome	30936547	72332153	6079012996	2	91				Paolo_Manghi	27.0																																	t4n2m1																																																											iv													
WirbelJ_2018	CCMD74930188ST-21-0	CCMD74930188ST-21-0	stool		CRC	CRC	67.0		senior	male	DEU	no	IlluminaHiSeq	Gnome	30936547	58799892	4969364628	1	89				Paolo_Manghi	30.0																																	t3n0m0																																																											ii													
WirbelJ_2018	CCMD79987997ST-21-0	CCMD79987997ST-21-0	stool		CRC	CRC	70.0		senior	male	DEU	no	IlluminaHiSeq	Gnome	30936547	69560481	6014910420	1	89				Paolo_Manghi	25.0																																	t2n0m0																																																											i													
WirbelJ_2018	CCMD82866709ST-21-0	CCMD82866709ST-21-0	stool		CRC	CRC	77.0		senior	female	DEU	no	IlluminaHiSeq	Gnome	30936547	52355963	4478975806	45	92				Paolo_Manghi	26.0																																	t3n0m0																																																											ii													
WirbelJ_2018	CCMD86114146ST-21-0	CCMD86114146ST-21-0	stool		CRC	CRC	68.0		senior	male	DEU	no	IlluminaHiSeq	Gnome	30936547	68642651	5825187045	1	92				Paolo_Manghi	23.0																																	t3n2m1																																																											iv													
WirbelJ_2018	CCMD86707194ST-21-0	CCMD86707194ST-21-0	stool		CRC	CRC	53.0		adult	female	DEU	no	IlluminaHiSeq	Gnome	30936547	71623662	6445367470	45	96				Paolo_Manghi	31.0																																	t1n0m0																																																											i													
WirbelJ_2018	CCMD87156761ST-21-0	CCMD87156761ST-21-0	stool		CRC	CRC	55.0		adult	male	DEU	no	IlluminaHiSeq	Gnome	30936547	62222602	5370424077	45	92				Paolo_Manghi	28.0																																	t2n0m0																																																											i													
WirbelJ_2018	CCMD88272491ST-21-0	CCMD88272491ST-21-0	stool		CRC	CRC	72.0		senior	male	DEU	no	IlluminaHiSeq	Gnome	30936547	66759905	5829021413	45	93				Paolo_Manghi	28.0																																	tisn0m0																																																											0													
WirbelJ_2018	CCMD90311071ST-21-0	CCMD90311071ST-21-0	stool		CRC	CRC	43.0		adult	female	DEU	no	IlluminaHiSeq	Gnome	30936547	61569976	5243752766	1	92				Paolo_Manghi	22.0																																	t4n2m1																																																											iv													
WirbelJ_2018	CCMD93344354ST-21-0	CCMD93344354ST-21-0	stool		CRC	CRC	51.0		adult	male	DEU	no	IlluminaHiSeq	Gnome	30936547	72207800	6328077215	45	91				Paolo_Manghi	30.0																																	t3n2m1																																																											iv													
WirbelJ_2018	CCMD95433940ST-21-0	CCMD95433940ST-21-0	stool		CRC	CRC	49.0		adult	female	DEU	no	IlluminaHiSeq	Gnome	30936547	120416190	10356558554	1	92				Paolo_Manghi	30.0																																	tisn0m0																																																											0													
WirbelJ_2018	CCMD96553385ST-21-0	CCMD96553385ST-21-0	stool		CRC	CRC	90.0		senior	male	DEU	no	IlluminaHiSeq	Gnome	30936547	68567382	5884210312	45	92				Paolo_Manghi	28.0																																	t3n2m0																																																											iii													
WirbelJ_2018	MMPU29365221ST	MMPU29365221ST	stool		control	Health	34.0		adult	male	DEU	no	IlluminaHiSeq	Gnome	30936547	130049492	11373008927	45	91				Paolo_Manghi	23.0																																																																																																									
WirbelJ_2018	MMPU68403337ST	MMPU68403337ST	stool		control	Health	30.0		adult	male	DEU	no	IlluminaHiSeq	Gnome	30936547	132071270	11459650610	45	92				Paolo_Manghi	31.0																																																																																																									
WirbelJ_2018	MMPU72854103ST	MMPU72854103ST	stool		control	Health	34.0		adult	male	DEU	no	IlluminaHiSeq	Gnome	30936547	178722733	14971137624	45	91				Paolo_Manghi	21.0																																																																																																									
WirbelJ_2018	MMPU84450604ST	MMPU84450604ST	stool		control	Health	37.0		adult	male	DEU	no	IlluminaHiSeq	Gnome	30936547	147843603	12182541625	2	88				Paolo_Manghi	25.0																																																																																																									
WirbelJ_2018	MMPU99077057ST	MMPU99077057ST	stool		control	Health	49.0		adult	male	DEU	no	IlluminaHiSeq	Gnome	30936547	104954432	9173408933	45	91				Paolo_Manghi	26.0																																																																																																									
WirbelJ_2018	CCMD10032470ST-11-0	CCMD10032470ST-11-0	stool		control	Health	45.0		adult	male	DEU	no	IlluminaHiSeq	Gnome	30936547	37708359	4639213592	45	139	ERR2726404			Jacob_Wirbel;Paolo_Manghi	30.7																																																																																																									
WirbelJ_2018	CCMD10191450ST-11-0	CCMD10191450ST-11-0	stool		control	Health	62.0		adult	female	DEU	no	IlluminaHiSeq	Gnome	30936547	34952407	4351849639	45	140	ERR2726405			Jacob_Wirbel;Paolo_Manghi	28.5																																																																																																									
WirbelJ_2018	CCMD15562448ST-11-0	CCMD15562448ST-11-0	stool		control	Health	74.0		senior	male	DEU	no	IlluminaHiSeq	Gnome	30936547	34087455	4227123245	45	139	ERR2726406			Jacob_Wirbel;Paolo_Manghi	22.9																																																																																																									
WirbelJ_2018	CCMD17410933ST-11-0	CCMD17410933ST-11-0	stool		control	Health	59.0		adult	female	DEU	no	IlluminaHiSeq	Gnome	30936547	47437840	5908657135	45	140	ERR2726407			Jacob_Wirbel;Paolo_Manghi	22.5																																																																																																									
WirbelJ_2018	CCMD18579000ST-11-0	CCMD18579000ST-11-0	stool		control	Health	59.0		adult	female	DEU	no	IlluminaHiSeq	Gnome	30936547	32440106	3841428856	45	135	ERR2726408			Jacob_Wirbel;Paolo_Manghi	22.7																																																																																																									
WirbelJ_2018	CCMD18829815ST-11-0	CCMD18829815ST-11-0	stool		control	Health	62.0		adult	female	DEU	no	IlluminaHiSeq	Gnome	30936547	34435904	4103990976	45	138	ERR2726409			Jacob_Wirbel;Paolo_Manghi	27.0																																																																																																									
WirbelJ_2018	CCMD19168690ST-11-0	CCMD19168690ST-11-0	stool		CRC	CRC	63.0		adult	female	DEU	no	IlluminaHiSeq	Gnome	30936547	26544429	3184004938	45	138	ERR2726410			Jacob_Wirbel;Paolo_Manghi	25.8																																	t3n0m0																																																											ii													
WirbelJ_2018	CCMD21593359ST-11-0	CCMD21593359ST-11-0	stool		CRC	CRC	85.0		senior	female	DEU	no	IlluminaHiSeq	Gnome	30936547	75884855	7831308075	45	113	ERR2726414			Jacob_Wirbel;Paolo_Manghi	19.7																																	t4n1m0																																																											iii													
WirbelJ_2018	CCMD21703880ST-11-0	CCMD21703880ST-11-0	stool		CRC	CRC	80.0		senior	male	DEU	no	IlluminaHiSeq	Gnome	30936547	78839980	7813872056	45	108	ERR2726418			Jacob_Wirbel;Paolo_Manghi	28.4																																	t3n1m0																																																											iii													
WirbelJ_2018	CCMD22852639ST-11-0	CCMD22852639ST-11-0	stool		control	Health	50.0		adult	female	DEU	no	IlluminaHiSeq	Gnome	30936547	40833762	5070894772	45	141	ERR2726419			Jacob_Wirbel;Paolo_Manghi	23.4																																																																																																									
WirbelJ_2018	CCMD23541216ST-11-0	CCMD23541216ST-11-0	stool		control	Health	61.0		adult	male	DEU	no	IlluminaHiSeq	Gnome	30936547	26798255	3243885354	45	138	ERR2726420			Jacob_Wirbel;Paolo_Manghi	29.9																																																																																																									
WirbelJ_2018	CCMD25475945ST-11-0	CCMD25475945ST-11-0	stool		control	Health	59.0		adult	female	DEU	no	IlluminaHiSeq	Gnome	30936547	36474293	4415306489	45	139	ERR2726421			Jacob_Wirbel;Paolo_Manghi	22.1																																																																																																									
WirbelJ_2018	CCMD26625622ST-11-0	CCMD26625622ST-11-0	stool		control	Health	50.0		adult	male	DEU	no	IlluminaHiSeq	Gnome	30936547	34820567	4252277902	45	138	ERR2726422			Jacob_Wirbel;Paolo_Manghi	21.6																																																																																																									
WirbelJ_2018	CCMD27463710ST-11-0	CCMD27463710ST-11-0	stool		CRC	CRC	81.0		senior	male	DEU	no	IlluminaHiSeq	Gnome	30936547	93356849	9541781198	45	112	ERR2726426			Jacob_Wirbel;Paolo_Manghi	26.1																																	t3n0m0																																																											ii													
WirbelJ_2018	CCMD27867141ST-11-0	CCMD27867141ST-11-0	stool		control	Health	55.0		adult	female	DEU	no	IlluminaHiSeq	Gnome	30936547	49637082	6097470744	45	138	ERR2726427			Jacob_Wirbel;Paolo_Manghi	18.0																																																																																																									
WirbelJ_2018	CCMD28738636ST-11-0	CCMD28738636ST-11-0	stool		control	Health	73.0		senior	male	DEU	no	IlluminaHiSeq	Gnome	30936547	18266347	2235990846	45	138	ERR2726428			Jacob_Wirbel;Paolo_Manghi	24.8																																																																																																									
WirbelJ_2018	CCMD29706695ST-11-0	CCMD29706695ST-11-0	stool		control	Health	45.0		adult	male	DEU	no	IlluminaHiSeq	Gnome	30936547	32562260	3969615803	45	138	ERR2726429			Jacob_Wirbel;Paolo_Manghi	22.1																																																																																																									
WirbelJ_2018	CCMD30626189ST-11-0	CCMD30626189ST-11-0	stool		control	Health	51.0		adult	male	DEU	no	IlluminaHiSeq	Gnome	30936547	42420464	5102590952	45	135	ERR2726430			Jacob_Wirbel;Paolo_Manghi	26.3																																																																																																									
WirbelJ_2018	CCMD30627121ST-11-0	CCMD30627121ST-11-0	stool		control	Health	48.0		adult	female	DEU	no	IlluminaHiSeq	Gnome	30936547	33003822	3958810630	45	140	ERR2726431			Jacob_Wirbel;Paolo_Manghi	25.4																																																																																																									
WirbelJ_2018	CCMD31009081ST-11-0	CCMD31009081ST-11-0	stool		control	Health	64.0		adult	male	DEU	no	IlluminaHiSeq	Gnome	30936547	35437309	4297110124	45	135	ERR2726432			Jacob_Wirbel;Paolo_Manghi	26.8																																																																																																									
WirbelJ_2018	CCMD31134579ST-11-0	CCMD31134579ST-11-0	stool		control	Health	75.0		senior	male	DEU	no	IlluminaHiSeq	Gnome	30936547	37748960	4597866250	45	138	ERR2726433			Jacob_Wirbel;Paolo_Manghi	21.5																																																																																																									
WirbelJ_2018	CCMD32288175ST-11-0	CCMD32288175ST-11-0	stool		control	Health	57.0		adult	female	DEU	no	IlluminaHiSeq	Gnome	30936547	30703808	3820804468	45	140	ERR2726434			Jacob_Wirbel;Paolo_Manghi	22.2																																																																																																									
WirbelJ_2018	CCMD32965613ST-11-0	CCMD32965613ST-11-0	stool		control	Health	64.0		adult	male	DEU	no	IlluminaHiSeq	Gnome	30936547	45280497	5663096176	45	139	ERR2726435			Jacob_Wirbel;Paolo_Manghi	27.6																																																																																																									
WirbelJ_2018	CCMD35081859ST-11-0	CCMD35081859ST-11-0	stool		control	Health	60.0		adult	female	DEU	no	IlluminaHiSeq	Gnome	30936547	39906903	4960369607	45	139	ERR2726436			Jacob_Wirbel;Paolo_Manghi	25.8																																																																																																									
WirbelJ_2018	CCMD35633353ST-11-0	CCMD35633353ST-11-0	stool		CRC	CRC	61.0		adult	male	DEU	no	IlluminaHiSeq	Gnome	30936547	81443541	8156827787	45	112	ERR2726440			Jacob_Wirbel;Paolo_Manghi	25.2																																	t4n2m1																																																											iv													
WirbelJ_2018	CCMD35801800ST-11-0	CCMD35801800ST-11-0	stool		control	Health	29.0		adult	female	DEU	no	IlluminaHiSeq	Gnome	30936547	42324579	5191026043	45	138	ERR2726441			Jacob_Wirbel;Paolo_Manghi	30.5																																																																																																									
WirbelJ_2018	CCMD37575804ST-11-0	CCMD37575804ST-11-0	stool		control	Health	44.0		adult	male	DEU	no	IlluminaHiSeq	Gnome	30936547	42726833	5239016935	45	138	ERR2726442			Jacob_Wirbel;Paolo_Manghi	25.1																																																																																																									
WirbelJ_2018	CCMD38158721ST-11-0	CCMD38158721ST-11-0	stool		control	Health	76.0		senior	male	DEU	no	IlluminaHiSeq	Gnome	30936547	26218660	3159908625	45	139	ERR2726443			Jacob_Wirbel;Paolo_Manghi	29.5																																																																																																									
WirbelJ_2018	CCMD39157124ST-11-0	CCMD39157124ST-11-0	stool		control	Health	56.0		adult	male	DEU	no	IlluminaHiSeq	Gnome	30936547	39541087	4957102126	45	139	ERR2726444			Jacob_Wirbel;Paolo_Manghi	25.0																																																																																																									
WirbelJ_2018	CCMD39882286ST-11-0	CCMD39882286ST-11-0	stool		control	Health	53.0		adult	male	DEU	no	IlluminaHiSeq	Gnome	30936547	39610199	4897630678	45	140	ERR2726445			Jacob_Wirbel;Paolo_Manghi	18.5																																																																																																									
WirbelJ_2018	CCMD41202658ST-11-0	CCMD41202658ST-11-0	stool		control	Health	61.0		adult	female	DEU	no	IlluminaHiSeq	Gnome	30936547	26494425	3151787541	45	138	ERR2726446			Jacob_Wirbel;Paolo_Manghi	25.4																																																																																																									
WirbelJ_2018	CCMD41521570ST-11-0	CCMD41521570ST-11-0	stool		control	Health	67.0		senior	male	DEU	no	IlluminaHiSeq	Gnome	30936547	32315436	3913525742	45	139	ERR2726447			Jacob_Wirbel;Paolo_Manghi	24.4																																																																																																									
WirbelJ_2018	CCMD42956136ST-11-0	CCMD42956136ST-11-0	stool		CRC	CRC	67.0		senior	female	DEU	no	IlluminaHiSeq	Gnome	30936547	41570684	5173146819	45	138	ERR2726448			Jacob_Wirbel;Paolo_Manghi	30.1																																	t3n0m0																																																											ii													
WirbelJ_2018	CCMD45004878ST-11-0	CCMD45004878ST-11-0	stool		control	Health	53.0		adult	male	DEU	no	IlluminaHiSeq	Gnome	30936547	29989143	3540776312	45	137	ERR2726449			Jacob_Wirbel;Paolo_Manghi	26.2																																																																																																									
WirbelJ_2018	CCMD45812507ST-11-0	CCMD45812507ST-11-0	stool		control	Health	75.0		senior	male	DEU	no	IlluminaHiSeq	Gnome	30936547	34298086	4182724716	45	138	ERR2726450			Jacob_Wirbel;Paolo_Manghi	30.1																																																																																																									
WirbelJ_2018	CCMD46727384ST-11-0	CCMD46727384ST-11-0	stool		control	Health	53.0		adult	female	DEU	no	IlluminaHiSeq	Gnome	30936547	42393024	5310806480	45	139	ERR2726451			Jacob_Wirbel;Paolo_Manghi	24.1																																																																																																									
WirbelJ_2018	CCMD49025643ST-11-0	CCMD49025643ST-11-0	stool		control	Health	41.0		adult	male	DEU	no	IlluminaHiSeq	Gnome	30936547	49109243	6217935229	45	140	ERR2726452			Jacob_Wirbel;Paolo_Manghi	23.8																																																																																																									
WirbelJ_2018	CCMD49461418ST-11-0	CCMD49461418ST-11-0	stool		CRC	CRC	61.0		adult	male	DEU	no	IlluminaHiSeq	Gnome	30936547	83884281	8204655954	45	113	ERR2726456			Jacob_Wirbel;Paolo_Manghi	21.6																																	t3n1m0																																																											iii													
WirbelJ_2018	CCMD49942357ST-11-0	CCMD49942357ST-11-0	stool		control	Health	46.0		adult	male	DEU	no	IlluminaHiSeq	Gnome	30936547	31722138	3817718694	45	140	ERR2726457			Jacob_Wirbel;Paolo_Manghi	26.3																																																																																																									
WirbelJ_2018	CCMD50300306ST-11-0	CCMD50300306ST-11-0	stool		control	Health	64.0		adult	male	DEU	no	IlluminaHiSeq	Gnome	30936547	36637752	4480077249	45	139	ERR2726458			Jacob_Wirbel;Paolo_Manghi	24.6																																																																																																									
WirbelJ_2018	CCMD50529145ST-11-0	CCMD50529145ST-11-0	stool		control	Health	63.0		adult	female	DEU	no	IlluminaHiSeq	Gnome	30936547	31149147	3707663709	45	138	ERR2726459			Jacob_Wirbel;Paolo_Manghi	20.2																																																																																																									
WirbelJ_2018	CCMD50538120ST-11-0	CCMD50538120ST-11-0	stool		control	Health	75.0		senior	male	DEU	no	IlluminaHiSeq	Gnome	30936547	21906938	2558326096	45	137	ERR2726460			Jacob_Wirbel;Paolo_Manghi	22.9																																																																																																									
WirbelJ_2018	CCMD51154251ST-11-0	CCMD51154251ST-11-0	stool		control	Health	50.0		adult	male	DEU	no	IlluminaHiSeq	Gnome	30936547	35921835	4433617601	45	138	ERR2726461			Jacob_Wirbel;Paolo_Manghi	22.6																																																																																																									
WirbelJ_2018	CCMD51228890ST-11-0	CCMD51228890ST-11-0	stool		control	Health	65.0		adult	male	DEU	no	IlluminaHiSeq	Gnome	30936547	32351866	3935858548	45	139	ERR2726462			Jacob_Wirbel;Paolo_Manghi	32.7																																																																																																									
WirbelJ_2018	CCMD52117727ST-11-0	CCMD52117727ST-11-0	stool		CRC	CRC	79.0		senior	male	DEU	no	IlluminaHiSeq	Gnome	30936547	89774389	9269088380	45	114	ERR2726463			Jacob_Wirbel;Paolo_Manghi	22.4																																	t3n0m0																																																											ii													
WirbelJ_2018	CCMD52145360ST-11-0	CCMD52145360ST-11-0	stool		CRC	CRC	81.0		senior	male	DEU	no	IlluminaHiSeq	Gnome	30936547	84722998	8721310850	45	114	ERR2726470			Jacob_Wirbel;Paolo_Manghi	24.0																																	t3n2m0																																																											iii													
WirbelJ_2018	CCMD53508245ST-11-0	CCMD53508245ST-11-0	stool		control	Health	61.0		adult	male	DEU	no	IlluminaHiSeq	Gnome	30936547	46280212	5716884869	45	139	ERR2726471			Jacob_Wirbel;Paolo_Manghi	27.0																																																																																																									
WirbelJ_2018	CCMD53522274ST-11-0	CCMD53522274ST-11-0	stool		control	Health	75.0		senior	female	DEU	no	IlluminaHiSeq	Gnome	30936547	32649355	3988980619	45	138	ERR2726472			Jacob_Wirbel;Paolo_Manghi	19.3																																																																																																									
WirbelJ_2018	CCMD54057834ST-11-0	CCMD54057834ST-11-0	stool		control	Health	57.0		adult	female	DEU	no	IlluminaHiSeq	Gnome	30936547	26324082	3111604953	45	135	ERR2726473			Jacob_Wirbel;Paolo_Manghi	21.2																																																																																																									
WirbelJ_2018	CCMD56948710ST-11-0	CCMD56948710ST-11-0	stool		control	Health	66.0		senior	male	DEU	no	IlluminaHiSeq	Gnome	30936547	31896652	3957955624	45	139	ERR2726474			Jacob_Wirbel;Paolo_Manghi	30.3																																																																																																									
WirbelJ_2018	CCMD59540613ST-11-0	CCMD59540613ST-11-0	stool		control	Health	64.0		adult	male	DEU	no	IlluminaHiSeq	Gnome	30936547	26827236	3219403664	45	139	ERR2726475			Jacob_Wirbel;Paolo_Manghi	25.4																																																																																																									
WirbelJ_2018	CCMD59583015ST-11-0	CCMD59583015ST-11-0	stool		CRC	CRC	61.0		adult	female	DEU	no	IlluminaHiSeq	Gnome	30936547	91992697	9343789168	45	113	ERR2726479			Jacob_Wirbel;Paolo_Manghi	24.1																																	t2n1m0																																																											iv													
WirbelJ_2018	CCMD65222621ST-11-0	CCMD65222621ST-11-0	stool		CRC	CRC	63.0		adult	female	DEU	no	IlluminaHiSeq	Gnome	30936547	80492216	7834201797	45	108	ERR2726483			Jacob_Wirbel;Paolo_Manghi	28.8																																	t3n0m0																																																											ii													
WirbelJ_2018	CCMD65406197ST-11-0	CCMD65406197ST-11-0	stool		CRC	CRC	50.0		adult	female	DEU	no	IlluminaHiSeq	Gnome	30936547	27972702	3459725269	45	139	ERR2726484			Jacob_Wirbel;Paolo_Manghi	32.1																																	tisn0m0																																																											0													
WirbelJ_2018	CCMD66848156ST-11-0	CCMD66848156ST-11-0	stool		control	Health	64.0		adult	female	DEU	no	IlluminaHiSeq	Gnome	30936547	33154286	3900420267	45	135	ERR2726485			Jacob_Wirbel;Paolo_Manghi	21.1																																																																																																									
WirbelJ_2018	CCMD67373733ST-11-0	CCMD67373733ST-11-0	stool		control	Health	73.0		senior	male	DEU	no	IlluminaHiSeq	Gnome	30936547	46199982	5572421986	45	135	ERR2726486			Jacob_Wirbel;Paolo_Manghi	24.5																																																																																																									
WirbelJ_2018	CCMD68973846ST-11-0	CCMD68973846ST-11-0	stool		control	Health	64.0		adult	female	DEU	no	IlluminaHiSeq	Gnome	30936547	19776648	2494583830	45	140	ERR2726487			Jacob_Wirbel;Paolo_Manghi	22.8																																																																																																									
WirbelJ_2018	CCMD71242853ST-11-0	CCMD71242853ST-11-0	stool		CRC	CRC	56.0		adult	female	DEU	no	IlluminaHiSeq	Gnome	30936547	27223597	3179743231	45	136	ERR2726488			Jacob_Wirbel;Paolo_Manghi	30.0																																	t2n0m0																																																											i													
WirbelJ_2018	CCMD71915439ST-11-0	CCMD71915439ST-11-0	stool		CRC	CRC	60.0		adult	female	DEU	no	IlluminaHiSeq	Gnome	30936547	75829877	7622249125	45	114	ERR2726492			Jacob_Wirbel;Paolo_Manghi	35.8																																	t3n1m1																																																											iv													
WirbelJ_2018	CCMD72666896ST-11-0	CCMD72666896ST-11-0	stool		control	Health	58.0		adult	female	DEU	no	IlluminaHiSeq	Gnome	30936547	32145534	3805648978	45	138	ERR2726493			Jacob_Wirbel;Paolo_Manghi	23.8																																																																																																									
WirbelJ_2018	CCMD72690923ST-11-0	CCMD72690923ST-11-0	stool		CRC	CRC	60.0		adult	male	DEU	no	IlluminaHiSeq	Gnome	30936547	72772607	7178248892	45	114	ERR2726497			Jacob_Wirbel;Paolo_Manghi	19.7																																	t3n0m0																																																											ii													
WirbelJ_2018	CCMD73128545ST-11-0	CCMD73128545ST-11-0	stool		control	Health	57.0		adult	female	DEU	no	IlluminaHiSeq	Gnome	30936547	28802606	3521399599	45	139	ERR2726498			Jacob_Wirbel;Paolo_Manghi	22.2																																																																																																									
WirbelJ_2018	CCMD74592084ST-11-0	CCMD74592084ST-11-0	stool		control	Health	48.0		adult	male	DEU	no	IlluminaHiSeq	Gnome	30936547	46736941	5875509377	45	139	ERR2726499			Jacob_Wirbel;Paolo_Manghi	23.0																																																																																																									
WirbelJ_2018	CCMD75147712ST-11-0	CCMD75147712ST-11-0	stool		control	Health	53.0		adult	female	DEU	no	IlluminaHiSeq	Gnome	30936547	19907319	2518357317	45	140	ERR2726500			Jacob_Wirbel;Paolo_Manghi	23.0																																																																																																									
WirbelJ_2018	CCMD76222476ST-11-0	CCMD76222476ST-11-0	stool		CRC	CRC	62.0		adult	female	DEU	no	IlluminaHiSeq	Gnome	30936547	24450208	2993424790	45	139	ERR2726501			Jacob_Wirbel;Paolo_Manghi	21.3																																	t3n2m0																																																											iii													
WirbelJ_2018	CCMD76409700ST-11-0	CCMD76409700ST-11-0	stool		control	Health	60.0		adult	female	DEU	no	IlluminaHiSeq	Gnome	30936547	36562004	4504027361	45	139	ERR2726502			Jacob_Wirbel;Paolo_Manghi	23.0																																																																																																									
WirbelJ_2018	CCMD79349503ST-11-0	CCMD79349503ST-11-0	stool		CRC	CRC	60.0		adult	female	DEU	no	IlluminaHiSeq	Gnome	30936547	22170914	2649826307	45	138	ERR2726503			Jacob_Wirbel;Paolo_Manghi	21.9																																	t1n0m0																																																											i													
WirbelJ_2018	CCMD85481373ST-11-0	CCMD85481373ST-11-0	stool		control	Health	69.0		senior	female	DEU	no	IlluminaHiSeq	Gnome	30936547	16250781	1947067979	45	138	ERR2726504			Jacob_Wirbel;Paolo_Manghi	25.3																																																																																																									
WirbelJ_2018	CCMD85661207ST-11-0	CCMD85661207ST-11-0	stool		control	Health	28.0		adult	male	DEU	no	IlluminaHiSeq	Gnome	30936547	33033970	3963017409	45	139	ERR2726505			Jacob_Wirbel;Paolo_Manghi	24.6																																																																																																									
WirbelJ_2018	CCMD89107682ST-11-0	CCMD89107682ST-11-0	stool		control	Health	54.0		adult	female	DEU	no	IlluminaHiSeq	Gnome	30936547	43412558	5152729425	45	138	ERR2726506			Jacob_Wirbel;Paolo_Manghi	24.6																																																																																																									
WirbelJ_2018	CCMD89306485ST-11-0	CCMD89306485ST-11-0	stool		CRC	CRC	52.0		adult	male	DEU	no	IlluminaHiSeq	Gnome	30936547	70529986	7093908496	45	113	ERR2726510			Jacob_Wirbel;Paolo_Manghi	29.9																																	t3n0m0																																																											ii													
WirbelJ_2018	CCMD89643949ST-11-0	CCMD89643949ST-11-0	stool		control	Health	51.0		adult	female	DEU	no	IlluminaHiSeq	Gnome	30936547	38953235	4866288034	45	140	ERR2726511			Jacob_Wirbel;Paolo_Manghi	25.6																																																																																																									
WirbelJ_2018	CCMD89967135ST-11-0	CCMD89967135ST-11-0	stool		control	Health	58.0		adult	female	DEU	no	IlluminaHiSeq	Gnome	30936547	38178196	4623164854	45	138	ERR2726512			Jacob_Wirbel;Paolo_Manghi	27.0																																																																																																									
WirbelJ_2018	CCMD92404903ST-11-0	CCMD92404903ST-11-0	stool		CRC	CRC	66.0		senior	female	DEU	no	IlluminaHiSeq	Gnome	30936547	74399337	7585743831	45	114	ERR2726516			Jacob_Wirbel;Paolo_Manghi	13.3																																	t3n0m0																																																											ii													
WirbelJ_2018	CCMD93755960ST-11-0	CCMD93755960ST-11-0	stool		control	Health	45.0		adult	female	DEU	no	IlluminaHiSeq	Gnome	30936547	53721981	6512242541	45	139	ERR2726517			Jacob_Wirbel;Paolo_Manghi	27.2																																																																																																									
WirbelJ_2018	CCMD95431029ST-11-0	CCMD95431029ST-11-0	stool		CRC	CRC	84.0		senior	male	DEU	no	IlluminaHiSeq	Gnome	30936547	48225723	4884486871	45	116	ERR2726521			Jacob_Wirbel;Paolo_Manghi	24.0																																	t3n0m0																																																											ii													
WirbelJ_2018	CCMD95676152ST-11-0	CCMD95676152ST-11-0	stool		CRC	CRC	73.0		senior	male	DEU	no	IlluminaHiSeq	Gnome	30936547	78873477	7981205221	45	112	ERR2726525			Jacob_Wirbel;Paolo_Manghi	26.6																																	t2n0m0																																																											i													
WirbelJ_2018	CCMD98198513ST-11-0	CCMD98198513ST-11-0	stool		control	Health	59.0		adult	female	DEU	no	IlluminaHiSeq	Gnome	30936547	17214401	2121016251	45	138	ERR2726526			Jacob_Wirbel;Paolo_Manghi	32.3																																																																																																									
WirbelJ_2018	CCMD98531134ST-11-0	CCMD98531134ST-11-0	stool		CRC	CRC	59.0		adult	male	DEU	no	IlluminaHiSeq	Gnome	30936547	83656288	8588614425	45	114	ERR2726530			Jacob_Wirbel;Paolo_Manghi	26.5																																	t3n1m1																																																											iv													
WirbelJ_2018	CCMD98702133ST-11-0	CCMD98702133ST-11-0	stool		control	Health	37.0		adult	male	DEU	no	IlluminaHiSeq	Gnome	30936547	49904768	6287669339	45	139	ERR2726531			Jacob_Wirbel;Paolo_Manghi	24.5																																																																																																									
WirbelJ_2018	CCMD99440714ST-11-0	CCMD99440714ST-11-0	stool		control	Health	39.0		adult	male	DEU	no	IlluminaHiSeq	Gnome	30936547	41699249	5165380333	45	139	ERR2726532			Jacob_Wirbel;Paolo_Manghi	24.9																																																																																																									
WirbelJ_2018	CCMD99929634ST-11-0	CCMD99929634ST-11-0	stool		control	Health	70.0		senior	male	DEU	no	IlluminaHiSeq	Gnome	30936547	36973483	4478703765	45	138	ERR2726533			Jacob_Wirbel;Paolo_Manghi	26.7																																																																																																									
