study_name	sample_id	subject_id	body_site	antibiotics_current_use	study_condition	disease	age	infant_age	age_category	gender	country	non_westernized	sequencing_platform	DNA_extraction_kit	PMID	number_reads	number_bases	minimum_read_length	median_read_length	NCBI_accession	pregnant	lactating	curator	BMI	family	days_from_first_collection	family_role	born_method	feeding_practice	travel_destination	location	visit_number	premature	birth_weight	gestational_age	antibiotics_family	disease_subtype	days_after_onset	creatine	albumine	hscrp	ESR	treatment	ast	alt	globulin	urea_nitrogen	BASDAI	BASFI	alcohol	flg_genotype	population	menopausal_status	lifestyle	body_subsite	diet	tnm	triglycerides	hdl	ldl	hba1c	smoker	ever_smoker	dental_sample_type	history_of_periodontitis	PPD_M	PPD_B	PPD_D	PPD_L	fobt	disease_stage	disease_location	calprotectin	HBI	SCCAI	uncurated_metadata	mumps	cholesterol	c_peptide	glucose	creatinine	bilubirin	prothrombin_time	wbc	rbc	hemoglobinometry	remission	dyastolic_p	systolic_p	insulin_cat	adiponectin	glp_1	cd163	il_1	leptin	fgf_19	glutamate_decarboxylase_2_antibody	HLA	autoantibody_positive	age_seroconversion	age_T1D_diagnosis	hitchip_probe_class	fasting_insulin	fasting_glucose	protein_intake	stec_count	shigatoxin_2_elisa	stool_texture	anti_PD_1	mgs_richness	ferm_milk_prod_consumer	inr	ctp	birth_control_pil	c_section_type	ajcc	hla_drb12	hla_dqa12	hla_dqa11	hla_drb11	birth_order	age_twins_started_to_live_apart	zigosity	brinkman_index	alcohol_numeric	breastfeeding_duration	formula_first_day	ALT	eGFR
KarlssonFH_2013	S112	S112	stool	no	IGT	IGT	69.0		senior	female	SWE	no	IlluminaHiSeq		23719380	19348860	1954234860	101	101	ERR260249			Paolo_Manghi;Marisa_Metzger	24.9																	1.15																	95.70894677384	38.27625652224	31.69752493248	79.2																	202.2428448	1.83183	142.3422	65.0									no	22.2	0.1	932.26	0.0	12.2	115.77	0.0																																
KarlssonFH_2013	S118	S118	stool	no	control	Health	70.0		senior	female	SWE	no	IlluminaHiSeq		23719380	32745496	3307295096	101	101	ERR260250			Paolo_Manghi;Marisa_Metzger	32.7																	2.16																	47.85447338692	20.1847446504	57.86293466448	72.6																	212.2969824	1.53153	95.4954	74.0									no	12.3	0.7	522.14	0.0	23.0	108.38	1.8																																
KarlssonFH_2013	S121	S121	stool	no	control	Health	69.0		senior	female	SWE	no	IlluminaHiSeq		23719380	24783600	2503143600	101	101	ERR260251			Paolo_Manghi;Marisa_Metzger	29.7																	1.13																	43.1474760046	42.16368882528	31.54800830544	79.2																	200.3093568	2.7027	106.3062	68.0									no	12.2	0.8	767.02	0.0	72.1	156.83	0.1																																
KarlssonFH_2013	S126	S126	stool	no	control	Health	69.0		senior	female	DEU	no	IlluminaHiSeq		23719380	29518826	2981401426	101	101	ERR260252			Paolo_Manghi;Marisa_Metzger	18.6																	0.39																	77.66545680828	40.66852255488	52.330819464	81.4																	257.9272992	1.5015	81.081	63.0									no	15.6	0.1	806.45	0.0	4.75	100.46	0.7																																
KarlssonFH_2013	S127	S127	stool	no	control	Health	70.0		senior	female	SWE	no	IlluminaHiSeq		23719380	24554634	2480018034	101	101	ERR260253			Paolo_Manghi;Marisa_Metzger	26.6																	0.68																	90.2174498278	20.9323277856	62.34843347568	79.2																	235.4988384	3.42342	113.5134	114.0									no	11.7				25.4		0.7																																
KarlssonFH_2013	S131	S131	stool	no	IGT	IGT	69.0		senior	female	SWE	no	IlluminaHiSeq		23719380	25818192	2607637392	101	101	ERR260254			Paolo_Manghi;Marisa_Metzger	26.5																	26.51																	148.27041754308	15.6992458392	41.8646555712	83.6																	181.747872	5.34534	102.7026	71.0									no	7.0	1.4	1107.28	0.0	29.6	147.82	0.2																																
KarlssonFH_2013	S137	S137	stool	no	control	Health	70.0		senior	female	SWE	no	IlluminaHiSeq		23719380	8310416	797799936	96	96	ERR260268			Paolo_Manghi;Marisa_Metzger	23.2																	0.82																	72.17395986224	33.04317457584	74.60879689296	79.2																	294.6635712	2.16216	90.09	58.0									no	17.4	0.3	637.54	0.0	11.3	122.88	0.8																																
KarlssonFH_2013	S141	S141	stool	no	control	Health	69.0		senior	female	SWE	no	IlluminaHiSeq		23719380	19800586	1999859186	101	101	ERR260255			Paolo_Manghi;Marisa_Metzger	25.1																	1.9																	52.56147076924	38.27625652224	29.45477552688	77.0																	186.7749408	1.32132	82.8828	75.0									no	21.4	0.8	710.69	0.0	8.96	33.33	0.3																																
KarlssonFH_2013	S143	S143	stool	no	control	Health	69.0		senior	female	SWE	no	IlluminaHiSeq		23719380	29845020	3014347020	101	101	ERR260256			Paolo_Manghi;Marisa_Metzger	28.8																	0.56																	106.69194066592	33.94027433808	47.0977375176	81.4																	233.5653504	2.37237	88.2882	71.0									no	12.3	0.1	814.43	0.0	22.9	172.94	0.2																																
KarlssonFH_2013	S144	S144	stool	no	IGT	IGT	69.0		senior	female	SWE	no	IlluminaHiSeq		23719380	45073856	4552459456	101	101	ERR260257			Paolo_Manghi;Marisa_Metzger	24.0																	1.27																	79.23445593572	29.903325408	55.02211875072	83.6																	237.4323264	1.92192	104.5044	94.0									no	16.4	0.9	810.44	0.0	14.5	91.32	0.7																																
KarlssonFH_2013	S146	S146	stool	no	control	Health	69.0		senior	female	SWE	no	IlluminaHiSeq		23719380	23655754	2389231154	101	101	ERR260258			Paolo_Manghi;Marisa_Metzger	36.9																	7.68																	91.78644895524	20.48377790448	68.47861518432	81.4																	250.1933472	1.68168	81.081	72.0									no	21.1	0.1	918.41	0.0	42.6	85.29	0.4																																
KarlssonFH_2013	S153	S153	stool	no	control	Health	70.0		senior	female	DEU	no	IlluminaHiSeq		23719380	38903876	3929291476	101	101	ERR260259			Paolo_Manghi;Marisa_Metzger	21.6																	1.5																	32.94898167624	37.82770664112	62.19891684864	81.4																	266.0479488	1.47147	100.9008	63.0									no	27.6	0.4	639.78	0.0	6.16	66.99	0.5																																
KarlssonFH_2013	S155	S155	stool	no	control	Health	70.0		senior	female	FRA	no	IlluminaHiSeq		23719380	38363260	3874689260	101	101	ERR260260			Paolo_Manghi;Marisa_Metzger	21.5																	0.6																	65.11346378876	35.1364073544	42.31320545232	81.4																	215.0038656	2.1021	90.09	62.0									no	16.5	0.3	476.37	0.0	8.49	131.88	0.0																																
KarlssonFH_2013	S186	S186	stool	no	IGT	IGT	70.0		senior	female	SWE	no	IlluminaHiSeq		23719380	29658228	2995481028	101	101	ERR260262			Paolo_Manghi;Marisa_Metzger	23.6																	0.51																	47.0699738232	33.19269120288	41.8646555712	88.0																	204.5630304	1.65165	100.9008	52.0									no	20.1	1.4	608.62	0.0	11.4	172.68	0.2																																
KarlssonFH_2013	S187	S187	stool	no	control	Health	70.0		senior	female	SWE	no	IlluminaHiSeq		23719380	45176390	4562815390	101	101	ERR260263			Paolo_Manghi;Marisa_Metzger	24.6																	2.26																	92.57094851896	26.01589310496	60.85326720528	79.2																	245.552976	2.1021	95.4954	85.0									no	10.1	0.3	817.84	0.0	28.5	73.53	0.2																																
KarlssonFH_2013	S193	S193	stool	no	control	Health	70.0		senior	female	SWE	no	IlluminaHiSeq		23719380	49036084	4952644484	101	101	ERR260264			Paolo_Manghi;Marisa_Metzger	24.2																	0.71																	131.79592670496	34.3888242192	51.5832363288	88.0																	251.7401376	2.49249	104.5044	56.0									no	11.7	0.1	603.82	0.0	11.5	97.98	0.3																																
KarlssonFH_2013	S194	S194	stool	no	control	Health	70.0		senior	female	SWE	no	IlluminaHiSeq		23719380	44043924	4448436324	101	101	ERR260265			Paolo_Manghi;Marisa_Metzger	21.9																	0.21																	70.6049607348	26.61395961312	29.30525889984	83.6																	160.479504	2.82282	102.7026	80.0									no	14.4	1.4	807.93	0.0	15.1	73.58	0.0																																
KarlssonFH_2013	S195	S195	stool	no	control	Health	71.0		senior	female	SWE	no	IlluminaHiSeq		23719380	38875356	3926410956	101	101	ERR260266			Paolo_Manghi;Marisa_Metzger	28.4																	3.84																	103.55394241104	19.73619476928	49.78903680432	77.0																	203.01624	1.86186	90.09	71.0									no	11.4	3.4	657.49	0.0	27.0	111.89	0.1																																
KarlssonFH_2013	S198	S198	stool	no	control	Health	69.0		senior	female	SWE	no	IlluminaHiSeq		23719380	40382652	4078647852	101	101	ERR260267			Paolo_Manghi;Marisa_Metzger	26.1																	3.0																	80.01895549944	33.34220782992	52.77936934512	77.0																	240.9126048	2.61261	120.7206	72.0									no	17.1	0.9	1033.03	0.0	18.8	103.25	0.3																																
KarlssonFH_2013	S200	S200	stool	no	IGT	IGT	69.0		senior	female	SWE	no	IlluminaHiSeq		23719380	38103798	3848483598	101	101	ERR260228			Paolo_Manghi;Marisa_Metzger	29.2																	1.52																	163.17590925376	19.88571139632	42.31320545232	90.2																	197.215776	2.82282	104.5044	71.0									no	9.65	0.1	690.19	0.26	23.4	87.99	0.1																																
KarlssonFH_2013	S224	S224	stool	no	control	Health	69.0		senior	female	SWE	no	IlluminaHiSeq		23719380	19767240	1996491240	101	101	ERR260230			Paolo_Manghi;Marisa_Metzger	26.5																	7.03																	75.31195811712	19.13812826112	27.21202612128	81.4																	136.5042528	2.1021	102.7026	74.0									no	11.0	1.7	715.62	0.0	17.1	49.67	0.6																																
KarlssonFH_2013	S225	S225	stool	no	control	Health	70.0		senior	female	SWE	no	IlluminaHiSeq		23719380	20784914	2099276314	101	101	ERR260231			Paolo_Manghi;Marisa_Metzger	26.1																	13.56																	54.13046989668	31.3984916784	60.10568407008	79.2																	248.6465568	2.43243	113.5134	65.0									no	11.0	0.2	389.8	0.0	14.8	58.24	0.3																																
KarlssonFH_2013	S227	S227	stool	no	IGT	IGT	69.0		senior	female	SWE	no	IlluminaHiSeq		23719380	18666804	1885347204	101	101	ERR260232			Paolo_Manghi;Marisa_Metzger	24.0																	1.15																	65.89796335248	33.641241084	52.77936934512	79.2																	237.819024	1.74174	104.5044	68.0									no	15.7	1.7	766.81	0.0	30.3	297.92	0.9																																
KarlssonFH_2013	S229	S229	stool	no	IGT	IGT	69.0		senior	female	SWE	no	IlluminaHiSeq		23719380	20674898	2088164698	101	101	ERR260233			Paolo_Manghi;Marisa_Metzger	27.4																	5.67																	111.39893804824	23.02556056416	65.7873158976	77.0																	254.4470208	2.94294	86.4864	64.0									no	9.28	0.1	989.69	0.0	28.4	69.8	0.4																																
KarlssonFH_2013	S231	S231	stool	no	control	Health	70.0		senior	female	SWE	no	IlluminaHiSeq		23719380	24580092	2482589292	101	101	ERR260234			Paolo_Manghi;Marisa_Metzger	25.7																	1.49																	94.1399476464	27.21202612128	55.91921851296	68.2																	235.885536	2.25225	88.2882	64.0									no	15.8	0.8	592.01	0.0	21.7	65.28	0.2																																
KarlssonFH_2013	S239	S239	stool	no	IGT	IGT	71.0		senior	female	SWE	no	IlluminaHiSeq		23719380	20156288	2035785088	101	101	ERR260236			Paolo_Manghi;Marisa_Metzger	25.1																	1.36																	152.9774149254	18.09151187184	68.32909855728	72.6																	257.153904	2.52252	95.4954	65.0									no	16.8	1.8	699.12	0.0	16.1	91.03	56.6																																
KarlssonFH_2013	S243	S243	stool	no	IGT	IGT	70.0		senior	female	SWE	no	IlluminaHiSeq		23719380	27182734	2745456134	101	101	ERR260237			Paolo_Manghi;Marisa_Metzger	26.9																	4.11																	90.2174498278	35.1364073544	37.22964013296	74.8																	206.883216	2.34234	111.7116	69.0									no	15.2	1.4	458.06	0.0	35.2	125.85	1.3																																
KarlssonFH_2013	S249	S249	stool	no	IGT	IGT	70.0		senior	female	SWE	no	IlluminaHiSeq		23719380	10072012	966913152	96	96	ERR260269			Paolo_Manghi;Marisa_Metzger	23.1																	1.38																	54.13046989668	29.903325408	36.18302374368	99.0																	182.9079648	2.91291	88.2882	62.0									no	13.5	1.3	704.67	0.0	14.6	76.69	0.6																																
KarlssonFH_2013	S264	S264	stool	no	control	Health	69.0		senior	female	SWE	no	IlluminaHiSeq		23719380	15859028	1601761828	101	101	ERR260242			Paolo_Manghi;Marisa_Metzger	24.0																	0.63																	65.11346378876	31.69752493248	43.3598218416	81.4																	208.4300064	1.62162	90.09	72.0									no	30.2	1.1	522.79	0.0	14.7	146.48	0.2																																
KarlssonFH_2013	S268	S268	stool	no	control	Health	69.0		senior	female	SWE	no	IlluminaHiSeq		23719380	22742796	2297022396	101	101	ERR260243			Paolo_Manghi;Marisa_Metzger	25.1																	0.94																	72.95845942596	29.00622564576	60.40471732416	81.4																	247.486464	1.77177	106.3062	69.0									no	15.7	0.1	552.14	0.0	7.33	75.4	0.6																																
KarlssonFH_2013	S269	S269	stool	no	control	Health	70.0		senior	female	SWE	no	IlluminaHiSeq		23719380	19204028	1939606828	101	101	ERR260244			Paolo_Manghi;Marisa_Metzger	32.1																	1.12																	72.95845942596	37.22964013296	42.31320545232	74.8																	221.5777248	1.83183	106.3062	58.0									no	13.1	0.1	766.32	0.0	39.4	149.89	0.0																																
KarlssonFH_2013	S278	S278	stool	no	IGT	IGT	70.0		senior	female	NOR	no	IlluminaHiSeq		23719380	26841956	2711037556	101	101	ERR260245			Paolo_Manghi;Marisa_Metzger	33.9																	7.05																	55.69946902412	27.36154274832	68.32909855728	79.2																	259.8607872	2.43243	95.4954	64.0									no	14.1	0.8	745.27	0.0	44.9	90.97	0.6																																
KarlssonFH_2013	S288	S288	stool	no	control	Health	70.0		senior	female	SWE	no	IlluminaHiSeq		23719380	24650958	2489746758	101	101	ERR260246			Paolo_Manghi;Marisa_Metzger	26.1																	1.24																	89.43295026408	20.63329453152	37.52867338704	77.0																	170.146944	1.89189	120.7206	59.0									no	20.5	0.8	602.49	0.0	8.53	114.86	0.1																																
KarlssonFH_2013	S290	S290	stool	no	IGT	IGT	70.0		senior	female	SWE	no	IlluminaHiSeq		23719380	23278288	2351107088	101	101	ERR260247			Paolo_Manghi;Marisa_Metzger	23.8																	1.26																	183.57289791048	21.97894417488	47.69580402576	92.4																	220.8043296	2.67267	109.9098	77.0									no	10.1	0.9	702.19	0.0	20.1	455.48	0.4																																
KarlssonFH_2013	S299	S299	stool	no	IGT	IGT	70.0		senior	female	SWE	no	IlluminaHiSeq		23719380	22601588	2282760388	101	101	ERR260248			Paolo_Manghi;Marisa_Metzger	26.1																	0.67																	135.71842452356	21.23136103968	71.91749760624	88.0																	271.0750176	3.54354	82.8828	70.0									no	10.9	11.2	839.61	0.0	19.9	172.12	1.0																																
KarlssonFH_2013	S304	S304	stool	no	IGT	IGT	70.0		senior	female	SWE	no	IlluminaHiSeq		23719380	27288910	2756179910	101	101	ERR260132			Paolo_Manghi;Marisa_Metzger	29.1																	0.49																	70.6049607348	23.1750771912	34.3888242192	92.4																	164.34648	2.04204	102.7026	57.0									no	15.5				21.1		3.0																																
KarlssonFH_2013	S305	S305	stool	no	IGT	IGT	70.0		senior	female	SWE	no	IlluminaHiSeq		23719380	26377590	2664136590	101	101	ERR260133			Paolo_Manghi;Marisa_Metzger	21.5																	0.13																	106.69194066592	26.31492635904	58.46100117264	90.2																	242.8460928	1.83183	102.7026	54.0									no	20.7	1.6	617.9	4.64	7.01	202.04	0.8																																
KarlssonFH_2013	S312	S312	stool	no	IGT	IGT	70.0		senior	female	SWE	no	IlluminaHiSeq		23719380	147994042	14947398242	101	101	ERR260134			Paolo_Manghi;Marisa_Metzger	26.7																	3.14																	72.95845942596	34.98689072736	37.22964013296	79.2																	203.01624	2.13213	122.5224	73.0									no	23.3	0.4	688.31	0.0	36.0	79.48	0.9																																
KarlssonFH_2013	S317	S317	stool	no	IGT	IGT	70.0		senior	female	SWE	no	IlluminaHiSeq		23719380	138428860	13981314860	101	101	ERR260135			Paolo_Manghi;Marisa_Metzger	26.0																	0.83																	42.36297644088	36.78109025184	45.15402136608	83.6																	221.5777248	2.52252	108.108	92.0									no	13.2	0.1	501.25	0.0	28.0	260.83	0.1																																
KarlssonFH_2013	S327	S327	stool	no	IGT	IGT	70.0		senior	female	SWE	no	IlluminaHiSeq		23719380	25638112	2589449312	101	101	ERR260136			Paolo_Manghi;Marisa_Metzger	30.9																	0.49																	80.80345506316	34.98689072736	54.5735688696	74.8																	249.419952	2.31231	91.8918	76.0									no	15.6	0.0	889.07	0.0	38.5	77.77	2.0																																
KarlssonFH_2013	S330	S330	stool	no	IGT	IGT	70.0		senior	female	SWE	no	IlluminaHiSeq		23719380	19232142	1942446342	101	101	ERR260137			Paolo_Manghi;Marisa_Metzger	29.6																	2.26																	85.51045244548	32.59462469472	27.06250949424	74.8																	173.2405248	2.76276	106.3062	182.0									no	11.3	0.5	894.24	0.0	37.6	98.57	0.1																																
KarlssonFH_2013	S332	S332	stool	no	IGT	IGT	71.0		senior	female	SWE	no	IlluminaHiSeq		23719380	33969438	3430913238	101	101	ERR260138			Paolo_Manghi;Marisa_Metzger	29.2																	5.68																	74.5274585534	42.6122387064	47.8453206528	83.6																	250.5800448	4.05405	124.3242	112.0									no	24.6	1.1	894.44	0.0	57.1	344.52	0.1																																
KarlssonFH_2013	S342	S342	stool	no	IGT	IGT	70.0		senior	female	SWE	no	IlluminaHiSeq		23719380	8218862	789010752	96	96	ERR260272			Paolo_Manghi;Marisa_Metzger	22.3																	0.69																	61.19096597016	31.99655818656	49.78903680432	81.4																	225.0580032	2.13213	115.3152	67.0									no	20.6	0.5	564.43	0.0	6.21	125.01	0.0																																
KarlssonFH_2013	S347	S347	stool	no	IGT	IGT	71.0		senior	female	SWE	no	IlluminaHiSeq		23719380	24639634	2488603034	101	101	ERR260141			Paolo_Manghi;Marisa_Metzger	24.7																	0.69																	74.5274585534	31.54800830544	39.6219061656	72.6																	201.082752	2.22222	97.2972	63.0									no	13.0	1.0	941.35	0.85	22.5	202.14	0.0																																
KarlssonFH_2013	S349	S349	stool	no	IGT	IGT	70.0		senior	female	SWE	no	IlluminaHiSeq		23719380	24283274	2452610674	101	101	ERR260142			Paolo_Manghi;Marisa_Metzger	19.6																	10.06																	53.34597033296	27.95960925648	34.98689072736	59.4																	174.4006176	1.74174	97.2972	48.0									no	9.36	0.6	816.53	0.0	7.06	215.11	0.1																																
KarlssonFH_2013	S350	S350	stool	no	IGT	IGT	70.0		senior	female	SWE	no	IlluminaHiSeq		23719380	28209356	2849144956	101	101	ERR260143			Paolo_Manghi;Marisa_Metzger	28.2																	0.42																	80.01895549944	32.29559144064	42.91127196048	101.2																	212.2969824	2.07207	97.2972	61.0									no	12.9	0.9	559.14	0.0	23.3	52.1	0.2																																
KarlssonFH_2013	S354	S354	stool	no	IGT	IGT	70.0		senior	female	SVK	no	IlluminaHiSeq		23719380	28040928	2832133728	101	101	ERR260145			Paolo_Manghi;Marisa_Metzger	32.9																	0.85																	127.87342888636	21.97894417488	53.8259857344	81.4																	224.284608	3.09309	109.9098	58.0									no	9.67				31.7		0.7																																
KarlssonFH_2013	S356	S356	stool	no	IGT	IGT	70.0		senior	female	SWE	no	IlluminaHiSeq		23719380	27775412	2805316612	101	101	ERR260146			Paolo_Manghi;Marisa_Metzger	27.1																	4.48																	131.01142714124	29.00622564576	71.16991447104	83.6																	287.7030144	2.79279	73.8738	81.0									no	8.13	4.0	901.82	1.73	28.9	61.97	1.5																																
KarlssonFH_2013	S365	S365	stool	no	control	Health	71.0		senior	female	SWE	no	IlluminaHiSeq		23719380	27938300	2821768300	101	101	ERR260147			Paolo_Manghi;Marisa_Metzger	24.8																	1.18																	71.38946029852	35.73447386256	42.76175533344	88.0																	218.8708416	1.56156	104.5044	72.0									no	16.8	1.5	655.19	0.0	23.3	142.31	0.8																																
KarlssonFH_2013	S367	S367	stool	no	IGT	IGT	70.0		senior	female	SVK	no	IlluminaHiSeq		23719380	21879794	2209859194	101	101	ERR260148			Paolo_Manghi;Marisa_Metzger	32.3																	21.0																	498.1572229622	12.11084679024	43.06078858752	83.6																	253.286928	4.56456	70.2702	60.0									no	7.81				42.1		0.9																																
KarlssonFH_2013	S372	S372	stool	no	IGT	IGT	71.0		senior	female	SWE	no	IlluminaHiSeq		23719380	30132010	3043333010	101	101	ERR260150			Paolo_Manghi;Marisa_Metzger	39.7																	13.2																	121.5974323766	28.85670901872	72.21653086032	92.4																	288.4764096	3.003	104.5044	132.0									no	14.5	0.7	1007.16	0.55	91.8	253.72	0.9																																
KarlssonFH_2013	S381	S381	stool	no	control	Health	70.0		senior	female	SWE	no	IlluminaHiSeq		23719380	27835062	2811341262	101	101	ERR260153			Paolo_Manghi;Marisa_Metzger	25.8																	1.47																	98.062445465	18.54006175296	77.7486460608	74.8																	270.68832	1.77177	73.8738	74.0									no	19.2	3.8	1216.26	0.0	16.2	97.35	0.4																																
KarlssonFH_2013	S384	S384	stool	no	IGT	IGT	71.0		senior	female	SWE	no	IlluminaHiSeq		23719380	24607238	2485331038	101	101	ERR260154			Paolo_Manghi;Marisa_Metzger	32.8																	1.32																	168.6674061998	14.2040795688	33.79075771104	94.6																	161.2528992	4.8048	138.7386	72.0									no	5.64	0.0	1231.77	7.29	49.1	206.06	0.9																																
KarlssonFH_2013	S393	S393	stool	no	IGT	IGT	70.0		senior	female	SWE	no	IlluminaHiSeq		23719380	16672406	1683913006	101	101	ERR260156			Paolo_Manghi;Marisa_Metzger	29.5																	2.84																	271.43684904712	15.54972921216	47.0977375176	83.6																	222.35112	3.54354	95.4954	85.0									no	15.4	3.0	861.83	3.82	26.0	311.24	0.4																																
KarlssonFH_2013	S395	S395	stool	no	IGT	IGT	70.0		senior	female	SWE	no	IlluminaHiSeq		23719380	23324154	2355739554	101	101	ERR260157			Paolo_Manghi;Marisa_Metzger	30.4																	0.41																	97.27794590128	22.427494056	65.18924938944	77.0																	248.2598592	2.67267	100.9008	66.0									no	8.53	0.6	811.0	0.0	19.6	56.69	2.3																																
KarlssonFH_2013	S397	S397	stool	no	IGT	IGT	71.0		senior	female	SWE	no	IlluminaHiSeq		23719380	20860192	2106879392	101	101	ERR260158			Paolo_Manghi;Marisa_Metzger	27.4																	10.87																	78.449956372	16.4468289744	57.5639014104	79.2																	209.2034016	2.16216	93.6936	67.0									no	7.67	0.6	865.49	0.0	18.2	59.85	0.4																																
KarlssonFH_2013	S420	S420	stool	no	IGT	IGT	69.0		senior	female	SWE	no	IlluminaHiSeq		23719380	23103574	2333460974	101	101	ERR260160			Paolo_Manghi;Marisa_Metzger	25.6																	2.37																	79.23445593572	26.165409732	71.46894772512	81.4																	270.3016224	2.01201	99.099	73.0									no	21.6	0.1	771.32	0.0	10.9	109.15	0.5																																
KarlssonFH_2013	S424	S424	stool	no	control	Health	70.0		senior	female	SWE	no	IlluminaHiSeq		23719380	31866570	3218523570	101	101	ERR260163			Paolo_Manghi;Marisa_Metzger	35.1																	2.53																	128.65792845008	24.52072683456	54.27453561552	90.2																	232.4052576	4.41441	104.5044	69.0									no	9.78	4.5	1312.23	0.0	77.7	782.18	2.5																																
KarlssonFH_2013	S432	S432	stool	no	IGT	IGT	71.0		senior	female	SWE	no	IlluminaHiSeq		23719380	34934812	3528416012	101	101	ERR260164			Paolo_Manghi;Marisa_Metzger	27.8																	3.2																	203.18538700348	19.4371615152	61.89988359456	81.4																	255.220416	3.42342	97.2972	71.0									no	10.1	1.2	1179.49	2.73	37.8	100.73	0.3																																
KarlssonFH_2013	S441	S441	stool	no	IGT	IGT	70.0		senior	female	SWE	no	IlluminaHiSeq		23719380	46307042	4677011242	101	101	ERR260168			Paolo_Manghi;Marisa_Metzger	27.5																	2.0																	99.63144459244	21.38087766672	61.3018170864	88.0																	235.885536	2.94294	106.3062	70.0									no	11.8	0.9	727.64	9.56	29.7	102.69	0.1																																
KarlssonFH_2013	S451	S451	stool	no	control	Health	71.0		senior	female	SWE	no	IlluminaHiSeq		23719380	30299038	3060202838	101	101	ERR260170			Paolo_Manghi;Marisa_Metzger	20.4																	0.77																	38.44047862228	26.76347624016	25.56734322384	88.0																	143.8515072	0.93093	86.4864	58.0									no	13.1	1.7	660.47	0.0	2.17	61.66	0.3																																
KarlssonFH_2013	S456	S456	stool	no	control	Health	70.0		senior	female	SWE	no	IlluminaHiSeq		23719380	57713204	5829033604	101	101	ERR260171			Paolo_Manghi;Marisa_Metzger	23.7																	0.9																	49.42347251436	37.82770664112	53.37743585328	72.6																	247.0997664	1.92192	84.6846	54.0									no	26.3	0.1	559.32	0.0	6.98	155.23	1.1																																
KarlssonFH_2013	S457	S457	stool	no	IGT	IGT	71.0		senior	female	SWE	no	IlluminaHiSeq		23719380	54090994	5463190394	101	101	ERR260172			Paolo_Manghi;Marisa_Metzger	28.3																	1.21																	98.84694502872	22.27797742896	42.76175533344	92.4																	190.2552192	2.13213	117.117	64.0									no	8.9	0.4	791.41	5.77	29.5	273.73	0.0																																
KarlssonFH_2013	S463	S463	stool	no	control	Health	71.0		senior	female	SWE	no	IlluminaHiSeq		23719380	31699834	3201683234	101	101	ERR260175			Paolo_Manghi;Marisa_Metzger	31.0																	2.48																	123.16643150404	20.63329453152	32.74414132176	88.0																	165.5065728	3.18318	120.7206	61.0									no	6.1	1.2	523.9	1.42	40.4	48.04	0.1																																
KarlssonFH_2013	S472	S472	stool	no	IGT	IGT	70.0		senior	female	SWE	no	IlluminaHiSeq		23719380	42926714	4335598114	101	101	ERR260177			Paolo_Manghi;Marisa_Metzger	33.3																	2.52																	122.38193194032	25.71685985088	40.66852255488	57.2																	199.149264	2.97297	99.099	72.0									no	12.7	0.5	711.86	0.0	35.8	71.51	0.0																																
KarlssonFH_2013	S479	S479	stool	no	control	Health	71.0		senior	female	SWE	no	IlluminaHiSeq		23719380	31942632	3226205832	101	101	ERR260180			Paolo_Manghi;Marisa_Metzger	28.8																	1.78																	279.28184468432	15.84876246624	46.05112112832	92.4																	221.9644224	4.11411	104.5044	74.0									no	10.7	1.7	862.85	0.0	25.7	149.5	0.5																																
KarlssonFH_2013	S485	S485	stool	no	IGT	IGT	69.0		senior	female	SWE	no	IlluminaHiSeq		23719380	11362750	1090824000	96	96	ERR260275			Paolo_Manghi;Marisa_Metzger	23.4																	0.58																	87.07945157292	13.15746317952	44.854988112	77.0																	169.3735488	3.48348	104.5044	70.0									no	9.61	0.7	717.03	0.0	15.8	295.9	0.4																																
KarlssonFH_2013	S487	S487	stool	no	IGT	IGT	71.0		senior	female	SWE	no	IlluminaHiSeq		23719380	45755364	4621291764	101	101	ERR260183			Paolo_Manghi;Marisa_Metzger	21.2																	99.22																	57.26846815156	24.81976008864	37.08012350592	79.2																	172.8538272	1.62162	86.4864	61.0									no	10.9	2.2	465.58	0.0	3.59	544.12	0.3																																
KarlssonFH_2013	S488	S488	stool	no	IGT	IGT	70.0		senior	female	SWE	no	IlluminaHiSeq		23719380	43030594	4346089994	101	101	ERR260184			Paolo_Manghi;Marisa_Metzger	19.9																	1.46																	58.837467279	24.6702434616	50.8356531936	96.8																	208.4300064	1.62162	91.8918	70.0									no	21.8	0.2	356.51	0.0	7.28	140.3	0.5																																
KarlssonFH_2013	S51	S51	stool	no	IGT	IGT	69.0		senior	female	SWE	no	IlluminaHiSeq		23719380	21306442	2151950642	101	101	ERR260187			Paolo_Manghi;Marisa_Metzger	28.8																	0.93																	174.15890314584	27.06250949424	43.3598218416	77.0																	221.1910272	2.1021	118.9188	72.0									no	15.2	1.2	254.49	0.0	14.1	155.25	0.5																																
KarlssonFH_2013	S53	S53	stool	no	control	Health	70.0		senior	female	SWE	no	IlluminaHiSeq		23719380	27943736	2822317336	101	101	ERR260193			Paolo_Manghi;Marisa_Metzger	21.3																	1.25																	80.80345506316	24.37121020752	48.89193704208	83.6																	207.6566112	1.5015	75.6756	76.0									no	12.0				5.28		0.7																																
KarlssonFH_2013	S54	S54	stool	no	IGT	IGT	69.0		senior	female	SWE	no	IlluminaHiSeq		23719380	27122662	2739388862	101	101	ERR260195			Paolo_Manghi;Marisa_Metzger	21.1																	0.99																	45.50097469576	37.82770664112	18.68957838	81.4																	156.2258304	1.5015	91.8918	72.0									no	11.9				3.92		0.4																																
KarlssonFH_2013	S547	S547	stool	no	IGT	IGT	70.0		senior	female	SWE	no	IlluminaHiSeq		23719380	41104258	4151530058	101	101	ERR260197			Paolo_Manghi;Marisa_Metzger	24.3																	0.64																	94.1399476464	24.22169358048	51.43371970176	83.6																	216.1639584	2.64264	86.4864	64.0									no	7.3				20.6		0.2																																
KarlssonFH_2013	S558	S558	stool	no	IGT	IGT	71.0		senior	female	SWE	no	IlluminaHiSeq		23719380	35211294	3556340694	101	101	ERR260200			Paolo_Manghi;Marisa_Metzger	25.5																	1.1																	61.97546553388	38.27625652224	35.8839904896	74.8																	205.3364256	2.13213	131.5314	58.0									no	18.8				22.9		0.2																																
KarlssonFH_2013	S58	S58	stool	no	control	Health	70.0		senior	female	ISL	no	IlluminaHiSeq		23719380	26426600	2669086600	101	101	ERR260204			Paolo_Manghi;Marisa_Metzger	31.9																	13.16																	84.72595288176	27.81009262944	47.39677077168	77.0																	213.0703776	2.55255		69.0									no	9.7	1.2	1184.81	0.0	44.0	56.47	0.1																																
KarlssonFH_2013	S584	S584	stool	no	control	Health	70.0		senior	female	SWE	no	IlluminaHiSeq		23719380	29998756	3029874356	101	101	ERR260205			Paolo_Manghi;Marisa_Metzger	21.6																	1.86																	96.49344633756	30.94994179728	49.04145366912	70.4																	228.5382816	1.89189	84.6846	89.0									no	11.9				5.6		1.7																																
KarlssonFH_2013	S59	S59	stool	no	control	Health	69.0		senior	female	SWE	no	IlluminaHiSeq		23719380	24920030	2516923030	101	101	ERR260209			Paolo_Manghi;Marisa_Metzger	18.2																	0.34																	61.19096597016	49.3404869232	26.165409732	77.0																	208.816704	1.23123	97.2972	60.0									no	19.0	0.4	675.62	0.0	3.58	89.17	0.6																																
KarlssonFH_2013	S60	S60	stool	no	IGT	IGT	69.0		senior	female	SWE	no	IlluminaHiSeq		23719380	29849304	3014779704	101	101	ERR275251;ERR260212			Paolo_Manghi;Marisa_Metzger	27.9																	4.55																	57.26846815156	23.62362707232	53.37743585328	88.0																	211.9102848	2.79279	100.9008	53.0									no	7.34	0.1	966.14	0.0	49.4	99.15	0.3																																
KarlssonFH_2013	S600	S600	stool	no	IGT	IGT	71.0		senior	female	SWE	no	IlluminaHiSeq		23719380	30743224	3105065624	101	101	ERR260211			Paolo_Manghi;Marisa_Metzger	24.8																	1.53																	94.1399476464	23.32459381824	30.20235866208	81.4																	159.3194112	2.82282	115.3152	76.0									no	12.1				21.4		1.2																																
KarlssonFH_2013	S614	S614	stool	no	control	Health	71.0		senior	female	SWE	no	IlluminaHiSeq		23719380	15306548	1545961348	101	101	ERR260215			Paolo_Manghi;Marisa_Metzger	20.6																	0.94																	71.38946029852	39.17335628448	55.3211520048	77.0																	260.6341824	1.92192	95.4954	66.0									no	28.0	1.7	1224.79	0.0	12.5	158.25	0.4																																
KarlssonFH_2013	S617	S617	stool	no	control	Health	71.0		senior	female	SWE	no	IlluminaHiSeq		23719380	9698560	979554560	101	101	ERR260216			Paolo_Manghi;Marisa_Metzger	23.1																	2.04																	72.17395986224	22.87604393712	58.3114845456	81.4																	226.218096	2.19219	106.3062	76.0									no	14.8	1.4	655.61	6.0	15.4	168.9	0.2																																
KarlssonFH_2013	S618	S618	stool	no	control	Health	71.0		senior	female	SWE	no	IlluminaHiSeq		23719380	16826714	1699498114	101	101	ERR260217			Paolo_Manghi;Marisa_Metzger	21.8																	1.09																	90.2174498278	25.56734322384	52.330819464	72.6																	221.5777248	1.98198	93.6936	59.0									no	11.8	0.9	333.52	0.0	12.5	54.27	0.1																																
KarlssonFH_2013	S628	S628	stool	no	control	Health	71.0		senior	female	SWE	no	IlluminaHiSeq		23719380	13839180	1397757180	101	101	ERR260218			Paolo_Manghi;Marisa_Metzger	25.8																	14.92																	53.34597033296	34.98689072736	51.28420307472	74.8																	235.1121408	1.59159	95.4954	44.0									no	11.9	0.3	913.25	0.63	21.3	67.19	0.9																																
KarlssonFH_2013	S638	S638	stool	no	IGT	IGT	71.0		senior	female	SWE	no	IlluminaHiSeq		23719380	11425522	1153977722	101	101	ERR260219			Paolo_Manghi;Marisa_Metzger	22.4																	1.26																	49.42347251436	41.71513894416	53.37743585328	77.0																	257.153904	1.65165	104.5044	60.0									no	10.5	0.1	690.95	2.05	8.12	306.87	0.5																																
KarlssonFH_2013	S640	S640	stool	no	IGT	IGT	71.0		senior	female	SWE	no	IlluminaHiSeq		23719380	25319242	2557243442	101	101	ERR260220			Paolo_Manghi;Marisa_Metzger	25.0																	0.71																	65.89796335248	41.41610569008	24.81976008864	74.8																	186.0015456	2.25225	118.9188	69.0									no	14.4	1.0	567.92	1.02	13.2	55.88	0.6																																
KarlssonFH_2013	S643	S643	stool	no	control	Health	70.0		senior	female	SWE	no	IlluminaHiSeq		23719380	15307646	1546072246	101	101	ERR260221			Paolo_Manghi;Marisa_Metzger	27.4																	2.77																	55.69946902412	30.80042517024	42.76175533344	79.2																	202.6295424	1.53153	106.3062	59.0									no	34.8	0.1	867.17	0.0	10.1	220.89	0.2																																
KarlssonFH_2013	S646	S646	stool	no	IGT	IGT	71.0		senior	female	SWE	no	IlluminaHiSeq		23719380	14215080	1435723080	101	101	ERR260222			Paolo_Manghi;Marisa_Metzger	31.9																	2.4																	160.03791099888	12.85842992544	39.32287291152	77.0																	170.5336416	3.75375	102.7026	64.0									no	7.49	1.5	585.88	0.0	23.4	188.26	0.3																																
KarlssonFH_2013	S655	S655	stool	no	control	Health	71.0		senior	female	SWE	no	IlluminaHiSeq		23719380	12535874	1266123274	101	101	ERR260223			Paolo_Manghi;Marisa_Metzger	27.1																	3.52																	69.03596160736	26.76347624016	47.99483727984	83.6																	208.4300064	1.65165	102.7026	72.0									no	11.7	0.3	464.81	1.65	15.1	120.59	0.0																																
KarlssonFH_2013	S77	S77	stool	no	control	Health	69.0		senior	female	SWE	no	IlluminaHiSeq		23719380	27378948	2765273748	101	101	ERR260224			Paolo_Manghi;Marisa_Metzger	33.2																	1.69																	43.1474760046	26.01589310496	63.544566492	94.6																	241.2993024	2.43243	99.099	63.0									no	24.8	0.1	1006.04	0.6	28.5	72.0	0.5																																
KarlssonFH_2013	S80	S80	stool	no	control	Health	70.0		senior	female	SWE	no	IlluminaHiSeq		23719380	18620022	1880622222	101	101	ERR260225			Paolo_Manghi;Marisa_Metzger	27.5																	0.83																	112.96793717568	24.07217695344	47.0977375176	77.0																	209.2034016	2.43243	106.3062	69.0									no	11.3	1.1	1163.37	0.14	28.2	100.14	0.4																																
KarlssonFH_2013	S88	S88	stool	no	control	Health	69.0		senior	female	SWE	no	IlluminaHiSeq		23719380	27299226	2757221826	101	101	ERR260226			Paolo_Manghi;Marisa_Metzger	21.1																	2.98																	61.19096597016	32.8936579488	44.854988112	83.6																	214.617168	1.74174	102.7026	63.0									no	19.0				7.14		0.2																																
KarlssonFH_2013	S92	S92	stool	no	control	Health	69.0		senior	female	SWE	no	IlluminaHiSeq		23719380	21940486	2215989086	101	101	ERR260227			Paolo_Manghi;Marisa_Metzger	22.6																	1.02																	80.80345506316	28.4081591376	55.76970188592	83.6																	235.885536	2.16216	90.09	70.0									no	17.8				14.7		0.9																																
