study_name	sample_id	subject_id	body_site	antibiotics_current_use	study_condition	disease	age	infant_age	age_category	gender	country	non_westernized	sequencing_platform	DNA_extraction_kit	PMID	number_reads	number_bases	minimum_read_length	median_read_length	NCBI_accession	pregnant	lactating	curator	BMI	family	days_from_first_collection	family_role	born_method	feeding_practice	travel_destination	location	visit_number	premature	birth_weight	gestational_age	antibiotics_family	disease_subtype	days_after_onset	creatine	albumine	hscrp	ESR	treatment	ast	alt	globulin	urea_nitrogen	BASDAI	BASFI	alcohol	flg_genotype	population	menopausal_status	lifestyle	body_subsite	diet	tnm	triglycerides	hdl	ldl	hba1c	smoker	ever_smoker	dental_sample_type	history_of_periodontitis	PPD_M	PPD_B	PPD_D	PPD_L	fobt	disease_stage	disease_location	calprotectin	HBI	SCCAI	uncurated_metadata	mumps	cholesterol	c_peptide	glucose	creatinine	bilubirin	prothrombin_time	wbc	rbc	hemoglobinometry	remission	dyastolic_p	systolic_p	insulin_cat	adiponectin	glp_1	cd163	il_1	leptin	fgf_19	glutamate_decarboxylase_2_antibody	HLA	autoantibody_positive	age_seroconversion	age_T1D_diagnosis	hitchip_probe_class	fasting_insulin	fasting_glucose	protein_intake	stec_count	shigatoxin_2_elisa	stool_texture	anti_PD_1	mgs_richness	ferm_milk_prod_consumer	inr	ctp	birth_control_pil	c_section_type	ajcc	hla_drb12	hla_dqa12	hla_dqa11	hla_drb11	birth_order	age_twins_started_to_live_apart	zigosity	brinkman_index	alcohol_numeric	breastfeeding_duration	formula_first_day	ALT	eGFR
YachidaS_2019	SAMD00115015	sub_10023	stool		control	Health	65.0		adult	male	JPN	no	IlluminaHiSeq		31171880	53354508	7526567159	50	150				Paolo_Manghi	26.5625																																																																																																				660.0	0.0				
YachidaS_2019	SAMD00115025	sub_10025	stool		control	Health	40.0		adult	male	JPN	no	IlluminaHiSeq		31171880	44355082	6499155721	50	150				Paolo_Manghi	25.0																																																																																																				400.0	993.0				
YachidaS_2019	SAMD00115027	sub_10029	stool		control	Health	67.0		senior	female	JPN	no	IlluminaHiSeq		31171880	51664530	7528357389	50	150				Paolo_Manghi	20.17325264																																																																																																				0.0	0.0				
YachidaS_2019	SAMD00114971	sub_10031	stool		control	Health	77.0		senior	male	JPN	no	IlluminaHiSeq		31171880	41373138	5900413901	50	150				Paolo_Manghi	24.4646016																																																																																																				300.0	813.0				
YachidaS_2019	SAMD00115039	sub_10034	stool		carcinoma_surgery_history	carcinoma_surgery_history	74.0		senior	female	JPN	no	IlluminaHiSeq		31171880	62497856	8824181174	50	150				Paolo_Manghi	23.80480063																																																																																																				0.0	0.0				
YachidaS_2019	SAMD00114968	sub_10036	stool		control	Health	64.0		adult	female	JPN	no	IlluminaHiSeq		31171880	58630590	8209733697	50	150				Paolo_Manghi	21.1552942																																																																																																				0.0	0.0				
YachidaS_2019	SAMD00114970	sub_10037	stool		control	Health	66.0		senior	female	JPN	no	IlluminaHiSeq		31171880	56880756	8039395131	50	150				Paolo_Manghi	25.41089965																																																																																																				0.0	423.9				
YachidaS_2019	SAMD00115016	sub_10038	stool		control	Health	66.0		senior	female	JPN	no	IlluminaHiSeq		31171880	53721284	7706954871	50	150				Paolo_Manghi	19.06771066																																																																																																				8.0	389.9				
YachidaS_2019	SAMD00115017	sub_10040	stool		control	Health	66.0		senior	female	JPN	no	IlluminaHiSeq		31171880	14386194	2043106940	50	150				Paolo_Manghi	21.64127424																																																																																																				0.0	121.95				
YachidaS_2019	SAMD00115019	sub_10046	stool		control	Health	65.0		adult	male	JPN	no	IlluminaHiSeq		31171880	59909810	8365750994	50	150				Paolo_Manghi	23.66524436																																																																																																				930.0	921.643				
YachidaS_2019	SAMD00115023	sub_10048	stool		control	Health	77.0		senior	female	JPN	no	IlluminaHiSeq		31171880	53530490	7559306882	50	150				Paolo_Manghi	23.63403301																																																																																																				0.0	0.0				
YachidaS_2019	SAMD00114973	sub_10052	stool		control	Health	65.0		adult	male	JPN	no	IlluminaHiSeq		31171880	67261062	9474354102	50	150				Paolo_Manghi	25.39343112																																																																																																				1290.0	38.5714				
YachidaS_2019	SAMD00115018	sub_10058	stool		control	Health	59.0		adult	male	JPN	no	IlluminaHiSeq		31171880	65036026	9035285445	50	150				Paolo_Manghi	28.84153181																																																																																																				260.0	993.0				
YachidaS_2019	SAMD00115022	sub_10060	stool		control	Health	73.0		senior	female	JPN	no	IlluminaHiSeq		31171880	56154694	7510078593	50	150				Paolo_Manghi	20.703125																																																																																																				0.0	0.0				
YachidaS_2019	SAMD00115064	sub_10066	stool		carcinoma_surgery_history	carcinoma_surgery_history	56.0		adult	male	JPN	no	IlluminaHiSeq		31171880	36746354	5319149232	50	150				Paolo_Manghi	22.20408163																																																																																																				330.0	240.0				
YachidaS_2019	SAMD00115060	sub_10076	stool		carcinoma_surgery_history	carcinoma_surgery_history	73.0		senior	male	JPN	no	IlluminaHiSeq		31171880	68444598	9541637746	50	150				Paolo_Manghi	26.57312925																																																																																																				930.0	1173.0				
YachidaS_2019	SAMD00115061	sub_10077	stool		carcinoma_surgery_history	carcinoma_surgery_history	69.0		senior	male	JPN	no	IlluminaHiSeq		31171880	43866058	6189869713	50	150				Paolo_Manghi	22.86253448																																																																																																				340.0	0.0				
YachidaS_2019	SAMD00115062	sub_10078	stool		carcinoma_surgery_history	carcinoma_surgery_history	68.0		senior	female	JPN	no	IlluminaHiSeq		31171880	50165802	7129710170	50	150				Paolo_Manghi	19.53125																																																																																																				75.0	0.0				
YachidaS_2019	SAMD00114997	sub_10080	stool		control	Health	74.0		senior	male	JPN	no	IlluminaHiSeq		31171880	55367955	7918737006	50	150				Paolo_Manghi	20.68515024																																																																																																				0.0	0.0				
YachidaS_2019	SAMD00115063	sub_10084	stool		carcinoma_surgery_history	carcinoma_surgery_history	70.0		senior	female	JPN	no	IlluminaHiSeq		31171880	50310518	7305470037	50	150				Paolo_Manghi	20.703125																																																																																																				140.0	847.9				
YachidaS_2019	SAMD00115032	sub_10092	stool		control	Health	79.0		senior	female	JPN	no	IlluminaHiSeq		31171880	57373182	8184155786	50	150				Paolo_Manghi	24.44444444																																																																																																				0.0	0.0				
YachidaS_2019	SAMD00115065	sub_10096	stool		carcinoma_surgery_history	carcinoma_surgery_history	69.0		senior	male	JPN	no	IlluminaHiSeq		31171880	43939218	6419819557	50	150				Paolo_Manghi	21.30681818																																																																																																				420.0	52.2643				
YachidaS_2019	SAMD00114998	sub_10100	stool		control	Health	70.0		senior	male	JPN	no	IlluminaHiSeq		31171880	49149970	7120548014	50	150				Paolo_Manghi	23.66143862																																																																																																				400.0	294.45				
YachidaS_2019	SAMD00114995	sub_10105	stool		control	Health	66.0		senior	female	JPN	no	IlluminaHiSeq		31171880	50935818	7360510372	50	150				Paolo_Manghi	19.55555556																																																																																																				0.0	13.3333				
YachidaS_2019	SAMD00114996	sub_10106	stool		control	Health	72.0		senior	female	JPN	no	IlluminaHiSeq		31171880	51547602	7418247254	50	150				Paolo_Manghi	22.37034332																																																																																																				0.0	0.0				
YachidaS_2019	SAMD00115033	sub_10107	stool		control	Health	70.0		senior	male	JPN	no	IlluminaHiSeq		31171880	46308278	6604286581	50	150				Paolo_Manghi	29.76083761																																																																																																				900.0	210.0				
YachidaS_2019	SAMD00114736	sub_10114	stool		control	Health	55.0		adult	female	JPN	no	IlluminaHiSeq		31171880	43835402	6029699550	50	150				Paolo_Manghi	23.55555556																																																																																																				0.0	0.0				
YachidaS_2019	SAMD00115036	sub_10115	stool		carcinoma_surgery_history	carcinoma_surgery_history	40.0		adult	female	JPN	no	IlluminaHiSeq		31171880	33317762	4853078562	50	150				Paolo_Manghi	20.02884153																																																																																																				98.0	0.0				
YachidaS_2019	SAMD00115037	sub_10120	stool		carcinoma_surgery_history	carcinoma_surgery_history	38.0		adult	female	JPN	no	IlluminaHiSeq		31171880	32478934	4778083915	50	150				Paolo_Manghi	18.13201651																																																																																																				0.0	0.0				
YachidaS_2019	SAMD00114745	sub_10132	stool		control	Health	50.0		adult	male	JPN	no	IlluminaHiSeq		31171880	28652686	4203490367	50	150				Paolo_Manghi	24.81632653																																																																																																				300.0	212.786				
YachidaS_2019	SAMD00114747	sub_10135	stool		control	Health	65.0		adult	male	JPN	no	IlluminaHiSeq		31171880	57497470	7494594526	50	150				Paolo_Manghi	24.28097534																																																																																																				1400.0	66.0				
YachidaS_2019	SAMD00114832	sub_10144	stool		control	Health	77.0		senior	female	JPN	no	IlluminaHiSeq		31171880	40953668	5984367815	50	150				Paolo_Manghi	21.28742654																																																																																																				0.0	0.0				
YachidaS_2019	SAMD00114741	sub_10150	stool		control	Health	78.0		senior	female	JPN	no	IlluminaHiSeq		31171880	75890344	10455593606	50	150				Paolo_Manghi	24.03440715																																																																																																				0.0	0.0				
YachidaS_2019	SAMD00114833	sub_10151	stool		control	Health	59.0		adult	female	JPN	no	IlluminaHiSeq		31171880	38204316	5603688139	50	150				Paolo_Manghi	22.22222222																																																																																																				0.0	0.0				
YachidaS_2019	SAMD00114757	sub_10158	stool		control	Health	61.0		adult	male	JPN	no	IlluminaHiSeq		31171880	64105400	8963537192	50	150				Paolo_Manghi	26.2335558																																																																																																				2400.0	0.0				
YachidaS_2019	SAMD00114834	sub_10169	stool		control	Health	76.0		senior	male	JPN	no	IlluminaHiSeq		31171880	40112171	5865243226	50	150				Paolo_Manghi	22.10028959																																																																																																				600.0	5.6				
YachidaS_2019	SAMD00114815	sub_10183	stool		control	Health	68.0		senior	male	JPN	no	IlluminaHiSeq		31171880	35589834	5234257605	50	150				Paolo_Manghi	23.7953599																																																																																																				3200.0	1953.0				
YachidaS_2019	SAMD00114974	sub_10188	stool		control	Health	71.0		senior	female	JPN	no	IlluminaHiSeq		31171880	54696311	6965158871	50	150				Paolo_Manghi	18.01720643																																																																																																				0.0	0.0				
YachidaS_2019	SAMD00114979	sub_10200	stool		control	Health	49.0		adult	female	JPN	no	IlluminaHiSeq		31171880	57805020	8070257635	50	150				Paolo_Manghi	19.6311176																																																																																																				0.0	62.1214				
YachidaS_2019	SAMD00114769	sub_10206	stool		control	Health	71.0		senior	male	JPN	no	IlluminaHiSeq		31171880	54530440	7847902371	50	150				Paolo_Manghi	25.15589569																																																																																																				1520.0	633.0				
YachidaS_2019	SAMD00114770	sub_10207	stool		control	Health	73.0		senior	male	JPN	no	IlluminaHiSeq		31171880	78080141	11071213007	50	150				Paolo_Manghi	25.81663021																																																																																																				960.0	549.9				
YachidaS_2019	SAMD00114771	sub_10208	stool		control	Health	77.0		senior	male	JPN	no	IlluminaHiSeq		31171880	34556990	5014169854	50	150				Paolo_Manghi	24.609375																																																																																																				400.0	1320.0				
YachidaS_2019	SAMD00114975	sub_10212	stool		control	Health	70.0		senior	male	JPN	no	IlluminaHiSeq		31171880	53365044	7307050989	50	150				Paolo_Manghi	29.27099403																																																																																																				1000.0	70.7143				
YachidaS_2019	SAMD00114773	sub_10215	stool		control	Health	78.0		senior	female	JPN	no	IlluminaHiSeq		31171880	39030582	5383000147	50	150				Paolo_Manghi	20.42941836																																																																																																				0.0	0.0				
YachidaS_2019	SAMD00114718	sub_10219	stool		control	Health	68.0		senior	male	JPN	no	IlluminaHiSeq		31171880	84641274	11889864466	50	150				Paolo_Manghi	21.383942																																																																																																				1290.0	0.0				
YachidaS_2019	SAMD00115040	sub_10220	stool		carcinoma_surgery_history	carcinoma_surgery_history	67.0		senior	female	JPN	no	IlluminaHiSeq		31171880	57387984	8100266925	50	150				Paolo_Manghi	22.82996433																																																																																																				0.0	0.0				
YachidaS_2019	SAMD00114976	sub_10221	stool		control	Health	70.0		senior	male	JPN	no	IlluminaHiSeq		31171880	50778298	7169906876	50	150				Paolo_Manghi	22.0603538																																																																																																				0.0	687.0				
YachidaS_2019	SAMD00114977	sub_10223	stool		control	Health	66.0		senior	male	JPN	no	IlluminaHiSeq		31171880	64633338	9042731896	50	150				Paolo_Manghi	23.66524436																																																																																																				1200.0	270.0				
YachidaS_2019	SAMD00114719	sub_10226	stool		control	Health	60.0		adult	male	JPN	no	IlluminaHiSeq		31171880	47470646	6605044144	50	150				Paolo_Manghi	22.22906193																																																																																																				100.0	933.0				
YachidaS_2019	SAMD00114720	sub_10229	stool		control	Health	66.0		senior	male	JPN	no	IlluminaHiSeq		31171880	35960640	5303768237	50	150				Paolo_Manghi	24.6097337																																																																																																				1800.0	993.0				
YachidaS_2019	SAMD00115042	sub_10230	stool		carcinoma_surgery_history	carcinoma_surgery_history	50.0		adult	female	JPN	no	IlluminaHiSeq		31171880	53604706	7590793733	50	150				Paolo_Manghi	27.99302203																																																																																																				0.0	0.0				
YachidaS_2019	SAMD00114721	sub_10231	stool		control	Health	72.0		senior	male	JPN	no	IlluminaHiSeq		31171880	63387808	9103761343	50	150				Paolo_Manghi	25.20920136																																																																																																				300.0	556.5				
YachidaS_2019	SAMD00115043	sub_10233	stool		carcinoma_surgery_history	carcinoma_surgery_history	55.0		adult	male	JPN	no	IlluminaHiSeq		31171880	45424794	6453599372	50	150				Paolo_Manghi	19.37716263																																																																																																				960.0	1296.0				
YachidaS_2019	SAMD00114984	sub_10235	stool		control	Health	62.0		adult	female	JPN	no	IlluminaHiSeq		31171880	43677986	6203963904	50	150				Paolo_Manghi	22.64086462																																																																																																				420.0	369.9				
YachidaS_2019	SAMD00115041	sub_10241	stool		carcinoma_surgery_history	carcinoma_surgery_history	42.0		adult	female	JPN	no	IlluminaHiSeq		31171880	46026496	6513772705	50	150				Paolo_Manghi	19.43301326																																																																																																				130.0	0.0				
YachidaS_2019	SAMD00114800	sub_10244	stool		control	Health	74.0		senior	male	JPN	no	IlluminaHiSeq		31171880	74972038	10264722639	50	150				Paolo_Manghi	25.05930703																																																																																																				0.0	180.0				
YachidaS_2019	SAMD00114982	sub_10246	stool		control	Health	64.0		adult	female	JPN	no	IlluminaHiSeq		31171880	41304672	5877007992	50	150				Paolo_Manghi	23.19109462																																																																																																				760.0	360.0				
YachidaS_2019	SAMD00114795	sub_10250	stool		control	Health	47.0		adult	male	JPN	no	IlluminaHiSeq		31171880	48706320	7112691790	50	150				Paolo_Manghi	20.67901235																																																																																																				0.0	316.5				
YachidaS_2019	SAMD00115045	sub_10252	stool		carcinoma_surgery_history	carcinoma_surgery_history	55.0		adult	female	JPN	no	IlluminaHiSeq		31171880	53585084	7594968737	50	150				Paolo_Manghi	18.82711104																																																																																																				0.0	633.0				
YachidaS_2019	SAMD00114986	sub_10254	stool		control	Health	67.0		senior	female	JPN	no	IlluminaHiSeq		31171880	54471736	7823100676	50	150				Paolo_Manghi	19.67516685																																																																																																				0.0	22.9267				
YachidaS_2019	SAMD00115046	sub_10255	stool		carcinoma_surgery_history	carcinoma_surgery_history	64.0		adult	female	JPN	no	IlluminaHiSeq		31171880	55279258	7836950536	50	150				Paolo_Manghi	24.77679525																																																																																																				0.0	0.0				
YachidaS_2019	SAMD00115047	sub_10256	stool		carcinoma_surgery_history	carcinoma_surgery_history	70.0		senior	male	JPN	no	IlluminaHiSeq		31171880	35984162	5030076085	50	150				Paolo_Manghi	27.35884546																																																																																																				560.0	687.0				
YachidaS_2019	SAMD00114796	sub_10258	stool		control	Health	42.0		adult	male	JPN	no	IlluminaHiSeq		31171880	80340550	11117409830	50	150				Paolo_Manghi	33.14																																																																																																				0.0	0.0				
YachidaS_2019	SAMD00114987	sub_10259	stool		control	Health	69.0		senior	male	JPN	no	IlluminaHiSeq		31171880	52710810	7620126580	50	150				Paolo_Manghi	24.39105884																																																																																																				2340.0	0.0				
YachidaS_2019	SAMD00114798	sub_10262	stool		control	Health	45.0		adult	male	JPN	no	IlluminaHiSeq		31171880	28071775	4020310152	50	150				Paolo_Manghi	22.22222222																																																																																																				0.0	0.0				
YachidaS_2019	SAMD00115044	sub_10268	stool		carcinoma_surgery_history	carcinoma_surgery_history	70.0		senior	female	JPN	no	IlluminaHiSeq		31171880	62797386	8861224393	50	150				Paolo_Manghi	20.07733492																																																																																																				0.0	0.0				
YachidaS_2019	SAMD00114989	sub_10269	stool		control	Health	76.0		senior	female	JPN	no	IlluminaHiSeq		31171880	66297122	9468119865	50	150				Paolo_Manghi	24.97398543																																																																																																				140.0	180.0				
YachidaS_2019	SAMD00114990	sub_10271	stool		control	Health	68.0		senior	male	JPN	no	IlluminaHiSeq		31171880	46641772	6564350839	50	150				Paolo_Manghi	22.83737024																																																																																																				0.0	0.0				
YachidaS_2019	SAMD00114991	sub_10273	stool		control	Health	69.0		senior	female	JPN	no	IlluminaHiSeq		31171880	52504830	7313204793	50	150				Paolo_Manghi	22.95908766																																																																																																				0.0	0.0				
YachidaS_2019	SAMD00114992	sub_10274	stool		control	Health	62.0		adult	female	JPN	no	IlluminaHiSeq		31171880	34585294	4936761456	50	150				Paolo_Manghi	19.05197378																																																																																																				0.0	94.95				
YachidaS_2019	SAMD00115048	sub_10275	stool		carcinoma_surgery_history	carcinoma_surgery_history	69.0		senior	male	JPN	no	IlluminaHiSeq		31171880	26103294	3736477657	50	150				Paolo_Manghi	23.45856238																																																																																																				660.0	191.636				
YachidaS_2019	SAMD00115049	sub_10280	stool		carcinoma_surgery_history	carcinoma_surgery_history	38.0		adult	male	JPN	no	IlluminaHiSeq		31171880	43658500	6208735948	50	150				Paolo_Manghi	19.95728441																																																																																																				0.0	0.0				
YachidaS_2019	SAMD00115050	sub_10281	stool		carcinoma_surgery_history	carcinoma_surgery_history	72.0		senior	female	JPN	no	IlluminaHiSeq		31171880	87763760	12494195909	50	150				Paolo_Manghi	26.3778981																																																																																																				0.0	0.0				
YachidaS_2019	SAMD00115051	sub_10282	stool		carcinoma_surgery_history	carcinoma_surgery_history	72.0		senior	male	JPN	no	IlluminaHiSeq		31171880	76529258	10863903832	50	150				Paolo_Manghi	24.24242424																																																																																																				250.0	0.0				
YachidaS_2019	SAMD00115052	sub_10283	stool		carcinoma_surgery_history	carcinoma_surgery_history	77.0		senior	male	JPN	no	IlluminaHiSeq		31171880	78180466	11057983839	50	150				Paolo_Manghi	30.33																																																																																																				0.0	0.0				
YachidaS_2019	SAMD00115053	sub_10285	stool		carcinoma_surgery_history	carcinoma_surgery_history	57.0		adult	male	JPN	no	IlluminaHiSeq		31171880	54974604	7819727524	50	150				Paolo_Manghi	21.04804761																																																																																																				0.0	454.85				
YachidaS_2019	SAMD00115054	sub_10286	stool		carcinoma_surgery_history	carcinoma_surgery_history	57.0		adult	female	JPN	no	IlluminaHiSeq		31171880	44785742	6377410869	50	150				Paolo_Manghi	23.12467037																																																																																																				0.0	0.0				
YachidaS_2019	SAMD00115055	sub_10290	stool		carcinoma_surgery_history	carcinoma_surgery_history	68.0		senior	male	JPN	no	IlluminaHiSeq		31171880	45453734	6427091738	50	150				Paolo_Manghi	22.94811574																																																																																																				500.0	27.0				
YachidaS_2019	SAMD00114780	sub_10301	stool		control	Health	77.0		senior	female	JPN	no	IlluminaHiSeq		31171880	27797116	4095687367	50	150				Paolo_Manghi	22.85714286																																																																																																				520.0	369.9				
YachidaS_2019	SAMD00114781	sub_10302	stool		control	Health	64.0		adult	male	JPN	no	IlluminaHiSeq		31171880	28408932	3890370691	50	150				Paolo_Manghi	20.51913409																																																																																																				100.0	243.9				
YachidaS_2019	SAMD00114994	sub_10304	stool		control	Health	44.0		adult	male	JPN	no	IlluminaHiSeq		31171880	36042754	5205593175	50	150				Paolo_Manghi	22.05219018																																																																																																				180.0	687.0				
YachidaS_2019	SAMD00115056	sub_10312	stool		carcinoma_surgery_history	carcinoma_surgery_history	64.0		adult	female	JPN	no	IlluminaHiSeq		31171880	44365170	6172766971	50	150				Paolo_Manghi	17.54309022																																																																																																				6.0	0.0				
YachidaS_2019	SAMD00115058	sub_10313	stool		carcinoma_surgery_history	carcinoma_surgery_history	62.0		adult	female	JPN	no	IlluminaHiSeq		31171880	52659874	7508051412	50	150				Paolo_Manghi	21.17021756																																																																																																				50.0	316.5				
YachidaS_2019	SAMD00114778	sub_10315	stool		control	Health	59.0		adult	female	JPN	no	IlluminaHiSeq		31171880	33340404	4923550468	50	150				Paolo_Manghi	20.02884153																																																																																																				40.0	633.0				
YachidaS_2019	SAMD00114779	sub_10317	stool		control	Health	68.0		senior	male	JPN	no	IlluminaHiSeq		31171880	53658766	7446800430	50	150				Paolo_Manghi	23.1206236																																																																																																				0.0	149.207				
YachidaS_2019	SAMD00114730	sub_10318	stool		control	Health	75.0		senior	female	JPN	no	IlluminaHiSeq		31171880	69990810	9730440555	50	150				Paolo_Manghi	18.36547291																																																																																																				0.0	19.3267				
YachidaS_2019	SAMD00115001	sub_10320	stool		control	Health	70.0		senior	male	JPN	no	IlluminaHiSeq		31171880	44449006	6290180311	50	150				Paolo_Manghi	25.71166208																																																																																																				720.0	180.0				
YachidaS_2019	SAMD00114734	sub_10325	stool		control	Health	72.0		senior	male	JPN	no	IlluminaHiSeq		31171880	83428881	11268958205	50	150				Paolo_Manghi	22.13673973																																																																																																				900.0	0.0				
YachidaS_2019	SAMD00115057	sub_10329	stool		carcinoma_surgery_history	carcinoma_surgery_history	65.0		adult	female	JPN	no	IlluminaHiSeq		31171880	71802258	9954718356	50	150				Paolo_Manghi	22.2136785																																																																																																				0.0	0.0				
YachidaS_2019	SAMD00115002	sub_10335	stool		control	Health	75.0		senior	male	JPN	no	IlluminaHiSeq		31171880	50950006	7140034501	50	150				Paolo_Manghi	22.30814991																																																																																																				390.0	0.0				
YachidaS_2019	SAMD00115003	sub_10339	stool		control	Health	76.0		senior	male	JPN	no	IlluminaHiSeq		31171880	39986902	5650534883	50	150				Paolo_Manghi	23.828125																																																																																																				2120.0	0.0				
YachidaS_2019	SAMD00115004	sub_10340	stool		control	Health	45.0		adult	female	JPN	no	IlluminaHiSeq		31171880	33296436	4727500399	50	150				Paolo_Manghi	19.22768787																																																																																																				0.0	157.071				
YachidaS_2019	SAMD00114789	sub_10341	stool		control	Health	58.0		adult	female	JPN	no	IlluminaHiSeq		31171880	71692730	9889236232	50	150				Paolo_Manghi	22.54657648																																																																																																				0.0	0.0				
YachidaS_2019	SAMD00114791	sub_10349	stool		control	Health	62.0		adult	female	JPN	no	IlluminaHiSeq		31171880	58876212	8216936813	50	150				Paolo_Manghi	19.921875																																																																																																				0.0	172.779				
YachidaS_2019	SAMD00114792	sub_10350	stool		control	Health	67.0		senior	female	JPN	no	IlluminaHiSeq		31171880	101364988	14102828544	50	150				Paolo_Manghi	26.04166667																																																																																																				0.0	0.0				
YachidaS_2019	SAMD00114783	sub_10353	stool		control	Health	50.0		adult	female	JPN	no	IlluminaHiSeq		31171880	41692181	5932336432	50	150				Paolo_Manghi	20.34279778																																																																																																				325.0	321.0				
YachidaS_2019	SAMD00114784	sub_10354	stool		control	Health	60.0		adult	female	JPN	no	IlluminaHiSeq		31171880	31034600	4567654797	50	150				Paolo_Manghi	21.11090261																																																																																																				0.0	0.0				
YachidaS_2019	SAMD00115008	sub_10356	stool		control	Health	76.0		senior	male	JPN	no	IlluminaHiSeq		31171880	52986931	7457652606	50	150				Paolo_Manghi	23.7953599																																																																																																				340.0	47.1429				
YachidaS_2019	SAMD00114785	sub_10357	stool		control	Health	71.0		senior	female	JPN	no	IlluminaHiSeq		31171880	43669098	6156205882	50	150				Paolo_Manghi	24.609375																																																																																																				0.0	222.279				
YachidaS_2019	SAMD00115009	sub_10362	stool		control	Health	76.0		senior	male	JPN	no	IlluminaHiSeq		31171880	48805992	6863461637	50	150				Paolo_Manghi	25.88057064																																																																																																				0.0	194.95				
YachidaS_2019	SAMD00115005	sub_10364	stool		control	Health	66.0		senior	male	JPN	no	IlluminaHiSeq		31171880	53510454	7522846100	50	150				Paolo_Manghi	23.4375																																																																																																				400.0	0.0				
YachidaS_2019	SAMD00115038	sub_10368	stool		carcinoma_surgery_history	carcinoma_surgery_history	41.0		adult	female	JPN	no	IlluminaHiSeq		31171880	35011228	5122906707	50	150				Paolo_Manghi	22.37567995																																																																																																				300.0	700.0				
YachidaS_2019	SAMD00115059	sub_10374	stool		carcinoma_surgery_history	carcinoma_surgery_history	49.0		adult	male	JPN	no	IlluminaHiSeq		31171880	57513942	7959241715	50	150				Paolo_Manghi	22.69401893																																																																																																				0.0	149.207				
YachidaS_2019	SAMD00115012	sub_10378	stool		control	Health	74.0		senior	male	JPN	no	IlluminaHiSeq		31171880	45194380	6355908285	50	150				Paolo_Manghi	19.33372992																																																																																																				560.0	274.95				
YachidaS_2019	SAMD00114819	sub_10456	stool		control	Health	74.0		senior	male	JPN	no	IlluminaHiSeq		31171880	31669124	4648709131	50	150				Paolo_Manghi	20.61925365																																																																																																				700.0	1113.0				
YachidaS_2019	SAMD00114807	sub_10463	stool		control	Health	76.0		senior	female	JPN	no	IlluminaHiSeq		31171880	46442310	6795423444	50	150				Paolo_Manghi	19.11111111																																																																																																				0.0	12.66				
YachidaS_2019	SAMD00114809	sub_10465	stool		control	Health	47.0		adult	female	JPN	no	IlluminaHiSeq		31171880	42939262	6273084501	50	150				Paolo_Manghi	22.37567995																																																																																																				0.0	45.8				
YachidaS_2019	SAMD00114812	sub_10473	stool		control	Health	71.0		senior	male	JPN	no	IlluminaHiSeq		31171880	42177158	6118205123	50	150				Paolo_Manghi	22.64737696																																																																																																				320.0	219.9				
YachidaS_2019	SAMD00114829	sub_10486	stool		control	Health	65.0		adult	female	JPN	no	IlluminaHiSeq		31171880	49772576	7199905782	50	150				Paolo_Manghi	19.81892708																																																																																																				0.0	0.0				
YachidaS_2019	SAMD00114830	sub_10487	stool		control	Health	78.0		senior	male	JPN	no	IlluminaHiSeq		31171880	42579228	6188308071	50	150				Paolo_Manghi	21.09375																																																																																																				600.0	0.0				
YachidaS_2019	SAMD00114862	sub_10489	stool		control	Health	78.0		senior	male	JPN	no	IlluminaHiSeq		31171880	45454146	6648229136	50	150				Paolo_Manghi	22.86236854																																																																																																				20.0	0.0				
YachidaS_2019	SAMD00114858	sub_10508	stool		control	Health	67.0		senior	male	JPN	no	IlluminaHiSeq		31171880	40354362	5911816673	50	150				Paolo_Manghi	21.45357371																																																																																																				0.0	40.6929				
YachidaS_2019	SAMD00114824	sub_10510	stool		control	Health	52.0		adult	male	JPN	no	IlluminaHiSeq		31171880	44008140	6417486853	50	150				Paolo_Manghi	21.30394858																																																																																																				640.0	549.9				
YachidaS_2019	SAMD00114818	sub_10519	stool		control	Health	71.0		senior	male	JPN	no	IlluminaHiSeq		31171880	36478210	5358351533	50	150				Paolo_Manghi	22.94213045																																																																																																				0.0	0.0				
YachidaS_2019	SAMD00114842	sub_10537	stool		control	Health	76.0		senior	female	JPN	no	IlluminaHiSeq		31171880	37763014	5510583785	50	150				Paolo_Manghi	23.42209073																																																																																																				0.0	0.0				
YachidaS_2019	SAMD00114843	sub_10541	stool		control	Health	53.0		adult	female	JPN	no	IlluminaHiSeq		31171880	33366300	4888766664	50	150				Paolo_Manghi	18.66201469																																																																																																				0.0	19.3267				
YachidaS_2019	SAMD00114845	sub_10543	stool		control	Health	55.0		adult	male	JPN	no	IlluminaHiSeq		31171880	38147148	5596488202	50	150				Paolo_Manghi	26.81221871																																																																																																				350.0	150.0				
YachidaS_2019	SAMD00114850	sub_10559	stool		control	Health	41.0		adult	female	JPN	no	IlluminaHiSeq		31171880	35694450	5225348166	50	150				Paolo_Manghi	20.32443826																																																																																																				105.0	70.6667				
YachidaS_2019	SAMD00114865	sub_10570	stool		control	Health	45.0		adult	male	JPN	no	IlluminaHiSeq		31171880	34808755	5120578302	50	150				Paolo_Manghi	23.95122659																																																																																																				0.0	822.0				
YachidaS_2019	SAMD00114867	sub_10577	stool		control	Health	61.0		adult	female	JPN	no	IlluminaHiSeq		31171880	33452532	4904913915	50	150				Paolo_Manghi	27.00513097																																																																																																				0.0	0.0				
YachidaS_2019	SAMD00114869	sub_10585	stool		control	Health	66.0		senior	female	JPN	no	IlluminaHiSeq		31171880	37224994	5466373230	50	150				Paolo_Manghi	31.62421994																																																																																																				0.0	2.0				
YachidaS_2019	SAMD00114854	sub_10586	stool		control	Health	78.0		senior	male	JPN	no	IlluminaHiSeq		31171880	44657574	6537775734	50	150				Paolo_Manghi	22.15102251																																																																																																				420.0	0.0				
YachidaS_2019	SAMD00114859	sub_10589	stool		control	Health	75.0		senior	female	JPN	no	IlluminaHiSeq		31171880	40695554	5925622603	50	150				Paolo_Manghi	22.66666667																																																																																																				0.0	0.0				
YachidaS_2019	SAMD00114837	sub_10591	stool		control	Health	51.0		adult	male	JPN	no	IlluminaHiSeq		31171880	35637906	5226007304	50	150				Paolo_Manghi	29.04370899																																																																																																				840.0	0.0				
YachidaS_2019	SAMD00114838	sub_10592	stool		control	Health	54.0		adult	male	JPN	no	IlluminaHiSeq		31171880	33396206	4877999994	50	150				Paolo_Manghi	23.71184463																																																																																																				100.0	16.26				
YachidaS_2019	SAMD00114860	sub_10593	stool		control	Health	61.0		adult	male	JPN	no	IlluminaHiSeq		31171880	41851148	6142637407	50	150				Paolo_Manghi	25.95155709																																																																																																				820.0	526.5				
YachidaS_2019	SAMD00114926	sub_10618	stool		control	Health	73.0		senior	female	JPN	no	IlluminaHiSeq		31171880	45600382	6684018140	50	150				Paolo_Manghi	20.69049454																																																																																																				516.0	633.0				
YachidaS_2019	SAMD00114888	sub_10620	stool		control	Health	63.0		adult	male	JPN	no	IlluminaHiSeq		31171880	40080926	5888370187	50	150				Paolo_Manghi	20.89795918																																																																																																				10.0	189.9				
YachidaS_2019	SAMD00114889	sub_10621	stool		control	Health	60.0		adult	male	JPN	no	IlluminaHiSeq		31171880	40372512	5944083879	50	150				Paolo_Manghi	20.80856124																																																																																																				560.0	687.0				
YachidaS_2019	SAMD00114872	sub_10622	stool		control	Health	62.0		adult	female	JPN	no	IlluminaHiSeq		31171880	40432928	5936884616	50	150				Paolo_Manghi	18.19548277																																																																																																				60.0	0.0				
YachidaS_2019	SAMD00114873	sub_10627	stool		control	Health	57.0		adult	male	JPN	no	IlluminaHiSeq		31171880	41668918	6115476265	50	150				Paolo_Manghi	23.24380165																																																																																																				620.0	813.0				
YachidaS_2019	SAMD00114938	sub_10632	stool		control	Health	76.0		senior	male	JPN	no	IlluminaHiSeq		31171880	36826545	5405697464	50	150				Paolo_Manghi	25.96952909																																																																																																				380.0	0.0				
YachidaS_2019	SAMD00114929	sub_10639	stool		control	Health	40.0		adult	male	JPN	no	IlluminaHiSeq		31171880	41226174	6041888886	50	150				Paolo_Manghi	22.98190175																																																																																																				100.0	316.5				
YachidaS_2019	SAMD00114874	sub_10647	stool		control	Health	76.0		senior	male	JPN	no	IlluminaHiSeq		31171880	42066421	6174743097	50	150				Paolo_Manghi	21.79930796																																																																																																				720.0	289.45				
YachidaS_2019	SAMD00114932	sub_10657	stool		control	Health	69.0		senior	male	JPN	no	IlluminaHiSeq		31171880	39757652	5836372583	50	150				Paolo_Manghi	24.28097534																																																																																																				0.0	12.66				
YachidaS_2019	SAMD00114940	sub_10659	stool		control	Health	76.0		senior	male	JPN	no	IlluminaHiSeq		31171880	79753094	11697326702	50	150				Paolo_Manghi	20.79672989																																																																																																				1200.0	0.0				
YachidaS_2019	SAMD00114895	sub_10661	stool		control	Health	49.0		adult	female	JPN	no	IlluminaHiSeq		31171880	40634557	5943253116	50	150				Paolo_Manghi	22.30814991																																																																																																				0.0	189.9				
YachidaS_2019	SAMD00114876	sub_10663	stool		control	Health	73.0		senior	male	JPN	no	IlluminaHiSeq		31171880	43778130	6425844501	50	150				Paolo_Manghi	24.30248706																																																																																																				860.0	360.0				
YachidaS_2019	SAMD00114942	sub_10678	stool		control	Health	46.0		adult	female	JPN	no	IlluminaHiSeq		31171880	34714564	5003504210	50	150				Paolo_Manghi	19.95935549																																																																																																				0.0	0.0				
YachidaS_2019	SAMD00114898	sub_10684	stool		control	Health	61.0		adult	female	JPN	no	IlluminaHiSeq		31171880	46481570	6827186150	50	150				Paolo_Manghi	18.59103675																																																																																																				0.0	0.0				
YachidaS_2019	SAMD00114908	sub_10698	stool		control	Health	71.0		senior	male	JPN	no	IlluminaHiSeq		31171880	36221992	5298250414	50	150				Paolo_Manghi	23.38435374																																																																																																				450.0	0.0				
YachidaS_2019	SAMD00114918	sub_10701	stool		control	Health	42.0		adult	male	JPN	no	IlluminaHiSeq		31171880	42451940	6198285404	50	150				Paolo_Manghi	26.17383255																																																																																																				216.0	994.714				
YachidaS_2019	SAMD00114950	sub_10716	stool		control	Health	49.0		adult	female	JPN	no	IlluminaHiSeq		31171880	41784614	6123261856	50	150				Paolo_Manghi	21.23057202																																																																																																				280.0	227.779				
YachidaS_2019	SAMD00114913	sub_10726	stool		control	Health	69.0		senior	male	JPN	no	IlluminaHiSeq		31171880	47404834	6953785125	50	150				Paolo_Manghi	22.14532872																																																																																																				300.0	549.9				
YachidaS_2019	SAMD00114953	sub_10733	stool		control	Health	63.0		adult	male	JPN	no	IlluminaHiSeq		31171880	60639270	8872142135	50	150				Paolo_Manghi	22.05805119																																																																																																				600.0	0.0				
YachidaS_2019	SAMD00114945	sub_10741	stool		control	Health	70.0		senior	male	JPN	no	IlluminaHiSeq		31171880	17332934	2507576468	50	150				Paolo_Manghi	24.22145329																																																																																																				200.0	813.0				
YachidaS_2019	SAMD00114880	sub_10776	stool		control	Health	42.0		adult	female	JPN	no	IlluminaHiSeq		31171880	71087499	10389944355	50	150				Paolo_Manghi	25.59373706																																																																																																				0.0	174.214				
YachidaS_2019	SAMD00114959	sub_10784	stool		control	Health	49.0		adult	male	JPN	no	IlluminaHiSeq		31171880	46731498	6844558145	50	150				Paolo_Manghi	27.39817568																																																																																																				870.0	360.0				
YachidaS_2019	SAMD00114899	sub_10794	stool		control	Health	54.0		adult	female	JPN	no	IlluminaHiSeq		31171880	33376030	4880570246	50	150				Paolo_Manghi	22.18934911																																																																																																				0.0	400.0				
YachidaS_2019	SAMD00114881	sub_10801	stool		control	Health	68.0		senior	female	JPN	no	IlluminaHiSeq		31171880	66782180	9731250867	50	150				Paolo_Manghi	19.50059453																																																																																																				0.0	0.0				
YachidaS_2019	SAMD00114882	sub_10804	stool		control	Health	74.0		senior	female	JPN	no	IlluminaHiSeq		31171880	38361254	5603125855	50	150				Paolo_Manghi	24.34960912																																																																																																				0.0	0.0				
YachidaS_2019	SAMD00114900	sub_10805	stool		control	Health	54.0		adult	female	JPN	no	IlluminaHiSeq		31171880	44139434	6445674514	50	150				Paolo_Manghi	19.6282647																																																																																																				0.0	0.0				
YachidaS_2019	SAMD00114901	sub_10807	stool		control	Health	74.0		senior	female	JPN	no	IlluminaHiSeq		31171880	45493632	6643920508	50	150				Paolo_Manghi	20.83																																																																																																				1060.0	0.0				
YachidaS_2019	SAMD00114963	sub_10817	stool		control	Health	65.0		adult	female	JPN	no	IlluminaHiSeq		31171880	50923086	7413942089	50	150				Paolo_Manghi	24.32322868																																																																																																				0.0	0.0				
YachidaS_2019	SAMD00114885	sub_10835	stool		control	Health	74.0		senior	male	JPN	no	IlluminaHiSeq		31171880	56337492	8230614316	50	150				Paolo_Manghi	20.703125																																																																																																				1170.0	274.95				
YachidaS_2019	SAMD00114906	sub_10838	stool		control	Health	75.0		senior	female	JPN	no	IlluminaHiSeq		31171880	34121968	4977321355	50	150				Paolo_Manghi	21.17021756																																																																																																				0.0	0.0				
YachidaS_2019	SAMD00114967	sub_10850	stool		control	Health	51.0		adult	male	JPN	no	IlluminaHiSeq		31171880	43995136	6412035294	50	150				Paolo_Manghi	28.38480216																																																																																																				450.0	358.5				
YachidaS_2019	SAMD00164708	sub_10170	stool		carcinoma_surgery_history	carcinoma_surgery_history	61.0		adult	female	JPN	no	IlluminaHiSeq		31171880	39988632	5867348165	50	150				Paolo_Manghi	24.9739854318																																																																																																				0.0	0.0				
YachidaS_2019	SAMD00164713	sub_10194	stool		carcinoma_surgery_history	carcinoma_surgery_history	42.0		adult	female	JPN	no	IlluminaHiSeq		31171880	17344208	2235884403	50	150				Paolo_Manghi	20.3125																																																																																																				0.0	0.0				
YachidaS_2019	SAMD00136653	sub_10197	stool		control	Health	68.0		senior	female	JPN	no	IlluminaHiSeq		31171880	31018632	4089615540	50	150				Paolo_Manghi	18.8588219815																																																																																																				0.0	298.571				
YachidaS_2019	SAMD00164723	sub_10239	stool		carcinoma_surgery_history	carcinoma_surgery_history	43.0		adult	female	JPN	no	IlluminaHiSeq		31171880	50537576	7216966317	50	150				Paolo_Manghi	21.77843524																																																																																																				0.0	0.0				
YachidaS_2019	SAMD00164727	sub_10272	stool		control	Health	44.0		adult	male	JPN	no	IlluminaHiSeq		31171880	69760652	9831920234	50	150				Paolo_Manghi	24.1632653061																																																																																																				360.0	1806.0				
YachidaS_2019	SAMD00164729	sub_10298	stool		control	Health	76.0		senior	male	JPN	no	IlluminaHiSeq		31171880	47548456	6737891509	50	150				Paolo_Manghi	22.8625344753																																																																																																				400.0	155.571				
YachidaS_2019	SAMD00164744	sub_10365	stool		carcinoma_surgery_history	carcinoma_surgery_history	50.0		adult	female	JPN	no	IlluminaHiSeq		31171880	48918058	6817576628	50	150				Paolo_Manghi	20.0288415318																																																																																																				0.0	194.95				
YachidaS_2019	SAMD00164748	sub_10390	stool		control	Health	68.0		senior	female	JPN	no	IlluminaHiSeq		31171880	34283474	5051708192	50	150				Paolo_Manghi	24.3232286834																																																																																																				380.0	0.0				
YachidaS_2019	SAMD00154991	sub_10497	stool		control	Health	65.0		adult	male	JPN	no	IlluminaHiSeq		31171880	41645440	6001676288	50	150				Paolo_Manghi	21.5645449137																																																																																																				0.0	36.0				
YachidaS_2019	SAMD00164756	sub_10504	stool		control	Health	67.0		senior	female	JPN	no	IlluminaHiSeq		31171880	40553472	5946490457	50	150				Paolo_Manghi	21.9075824577																																																																																																				0.0	0.0				
YachidaS_2019	SAMD00164758	sub_10512	stool		control	Health	78.0		senior	female	JPN	no	IlluminaHiSeq		31171880	31008610	4497007447	50	150				Paolo_Manghi	20.6904945434																																																																																																				0.0	0.0				
YachidaS_2019	SAMD00154992	sub_10515	stool		control	Health	66.0		senior	female	JPN	no	IlluminaHiSeq		31171880	31930957	4701732700	50	150				Paolo_Manghi	22.347782088																																																																																																				0.0	135.643				
YachidaS_2019	SAMD00136648	sub_10562	stool		control	Health	56.0		adult	male	JPN	no	IlluminaHiSeq		31171880	32799626	4814940357	50	150				Paolo_Manghi	26.8544055741																																																																																																				540.0	178.5				
YachidaS_2019	SAMD00164773	sub_10583	stool		control	Health	67.0		senior	male	JPN	no	IlluminaHiSeq		31171880	33899610	4975366072	50	150				Paolo_Manghi	25.0995015956																																																																																																				165.0	90.0				
YachidaS_2019	SAMD00164774	sub_10587	stool		control	Health	62.0		adult	female	JPN	no	IlluminaHiSeq		31171880	42140932	6107514932	50	150				Paolo_Manghi	25.1531502292																																																																																																				410.0	141.429				
YachidaS_2019	SAMD00164803	sub_10788	stool		control	Health	74.0		senior	male	JPN	no	IlluminaHiSeq		31171880	51088888	7333843383	50	150				Paolo_Manghi	22.5895514361																																																																																																				150.0	0.0				
YachidaS_2019	SAMD00164805	sub_10797	stool		control	Health	70.0		senior	female	JPN	no	IlluminaHiSeq		31171880	54534428	7895944324	50	150				Paolo_Manghi	25.3333333333																																																																																																				0.0	316.5				
YachidaS_2019	SAMD00164806	sub_10802	stool		control	Health	77.0		senior	male	JPN	no	IlluminaHiSeq		31171880	55325062	7997882748	50	150				Paolo_Manghi	20.438165585																																																																																																				90.0	0.0				
YachidaS_2019	SAMD00164807	sub_10803	stool		carcinoma_surgery_history	carcinoma_surgery_history	78.0		senior	female	JPN	no	IlluminaHiSeq		31171880	52596386	7632362845	50	150				Paolo_Manghi	24.7736588442																																																																																																				980.0	0.0				
YachidaS_2019	SAMD00164808	sub_10806	stool		carcinoma_surgery_history	carcinoma_surgery_history	51.0		adult	female	JPN	no	IlluminaHiSeq		31171880	46097900	6441812122	50	150				Paolo_Manghi	18.0802103879																																																																																																				90.0	669.9				
YachidaS_2019	SAMD00164809	sub_10808	stool		control	Health	60.0		adult	male	JPN	no	IlluminaHiSeq		31171880	55675906	7966311013	50	150				Paolo_Manghi	19.4869614512																																																																																																				400.0	813.0				
YachidaS_2019	SAMD00164814	sub_10832	stool		control	Health	55.0		adult	male	JPN	no	IlluminaHiSeq		31171880	43680132	6493767039	50	150				Paolo_Manghi	24.0929705215																																																																																																				0.0	0.0				
YachidaS_2019	SAMD00164819	sub_10869	stool		control	Health	69.0		senior	male	JPN	no	IlluminaHiSeq		31171880	46295462	6462628170	50	150				Paolo_Manghi	22.4081789853																																																																																																				0.0	0.0				
YachidaS_2019	SAMD00164823	sub_10889	stool		control	Health	54.0		adult	female	JPN	no	IlluminaHiSeq		31171880	29636990	4361912097	50	150				Paolo_Manghi	20.7756232687																																																																																																				0.0	0.0				
YachidaS_2019	SAMD00164824	sub_10890	stool		control	Health	68.0		senior	female	JPN	no	IlluminaHiSeq		31171880	32430304	4780029490	50	151				Paolo_Manghi	18.6620146862																																																																																																				0.0	11.5714				
YachidaS_2019	SAMD00164825	sub_10907	stool		control	Health	37.0		adult	male	JPN	no	IlluminaHiSeq		31171880	40432232	5773824010	50	151				Paolo_Manghi	25.0135208221																																																																																																				140.0	1266.0				
YachidaS_2019	SAMD00164827	sub_10913	stool		control	Health	46.0		adult	male	JPN	no	IlluminaHiSeq		31171880	23067312	3416061606	50	151				Paolo_Manghi	22.4712087638																																																																																																				0.0	21.3267				
YachidaS_2019	SAMD00164828	sub_10924	stool		control	Health	46.0		adult	female	JPN	no	IlluminaHiSeq		31171880	17789122	2617297615	50	151				Paolo_Manghi	23.046875																																																																																																				520.0	0.0				
YachidaS_2019	SAMD00164833	sub_10947	stool		control	Health	58.0		adult	male	JPN	no	IlluminaHiSeq		31171880	27278070	4009825806	50	151				Paolo_Manghi	20.3036975607																																																																																																				600.0	1356.14				
YachidaS_2019	SAMD00164835	sub_10968	stool		control	Health	43.0		adult	female	JPN	no	IlluminaHiSeq		31171880	28480828	4177796491	50	151				Paolo_Manghi	16.796875																																																																																																				0.0	0.0				
YachidaS_2019	SAMD00164837	sub_10976	stool		control	Health	52.0		adult	male	JPN	no	IlluminaHiSeq		31171880	37818348	5443806534	50	151				Paolo_Manghi	25.0135208221																																																																																																				150.0	1214.71				
YachidaS_2019	SAMD00164840	sub_10990	stool		control	Health	58.0		adult	female	JPN	no	IlluminaHiSeq		31171880	25014176	3672787235	50	151				Paolo_Manghi	18.5528756957																																																																																																				0.0	0.0				
YachidaS_2019	SAMD00164848	sub_11031	stool		control	Health	66.0		senior	male	JPN	no	IlluminaHiSeq		31171880	48145150	6975230906	50	151				Paolo_Manghi	24.8015873016																																																																																																				0.0	733.0				
YachidaS_2019	SAMD00164849	sub_11035	stool		control	Health	73.0		senior	female	JPN	no	IlluminaHiSeq		31171880	28698068	4208658813	50	151				Paolo_Manghi	21.6041047799																																																																																																				380.0	168.0				
YachidaS_2019	SAMD00164853	sub_11049	stool		control	Health	61.0		adult	female	JPN	no	IlluminaHiSeq		31171880	23341590	3458296192	50	151				Paolo_Manghi	21.0771952275																																																																																																				0.0	180.429				
YachidaS_2019	SAMD00164855	sub_11057	stool		control	Health	71.0		senior	female	JPN	no	IlluminaHiSeq		31171880	22968010	3387662193	50	151				Paolo_Manghi	17.3484295106																																																																																																				0.0	0.0				
YachidaS_2019	SAMD00164856	sub_11062	stool		control	Health	48.0		adult	male	JPN	no	IlluminaHiSeq		31171880	54123466	7792055142	50	151				Paolo_Manghi	21.6721101309																																																																																																				300.0	620.714				
YachidaS_2019	SAMD00164857	sub_11074	stool		carcinoma_surgery_history	carcinoma_surgery_history	42.0		adult	female	JPN	no	IlluminaHiSeq		31171880	45561910	6794120906	50	150				Paolo_Manghi	17.9418172498																																																																																																				110.0	120.0				
YachidaS_2019	SAMD00164862	sub_11106	stool		control	Health	44.0		adult	male	JPN	no	IlluminaHiSeq		31171880	39925728	5930972588	50	151				Paolo_Manghi	23.8367346939																																																																																																				200.0	189.9				
YachidaS_2019	SAMD00164865	sub_11124	stool		control	Health	77.0		senior	male	JPN	no	IlluminaHiSeq		31171880	37183222	5472933806	50	151				Paolo_Manghi	20.5714285714																																																																																																				195.0	190.0				
YachidaS_2019	SAMD00164870	sub_11159	stool		control	Health	63.0		adult	female	JPN	no	IlluminaHiSeq		31171880	16160366	2388122065	50	151				Paolo_Manghi	27.5482093664																																																																																																				840.0	216.8				
YachidaS_2019	SAMD00164873	sub_11170	stool		control	Health	32.0		adult	male	JPN	no	IlluminaHiSeq		31171880	34402280	5140289847	50	151				Paolo_Manghi	18.7327823691																																																																																																				0.0	49.4				
YachidaS_2019	SAMD00164877	sub_11210	stool		control	Health	68.0		senior	female	JPN	no	IlluminaHiSeq		31171880	40990398	6058068214	50	150				Paolo_Manghi	19.2233756248																																																																																																				0.0	0.0				
YachidaS_2019	SAMD00164878	sub_11213	stool		control	Health	51.0		adult	male	JPN	no	IlluminaHiSeq		31171880	25826842	3859187862	50	151				Paolo_Manghi	19.1570881226																																																																																																				50.0	780.214				
YachidaS_2019	SAMD00164879	sub_11223	stool		control	Health	63.0		adult	male	JPN	no	IlluminaHiSeq		31171880	32860122	4905507031	50	151				Paolo_Manghi	21.107266436																																																																																																				525.0	316.5				
YachidaS_2019	SAMD00164881	sub_11226	stool		control	Health	51.0		adult	female	JPN	no	IlluminaHiSeq		31171880	33052928	4932565570	50	151				Paolo_Manghi	19.4330132602																																																																																																				0.0	3.6				
YachidaS_2019	SAMD00164882	sub_11227	stool		control	Health	72.0		senior	male	JPN	no	IlluminaHiSeq		31171880	44765956	6565773749	50	150				Paolo_Manghi	23.0545624645																																																																																																				1440.0	360.0				
YachidaS_2019	SAMD00164886	sub_11243	stool		control	Health	40.0		adult	male	JPN	no	IlluminaHiSeq		31171880	722270	105852383	50	150				Paolo_Manghi	27.3796646836																																																																																																				480.0	0.0				
YachidaS_2019	SAMD00164888	sub_11255	stool		control	Health	47.0		adult	male	JPN	no	IlluminaHiSeq		31171880	42211024	6165722470	50	150				Paolo_Manghi	26.1751945211																																																																																																				0.0	76.6929				
YachidaS_2019	SAMD00164890	sub_11294	stool		control	Health	57.0		adult	male	JPN	no	IlluminaHiSeq		31171880	46740078	6912024226	50	151				Paolo_Manghi	26.2595847484																																																																																																				680.0	71.55				
YachidaS_2019	SAMD00164891	sub_11299	stool		control	Health	54.0		adult	male	JPN	no	IlluminaHiSeq		31171880	60700846	8697406989	50	150				Paolo_Manghi	23.5294117647																																																																																																				170.0	38.5714				
YachidaS_2019	SAMD00164894	sub_11336	stool		carcinoma_surgery_history	carcinoma_surgery_history	70.0		senior	female	JPN	no	IlluminaHiSeq		31171880	43144786	6266669358	50	150				Paolo_Manghi	20.5049339997																																																																																																				0.0	18.26				
YachidaS_2019	SAMD00164895	sub_11343	stool		control	Health	44.0		adult	female	JPN	no	IlluminaHiSeq		31171880	38961720	5791164497	50	151				Paolo_Manghi	21.6311488544																																																																																																				0.0	733.0				
YachidaS_2019	SAMD00164896	sub_11354	stool		control	Health	55.0		adult	male	JPN	no	IlluminaHiSeq		31171880	34855884	5196096511	50	151				Paolo_Manghi	24.5089457652																																																																																																				1700.0	1011.5				
YachidaS_2019	SAMD00164897	sub_11369	stool		control	Health	55.0		adult	male	JPN	no	IlluminaHiSeq		31171880	37051138	5492063744	50	151				Paolo_Manghi	21.2585034014																																																																																																				245.0	121.95				
YachidaS_2019	SAMD00164898	sub_11379	stool		control	Health	79.0		senior	female	JPN	no	IlluminaHiSeq		31171880	54324716	7867766244	50	150				Paolo_Manghi	24.609375																																																																																																				0.0	40.6929				
YachidaS_2019	SAMD00164899	sub_11389	stool		control	Health	38.0		adult	male	JPN	no	IlluminaHiSeq		31171880	18901912	2829462410	50	151				Paolo_Manghi	22.4996371026																																																																																																				0.0	0.0				
YachidaS_2019	SAMD00164901	sub_11409	stool		control	Health	54.0		adult	female	JPN	no	IlluminaHiSeq		31171880	42641502	6340823576	50	150				Paolo_Manghi	20.239500759																																																																																																				0.0	0.0				
YachidaS_2019	SAMD00164902	sub_11413	stool		control	Health	61.0		adult	male	JPN	no	IlluminaHiSeq		31171880	40023378	5939753591	50	150				Paolo_Manghi	26.4235698243																																																																																																				800.0	0.0				
YachidaS_2019	SAMD00164904	sub_11419	stool		control	Health	55.0		adult	male	JPN	no	IlluminaHiSeq		31171880	50656606	7481656850	50	150				Paolo_Manghi	22.91303307																																																																																																				0.0	174.214				
YachidaS_2019	SAMD00164906	sub_11424	stool		carcinoma_surgery_history	carcinoma_surgery_history	65.0		adult	female	JPN	no	IlluminaHiSeq		31171880	47728014	7058050888	50	150				Paolo_Manghi	27.0992510068																																																																																																				0.0	73.6929				
YachidaS_2019	SAMD00164908	sub_11431	stool		control	Health	58.0		adult	female	JPN	no	IlluminaHiSeq		31171880	43125980	6412019735	50	150				Paolo_Manghi	17.9088553574																																																																																																				0.0	0.0				
YachidaS_2019	SAMD00164909	sub_11432	stool		control	Health	74.0		senior	male	JPN	no	IlluminaHiSeq		31171880	39572586	5842731514	50	150				Paolo_Manghi	24.609375																																																																																																				400.0	813.0				
YachidaS_2019	SAMD00164911	sub_11434	stool		control	Health	64.0		adult	female	JPN	no	IlluminaHiSeq		31171880	48780998	7233809163	50	150				Paolo_Manghi	16.4236500561																																																																																																				0.0	6.66667				
YachidaS_2019	SAMD00164914	sub_11448	stool		control	Health	40.0		adult	female	JPN	no	IlluminaHiSeq		31171880	42337514	6293406369	50	150				Paolo_Manghi	17.6308539945																																																																																																				0.0	0.0				
YachidaS_2019	SAMD00164915	sub_11449	stool		control	Health	46.0		adult	female	JPN	no	IlluminaHiSeq		31171880	39109052	5812436126	50	150				Paolo_Manghi	20.3125																																																																																																				0.0	316.5				
YachidaS_2019	SAMD00164916	sub_11450	stool		control	Health	72.0		senior	male	JPN	no	IlluminaHiSeq		31171880	48469426	7203399001	50	150				Paolo_Manghi	22.9481157446																																																																																																				900.0	0.0				
YachidaS_2019	SAMD00164917	sub_11451	stool		control	Health	62.0		adult	female	JPN	no	IlluminaHiSeq		31171880	45706980	6804776122	50	150				Paolo_Manghi	21.9261258222																																																																																																				0.0	0.0				
YachidaS_2019	SAMD00164918	sub_11452	stool		control	Health	47.0		adult	male	JPN	no	IlluminaHiSeq		31171880	46389196	6884508906	50	150				Paolo_Manghi	21.4532871972																																																																																																				360.0	646.5				
YachidaS_2019	SAMD00164920	sub_11454	stool		control	Health	47.0		adult	female	JPN	no	IlluminaHiSeq		31171880	52037598	7709902237	50	150				Paolo_Manghi	18.4425458241																																																																																																				0.0	316.5				
YachidaS_2019	SAMD00164923	sub_11459	stool		control	Health	67.0		senior	female	JPN	no	IlluminaHiSeq		31171880	50041374	7408092052	50	150				Paolo_Manghi	23.9360623149																																																																																																				0.0	0.0				
YachidaS_2019	SAMD00164926	sub_11464	stool		control	Health	56.0		adult	male	JPN	no	IlluminaHiSeq		31171880	52239866	7649613871	50	150				Paolo_Manghi	23.8367346939																																																																																																				0.0	1320.0				
YachidaS_2019	SAMD00164927	sub_11467	stool		control	Health	72.0		senior	male	JPN	no	IlluminaHiSeq		31171880	59486678	8689757534	50	150				Paolo_Manghi	21.7192501143																																																																																																				925.0	57.8				
YachidaS_2019	SAMD00164929	sub_11473	stool		control	Health	54.0		adult	male	JPN	no	IlluminaHiSeq		31171880	52073186	7721439190	50	150				Paolo_Manghi	27.3356401384																																																																																																				780.0	554.95				
YachidaS_2019	SAMD00164930	sub_11475	stool		control	Health	63.0		adult	female	JPN	no	IlluminaHiSeq		31171880	49423890	7360447019	50	150				Paolo_Manghi	19.1467221644																																																																																																				0.0	0.0				
YachidaS_2019	SAMD00164931	sub_11477	stool		control	Health	75.0		senior	male	JPN	no	IlluminaHiSeq		31171880	44047114	6495272620	50	150				Paolo_Manghi	20.1347797502																																																																																																				1040.0	0.0				
YachidaS_2019	SAMD00164933	sub_11480	stool		control	Health	66.0		senior	female	JPN	no	IlluminaHiSeq		31171880	48993944	7180305623	50	150				Paolo_Manghi	23.0300453515																																																																																																				660.0	0.0				
YachidaS_2019	SAMD00164934	sub_11486	stool		control	Health	62.0		adult	female	JPN	no	IlluminaHiSeq		31171880	50717498	7366592040	50	150				Paolo_Manghi	20.239500759																																																																																																				0.0	81.4286				
YachidaS_2019	SAMD00164935	sub_11487	stool		control	Health	66.0		senior	female	JPN	no	IlluminaHiSeq		31171880	51313610	7468469815	50	150				Paolo_Manghi	23.7252861602																																																																																																				0.0	94.95				
YachidaS_2019	SAMD00164936	sub_11489	stool		control	Health	55.0		adult	male	JPN	no	IlluminaHiSeq		31171880	25639388	3776575229	50	150				Paolo_Manghi	23.5666322314																																																																																																				800.0	1041.86				
YachidaS_2019	SAMD00164938	sub_11492	stool		control	Health	69.0		senior	female	JPN	no	IlluminaHiSeq		31171880	67870752	9917394781	50	150				Paolo_Manghi	23.5303663435																																																																																																				0.0	0.0				
YachidaS_2019	SAMD00164939	sub_11495	stool		control	Health	71.0		senior	female	JPN	no	IlluminaHiSeq		31171880	78193526	11330468979	50	150				Paolo_Manghi	26.6349583829																																																																																																				108.0	379.95				
YachidaS_2019	SAMD00164941	sub_11501	stool		control	Health	68.0		senior	female	JPN	no	IlluminaHiSeq		31171880	49595522	7259191721	50	150				Paolo_Manghi	21.1927424152																																																																																																				0.0	0.0				
YachidaS_2019	SAMD00164947	sub_11513	stool		control	Health	37.0		adult	male	JPN	no	IlluminaHiSeq		31171880	55998566	8110813912	50	150				Paolo_Manghi	19.267171444																																																																																																				340.0	746.036				
YachidaS_2019	SAMD00164949	sub_11521	stool		control	Health	49.0		adult	female	JPN	no	IlluminaHiSeq		31171880	56350014	8203792424	50	150				Paolo_Manghi	19.7238658777																																																																																																				50.0	135.643				
YachidaS_2019	SAMD00164950	sub_11524	stool		control	Health	31.0		adult	male	JPN	no	IlluminaHiSeq		31171880	74918406	10763425707	50	150				Paolo_Manghi	39.328340344																																																																																																				160.0	271.286				
YachidaS_2019	SAMD00164951	sub_11526	stool		control	Health	52.0		adult	female	JPN	no	IlluminaHiSeq		31171880	47594398	6836939014	50	150				Paolo_Manghi	22.5827091723																																																																																																				0.0	0.0				
YachidaS_2019	SAMD00164952	sub_11527	stool		control	Health	35.0		adult	female	JPN	no	IlluminaHiSeq		31171880	52911584	7854023324	50	150				Paolo_Manghi	22.1893491124																																																																																																				0.0	3.6				
YachidaS_2019	SAMD00164953	sub_11528	stool		control	Health	57.0		adult	male	JPN	no	IlluminaHiSeq		31171880	44716982	6356365674	50	150				Paolo_Manghi	30.1162131519																																																																																																				80.0	0.0				
YachidaS_2019	SAMD00164954	sub_11580	stool		control	Health	21.0		adult	female	JPN	no	IlluminaHiSeq		31171880	46164420	6765843114	50	150				Paolo_Manghi	17.8980228928																																																																																																				0.0	0.0				
YachidaS_2019	SAMD00164955	sub_11607	stool		control	Health	70.0		senior	female	JPN	no	IlluminaHiSeq		31171880	59253414	8598200721	50	150				Paolo_Manghi	29.9643281807																																																																																																				0.0	0.0				
YachidaS_2019	SAMD00164956	sub_11626	stool		control	Health	50.0		adult	male	JPN	no	IlluminaHiSeq		31171880	45641454	6745159795	50	150				Paolo_Manghi	21.4619366242																																																																																																				50.0	12.66				
YachidaS_2019	SAMD00164957	sub_11638	stool		control	Health	57.0		adult	female	JPN	no	IlluminaHiSeq		31171880	20988418	2976190991	50	150				Paolo_Manghi	21.484375																																																																																																				40.0	270.0				
YachidaS_2019	SAMD00164958	sub_11641	stool		control	Health	52.0		adult	male	JPN	no	IlluminaHiSeq		31171880	45965076	6689487136	50	150				Paolo_Manghi	27.6360544218																																																																																																				810.0	0.0				
YachidaS_2019	SAMD00164960	sub_11675	stool		control	Health	51.0		adult	female	JPN	no	IlluminaHiSeq		31171880	33812552	4923969583	50	150				Paolo_Manghi	21.9075824577																																																																																																				0.0	0.0				
YachidaS_2019	SAMD00164961	sub_11682	stool		control	Health	61.0		adult	female	JPN	no	IlluminaHiSeq		31171880	46445590	6752739514	50	150				Paolo_Manghi	17.0874449998																																																																																																				0.0	0.0				
YachidaS_2019	SAMD00164962	sub_11694	stool		control	Health	63.0		adult	female	JPN	no	IlluminaHiSeq		31171880	45413584	6629651130	50	150				Paolo_Manghi	17.8980228928																																																																																																				0.0	0.0				
YachidaS_2019	SAMD00164963	sub_11710	stool		control	Health	40.0		adult	male	JPN	no	IlluminaHiSeq		31171880	58161644	8476800174	50	150				Paolo_Manghi	22.7731864096																																																																																																				0.0	16.26				
YachidaS_2019	SAMD00164964	sub_11720	stool		control	Health	70.0		senior	male	JPN	no	IlluminaHiSeq		31171880	36540386	5354570945	50	150				Paolo_Manghi	17.96875																																																																																																				300.0	0.0				
YachidaS_2019	SAMD00164965	sub_11754	stool		control	Health	27.0		adult	male	JPN	no	IlluminaHiSeq		31171880	46121064	6743127355	50	150				Paolo_Manghi	24.9680097375																																																																																																				0.0	328.0				
YachidaS_2019	SAMD00164966	sub_11788	stool		control	Health	34.0		adult	male	JPN	no	IlluminaHiSeq		31171880	38456492	5635145216	50	150				Paolo_Manghi	21.9281071345																																																																																																				0.0	202.56				
YachidaS_2019	SAMD00164967	sub_11796	stool		control	Health	75.0		senior	female	JPN	no	IlluminaHiSeq		31171880	44223860	6465349470	50	150				Paolo_Manghi	30.2112188366																																																																																																				0.0	0.0				
YachidaS_2019	SAMD00164969	sub_11818	stool		control	Health	37.0		adult	male	JPN	no	IlluminaHiSeq		31171880	51651238	7669566845	50	150				Paolo_Manghi	22.1297397278																																																																																																				0.0	0.0				
YachidaS_2019	SAMD00164972	sub_11821	stool		control	Health	52.0		adult	female	JPN	no	IlluminaHiSeq		31171880	40523104	5944744667	50	150				Paolo_Manghi	17.9088553574																																																																																																				0.0	104.979				
YachidaS_2019	SAMD00164973	sub_11822	stool		control	Health	55.0		adult	female	JPN	no	IlluminaHiSeq		31171880	47359830	7034868515	50	150				Paolo_Manghi	21.0828132906																																																																																																				336.0	0.0				
YachidaS_2019	SAMD00164983	sub_11873	stool		control	Health	78.0		senior	male	JPN	no	IlluminaHiSeq		31171880	51442050	7654799217	50	150				Paolo_Manghi	23.3090530697																																																																																																				600.0	271.286				
YachidaS_2019	SAMD00164986	sub_11885	stool		control	Health	73.0		senior	male	JPN	no	IlluminaHiSeq		31171880	47886780	7128903858	50	150				Paolo_Manghi	22.8928199792																																																																																																				0.0	320.571				
YachidaS_2019	SAMD00164996	sub_11927	stool		control	Health	58.0		adult	male	JPN	no	IlluminaHiSeq		31171880	49851690	7395601384	50	150				Paolo_Manghi	22.2290619336																																																																																																				120.0	0.0				
YachidaS_2019	SAMD00164999	sub_11942	stool		control	Health	76.0		senior	female	JPN	no	IlluminaHiSeq		31171880	30781246	4427379304	50	150				Paolo_Manghi	21.5018864863																																																																																																				200.0	25.9933				
YachidaS_2019	SAMD00165001	sub_11955	stool		control	Health	70.0		senior	male	JPN	no	IlluminaHiSeq		31171880	51117058	7597878919	50	150				Paolo_Manghi	22.6799524093																																																																																																				20.0	0.0				
YachidaS_2019	SAMD00165004	sub_11965	stool		control	Health	41.0		adult	female	JPN	no	IlluminaHiSeq		31171880	51755168	7700470059	50	150				Paolo_Manghi	26.0789715335																																																																																																				0.0	0.0				
YachidaS_2019	SAMD00165008	sub_11984	stool		control	Health	62.0		adult	male	JPN	no	IlluminaHiSeq		31171880	51450668	7635940638	50	150				Paolo_Manghi	21.707923392																																																																																																				80.0	78.2				
YachidaS_2019	SAMD00165010	sub_11996	stool		control	Health	51.0		adult	female	JPN	no	IlluminaHiSeq		31171880	38012092	5561362304	50	150				Paolo_Manghi	21.2305720237																																																																																																				0.0	42.8571				
YachidaS_2019	SAMD00165013	sub_12011	stool		carcinoma_surgery_history	carcinoma_surgery_history	45.0		adult	female	JPN	no	IlluminaHiSeq		31171880	41433422	6127740963	50	150				Paolo_Manghi	18.9035916824																																																																																																				0.0	575.929				
YachidaS_2019	SAMD00165015	sub_12016	stool		control	Health	60.0		adult	female	JPN	no	IlluminaHiSeq		31171880	31861120	4645833994	50	150				Paolo_Manghi	18.5901249256																																																																																																				0.0	0.0				
YachidaS_2019	SAMD00165020	sub_12070	stool		control	Health	49.0		adult	female	JPN	no	IlluminaHiSeq		31171880	47833958	6966743509	50	150				Paolo_Manghi	20.8299951931																																																																																																				0.0	83.8				
YachidaS_2019	SAMD00165021	sub_12082	stool		control	Health	30.0		adult	male	JPN	no	IlluminaHiSeq		31171880	41955864	6065332495	50	150				Paolo_Manghi																																																																																																										
YachidaS_2019	SAMD00165022	sub_12101	stool		control	Health	56.0		adult	male	JPN	no	IlluminaHiSeq		31171880	46244470	6713829457	50	150				Paolo_Manghi	24.0929705215																																																																																																				0.0	1277.57				
YachidaS_2019	SAMD00165023	sub_12106	stool		control	Health	77.0		senior	female	JPN	no	IlluminaHiSeq		31171880	45339082	6570859432	50	150				Paolo_Manghi	21.9261258222																																																																																																				0.0	0.0				
YachidaS_2019	SAMD00165024	sub_12165	stool		control	Health	64.0		adult	female	JPN	no	IlluminaHiSeq		31171880	49731716	7106369357	50	150				Paolo_Manghi	21.09375																																																																																																				0.0	475.0				
YachidaS_2019	SAMD00165025	sub_12197	stool		control	Health	43.0		adult	male	JPN	no	IlluminaHiSeq		31171880	51289600	7282027461	50	150				Paolo_Manghi	24.7409372871																																																																																																				0.0	144.95				
YachidaS_2019	SAMD00165026	sub_12204	stool		control	Health	55.0		adult	female	JPN	no	IlluminaHiSeq		31171880	45785256	6671866623	50	150				Paolo_Manghi	19.777698667																																																																																																				460.0	0.0				
YachidaS_2019	SAMD00165027	sub_12242	stool		control	Health	33.0		adult	female	JPN	no	IlluminaHiSeq		31171880	35580114	5116387649	50	150				Paolo_Manghi	22.2063306861																																																																																																				0.0	96.96				
YachidaS_2019	SAMD00165028	sub_12243	stool		control	Health	74.0		senior	female	JPN	no	IlluminaHiSeq		31171880	15858212	2238042340	50	150				Paolo_Manghi	19.9099722992																																																																																																				0.0	0.0				
YachidaS_2019	SAMD00165029	sub_12276	stool		control	Health	46.0		adult	male	JPN	no	IlluminaHiSeq		31171880	54492670	7921074890	50	150				Paolo_Manghi	21.799445105																																																																																																				0.0	430.0				
YachidaS_2019	SAMD00165030	sub_12340	stool		control	Health	59.0		adult	male	JPN	no	IlluminaHiSeq		31171880	43740482	6391661569	50	150				Paolo_Manghi	26.5337588296																																																																																																				0.0	989.9				
YachidaS_2019	SAMD00165031	sub_12370	stool		control	Health	65.0		adult	female	JPN	no	IlluminaHiSeq		31171880	4509980	664422438	50	150				Paolo_Manghi	18.2563187148																																																																																																				0.0	0.0				
YachidaS_2019	SAMD00165032	sub_12389	stool		control	Health	35.0		adult	male	JPN	no	IlluminaHiSeq		31171880	39322318	5773424384	50	150				Paolo_Manghi	24.2214532872																																																																																																				220.0	633.0				
YachidaS_2019	SAMD00165033	sub_12396	stool		control	Health	38.0		adult	female	JPN	no	IlluminaHiSeq		31171880	34575120	5076142163	50	150				Paolo_Manghi	17.8506227433																																																																																																				80.0	0.0				
