study_name	sample_id	subject_id	body_site	antibiotics_current_use	study_condition	disease	age	infant_age	age_category	gender	country	non_westernized	sequencing_platform	DNA_extraction_kit	PMID	number_reads	number_bases	minimum_read_length	median_read_length	NCBI_accession	pregnant	lactating	curator	BMI	family	days_from_first_collection	family_role	born_method	feeding_practice	travel_destination	location	visit_number	premature	birth_weight	gestational_age	antibiotics_family	disease_subtype	days_after_onset	creatine	albumine	hscrp	ESR	treatment	ast	alt	globulin	urea_nitrogen	BASDAI	BASFI	alcohol	flg_genotype	population	menopausal_status	lifestyle	body_subsite	diet	tnm	triglycerides	hdl	ldl	hba1c	smoker	ever_smoker	dental_sample_type	history_of_periodontitis	PPD_M	PPD_B	PPD_D	PPD_L	fobt	disease_stage	disease_location	calprotectin	HBI	SCCAI	uncurated_metadata	mumps	cholesterol	c_peptide	glucose	creatinine	bilubirin	prothrombin_time	wbc	rbc	hemoglobinometry	remission	dyastolic_p	systolic_p	insulin_cat	adiponectin	glp_1	cd163	il_1	leptin	fgf_19	glutamate_decarboxylase_2_antibody	HLA	autoantibody_positive	age_seroconversion	age_T1D_diagnosis	hitchip_probe_class	fasting_insulin	fasting_glucose	protein_intake	stec_count	shigatoxin_2_elisa	stool_texture	anti_PD_1	mgs_richness	ferm_milk_prod_consumer	inr	ctp	birth_control_pil	c_section_type	ajcc	hla_drb12	hla_dqa12	hla_dqa11	hla_drb11	birth_order	age_twins_started_to_live_apart	zigosity	brinkman_index	alcohol_numeric	breastfeeding_duration	formula_first_day	ALT	eGFR
HMP_2019_t2d	HMP2_J00825_M_ST_T0_B0_0120_ZN9YTFN-01_AC9387ANXX	ZN9YTFN	stool		IGT	IGT	60.0		adult	female	USA	no	IlluminaHiSeq	PowerSoil	31142858	20225008	2548351008	126	126				Anna_Pedrotti;Paolo_Manghi			0.0					Stanford	1.0								39.0				26.0	36.0	33.0	4.6410013					Hispanic_Latino									6.0																			94.0	88.4	0.4	7.2																																														
HMP_2019_t2d	HMP2_J00825_M_ST_T0_B0_0120_ZN9YTFN-01_C8GAAANXX	ZN9YTFN	stool		IGT	IGT	60.0		adult	female	USA	no	IlluminaHiSeq	PowerSoil	31142858	18966952	2864009752	151	151				Anna_Pedrotti;Paolo_Manghi			0.0					Stanford	1.0								39.0				26.0	36.0	33.0	4.6410013					Hispanic_Latino									6.0																			94.0	88.4	0.4	7.2																																														
HMP_2019_t2d	HMP2_J00825_M_ST_T0_B0_0120_ZN9YTFN-01_HA986ADXX	ZN9YTFN	stool		IGT	IGT	60.0		adult	female	USA	no	IlluminaHiSeq	PowerSoil	31142858	6534114	986651214	151	151				Anna_Pedrotti;Paolo_Manghi			0.0					Stanford	1.0								39.0				26.0	36.0	33.0	4.6410013					Hispanic_Latino									6.0																			94.0	88.4	0.4	7.2																																														
HMP_2019_t2d	HMP2_J00831_M_ST_T0_B0_0120_ZMGT937-01_C8GAAANXX	ZMGT937	stool		IGT	IGT	33.0		adult	male	USA	no	IlluminaHiSeq	PowerSoil	31142858	108801736	16429062136	151	151				Anna_Pedrotti;Paolo_Manghi			0.0					Stanford	1.0								42.0				20.0	43.0	42.0	3.9270011					Asian						174.0	38.0	154.0	5.5																	227.0		88.0	97.24	0.4	8.4	5.6	5.1	14.3																																											
HMP_2019_t2d	HMP2_J00831_M_ST_T0_B0_0120_ZMGT937-01_HA986ADXX	ZMGT937	stool		IGT	IGT	33.0		adult	male	USA	no	IlluminaHiSeq	PowerSoil	31142858	6165778	931032478	151	151				Anna_Pedrotti;Paolo_Manghi			0.0					Stanford	1.0								42.0				20.0	43.0	42.0	3.9270011					Asian						174.0	38.0	154.0	5.5																	227.0		88.0	97.24	0.4	8.4	5.6	5.1	14.3																																											
HMP_2019_t2d	HMP2_J00832_M_ST_T0_B0_0120_ZMGT937-02_HA986ADXX	ZMGT937	stool		IGT	IGT	34.0		adult	male	USA	no	IlluminaHiSeq	PowerSoil	31142858	13924468	2102594668	151	151				Anna_Pedrotti;Paolo_Manghi			89.0					Stanford	2.0								42.0	0.8			24.0	46.0	39.0	3.9270011					Asian						108.0	40.0	178.0	5.7																	240.0		90.0	88.4	0.4	8.1	5.9	4.92	13.6																																											
HMP_2019_t2d	HMP2_J00835_M_ST_T0_B0_0120_ZLZQMEV-01_HA986ADXX	ZLZQMEV	stool		control	Health	61.0		adult	female	USA	no	IlluminaHiSeq	PowerSoil	31142858	4853840	732929840	151	151				Anna_Pedrotti;Paolo_Manghi			0.0					Stanford	1.0								38.0	2.0			17.0	24.0	33.0	4.2840012					Hispanic_Latino						97.0	78.0	112.0	6.0																	209.0		101.0	61.88	0.3	7.1	4.6	3.92	12.6																																											
HMP_2019_t2d	HMP2_J00836_M_ST_T0_B0_0120_ZLZQMEV-03_HA986ADXX	ZLZQMEV	stool		control	Health	61.0		adult	female	USA	no	IlluminaHiSeq	PowerSoil	31142858	811392	122520192	151	151				Anna_Pedrotti;Paolo_Manghi			119.0					Stanford	6.0																				Hispanic_Latino																																																																													
HMP_2019_t2d	HMP2_J00840_M_ST_T0_B0_0120_ZLZNCLZ-01_HA986ADXX	ZLZNCLZ	stool		IGT	IGT	54.0		adult	male	USA	no	IlluminaHiSeq	PowerSoil	31142858	10750930	1623390430	151	151				Anna_Pedrotti;Paolo_Manghi			0.0					Stanford	1.0								44.0	0.7			21.0	30.0	29.0	4.6410013					Caucasian						149.0	44.0	138.0	5.7																	212.0		112.0	79.56	0.6	7.3	6.1	5.14	16.5																																											
HMP_2019_t2d	HMP2_J00842_M_ST_T0_B0_0120_ZLYEM2C-01_HA986ADXX	ZLYEM2C	stool		IGT	IGT	38.0		adult	male	USA	no	IlluminaHiSeq	PowerSoil	31142858	11199286	1691092186	151	151				Anna_Pedrotti;Paolo_Manghi			0.0					Stanford	1.0								40.0	0.2			26.0	37.0	28.0	5.3550015					Asian						38.0	46.0	115.0	5.2																	169.0		93.0	106.08	1.0	6.8	4.8	5.12	15.4																																											
HMP_2019_t2d	HMP2_J00843_M_ST_T0_B0_0120_ZLYEM2C-03_HA986ADXX	ZLYEM2C	stool		IGT	IGT	39.0		adult	male	USA	no	IlluminaHiSeq	PowerSoil	31142858	7343328	1108842528	151	151				Anna_Pedrotti;Paolo_Manghi			200.0					Stanford	5.0								42.0	0.4			29.0	52.0	33.0	4.2840012					Asian						62.0	55.0	127.0	5.2																	194.0		96.0	97.24	1.4	7.5	3.9	5.32	15.4																																											
HMP_2019_t2d	HMP2_J00845_M_ST_T0_B0_0120_ZLGD9M0-05_AC9387ANXX	ZLGD9M0	stool		IGT	IGT	68.0		senior	male	USA	no	IlluminaHiSeq	PowerSoil	31142858	14841006	1869966756	126	126				Anna_Pedrotti;Paolo_Manghi			91.0					Stanford	2.0								39.0				21.0		33.0	8.5680024					Caucasian						86.0	63.0	128.0	5.4																	208.0		86.0	97.24	0.5	7.2	5.2	4.58	13.9																																											
HMP_2019_t2d	HMP2_J00845_M_ST_T0_B0_0120_ZLGD9M0-05_C8GAAANXX	ZLGD9M0	stool		IGT	IGT	68.0		senior	male	USA	no	IlluminaHiSeq	PowerSoil	31142858	13761828	2078036028	151	151				Anna_Pedrotti;Paolo_Manghi			91.0					Stanford	2.0								39.0				21.0		33.0	8.5680024					Caucasian						86.0	63.0	128.0	5.4																	208.0		86.0	97.24	0.5	7.2	5.2	4.58	13.9																																											
HMP_2019_t2d	HMP2_J00845_M_ST_T0_B0_0120_ZLGD9M0-05_HA986ADXX	ZLGD9M0	stool		IGT	IGT	68.0		senior	male	USA	no	IlluminaHiSeq	PowerSoil	31142858	10426596	1574415996	151	151				Anna_Pedrotti;Paolo_Manghi			91.0					Stanford	2.0								39.0				21.0		33.0	8.5680024					Caucasian						86.0	63.0	128.0	5.4																	208.0		86.0	97.24	0.5	7.2	5.2	4.58	13.9																																											
HMP_2019_t2d	HMP2_J00846_M_ST_T0_B0_0120_ZLGD9M0-07_HA986ADXX	ZLGD9M0	stool		IGT	IGT	68.0		senior	male	USA	no	IlluminaHiSeq	PowerSoil	31142858	1424988	215173188	151	151				Anna_Pedrotti;Paolo_Manghi			238.0					Stanford	7.0								38.0	4.4			18.0		35.0	7.4970021					Caucasian						78.0	53.0	151.0	5.6																	220.0		96.0	79.56	0.4	7.3	8.6	4.65	13.8																																											
HMP_2019_t2d	HMP2_J00850_M_ST_T0_B0_0120_ZL9BTWF-03_HA986ADXX	ZL9BTWF	stool		IGT	IGT	64.0		adult	male	USA	no	IlluminaHiSeq	PowerSoil	31142858	14440220	2180473220	151	151				Anna_Pedrotti;Paolo_Manghi			91.0					Stanford	2.0								37.0				32.0	52.0	20.0	5.3550015					Caucasian						113.0	45.0	160.0	5.5																	228.0		119.0	97.24		5.7	6.0	4.91	15.1																																											
HMP_2019_t2d	HMP2_J00851_M_ST_T0_B0_0120_ZL9BTWF-04_HA986ADXX	ZL9BTWF	stool		IGT	IGT	65.0		adult	male	USA	no	IlluminaHiSeq	PowerSoil	31142858	6058318	914806018	151	151				Anna_Pedrotti;Paolo_Manghi			187.0					Stanford	3.0								40.0				33.0	33.0	25.0	6.0690017					Caucasian						185.0	44.0	158.0	6.1																	239.0		113.0	106.08	0.5	6.5	6.2	5.16	15.8																																											
HMP_2019_t2d	HMP2_J00852_M_ST_T0_B0_0120_ZL9BTWF-05_HA986ADXX	ZL9BTWF	stool		IGT	IGT	65.0		adult	male	USA	no	IlluminaHiSeq	PowerSoil	31142858	17254438	2605420138	151	151				Anna_Pedrotti;Paolo_Manghi			278.0					Stanford	4.0								42.0				32.0	38.0	23.0	4.9980014					Caucasian						142.0	42.0	165.0	5.9																	235.0		108.0	97.24	0.6	6.5	6.1	5.15	15.8																																											
HMP_2019_t2d	HMP2_J00853_M_ST_T0_B0_0120_ZL9BTWF-06_AC9387ANXX	ZL9BTWF	stool		IGT	IGT	65.0		adult	male	USA	no	IlluminaHiSeq	PowerSoil	31142858	14727134	1855618884	126	126				Anna_Pedrotti;Paolo_Manghi			369.0					Stanford	5.0								40.0	0.5			38.0	46.0	21.0	5.7120016					Caucasian						101.0	47.0	162.0																		229.0		107.0	106.08	0.8	6.1	5.7	4.93	15.5																																											
HMP_2019_t2d	HMP2_J00853_M_ST_T0_B0_0120_ZL9BTWF-06_C8GAAANXX	ZL9BTWF	stool		IGT	IGT	65.0		adult	male	USA	no	IlluminaHiSeq	PowerSoil	31142858	13378084	2020090684	151	151				Anna_Pedrotti;Paolo_Manghi			369.0					Stanford	5.0								40.0	0.5			38.0	46.0	21.0	5.7120016					Caucasian						101.0	47.0	162.0																		229.0		107.0	106.08	0.8	6.1	5.7	4.93	15.5																																											
HMP_2019_t2d	HMP2_J00853_M_ST_T0_B0_0120_ZL9BTWF-06_HA986ADXX	ZL9BTWF	stool		IGT	IGT	65.0		adult	male	USA	no	IlluminaHiSeq	PowerSoil	31142858	6178666	932978566	151	151				Anna_Pedrotti;Paolo_Manghi			369.0					Stanford	5.0								40.0	0.5			38.0	46.0	21.0	5.7120016					Caucasian						101.0	47.0	162.0																		229.0		107.0	106.08	0.8	6.1	5.7	4.93	15.5																																											
HMP_2019_t2d	HMP2_J00856_M_ST_T0_B0_0120_ZKVR426-01_C8GAAANXX	ZKVR426	stool		IGT	IGT	61.0		adult	female	USA	no	IlluminaHiSeq	PowerSoil	31142858	28679622	4330622922	151	151				Anna_Pedrotti;Paolo_Manghi			0.0					Stanford	1.0																				Caucasian																																																																													
HMP_2019_t2d	HMP2_J00856_M_ST_T0_B0_0120_ZKVR426-01_HA986ADXX	ZKVR426	stool		IGT	IGT	61.0		adult	female	USA	no	IlluminaHiSeq	PowerSoil	31142858	5293480	799315480	151	151				Anna_Pedrotti;Paolo_Manghi			0.0					Stanford	1.0																				Caucasian																																																																													
HMP_2019_t2d	HMP2_J00857_M_ST_T0_B0_0120_ZKVR426-02_C8GAAANXX	ZKVR426	stool		IGT	IGT	62.0		adult	female	USA	no	IlluminaHiSeq	PowerSoil	31142858	58104030	8773708530	151	151				Anna_Pedrotti;Paolo_Manghi			37.0					Stanford	2.0																				Caucasian																																																																													
HMP_2019_t2d	HMP2_J00857_M_ST_T0_B0_0120_ZKVR426-02_HA986ADXX	ZKVR426	stool		IGT	IGT	62.0		adult	female	USA	no	IlluminaHiSeq	PowerSoil	31142858	2481784	374749384	151	151				Anna_Pedrotti;Paolo_Manghi			37.0					Stanford	2.0																				Caucasian																																																																													
HMP_2019_t2d	HMP2_J00858_M_ST_T0_B0_0120_ZKVR426-03_C8GAAANXX	ZKVR426	stool		IGT	IGT	62.0		adult	female	USA	no	IlluminaHiSeq	PowerSoil	31142858	26467624	3996611224	151	151				Anna_Pedrotti;Paolo_Manghi			97.0					Stanford	3.0																				Caucasian																																																																													
HMP_2019_t2d	HMP2_J00858_M_ST_T0_B0_0120_ZKVR426-03_HA986ADXX	ZKVR426	stool		IGT	IGT	62.0		adult	female	USA	no	IlluminaHiSeq	PowerSoil	31142858	5877812	887549612	151	151				Anna_Pedrotti;Paolo_Manghi			97.0					Stanford	3.0																				Caucasian																																																																													
HMP_2019_t2d	HMP2_J00859_M_ST_T0_B0_0120_ZKVR426-04_AC9387ANXX	ZKVR426	stool		IGT	IGT	62.0		adult	female	USA	no	IlluminaHiSeq	PowerSoil	31142858	15319944	1930312944	126	126				Anna_Pedrotti;Paolo_Manghi			189.0					Stanford	4.0								41.0				22.0	38.0	30.0	2.8560008					Caucasian						154.0	42.0	69.0	5.6																	142.0		87.0	61.88	0.3	7.1	5.5	4.05	12.6																																											
HMP_2019_t2d	HMP2_J00859_M_ST_T0_B0_0120_ZKVR426-04_C8GAAANXX	ZKVR426	stool		IGT	IGT	62.0		adult	female	USA	no	IlluminaHiSeq	PowerSoil	31142858	14307332	2160407132	151	151				Anna_Pedrotti;Paolo_Manghi			189.0					Stanford	4.0								41.0				22.0	38.0	30.0	2.8560008					Caucasian						154.0	42.0	69.0	5.6																	142.0		87.0	61.88	0.3	7.1	5.5	4.05	12.6																																											
HMP_2019_t2d	HMP2_J00859_M_ST_T0_B0_0120_ZKVR426-04_HA986ADXX	ZKVR426	stool		IGT	IGT	62.0		adult	female	USA	no	IlluminaHiSeq	PowerSoil	31142858	3936092	594349892	151	151				Anna_Pedrotti;Paolo_Manghi			189.0					Stanford	4.0								41.0				22.0	38.0	30.0	2.8560008					Caucasian						154.0	42.0	69.0	5.6																	142.0		87.0	61.88	0.3	7.1	5.5	4.05	12.6																																											
HMP_2019_t2d	HMP2_J00860_M_ST_T0_B0_0120_ZKVR426-06_C8GAAANXX	ZKVR426	stool		IGT	IGT	63.0		adult	female	USA	no	IlluminaHiSeq	PowerSoil	31142858	44328518	6693606218	151	151				Anna_Pedrotti;Paolo_Manghi			399.0					Stanford	10.0								40.0	0.7			24.0	44.0	32.0	5.7120016					Caucasian						126.0	49.0	101.0	5.9																	175.0		81.0	70.72	0.3	7.2	5.9	4.2	13.1																																											
HMP_2019_t2d	HMP2_J00860_M_ST_T0_B0_0120_ZKVR426-06_HA986ADXX	ZKVR426	stool		IGT	IGT	63.0		adult	female	USA	no	IlluminaHiSeq	PowerSoil	31142858	2592608	391483808	151	151				Anna_Pedrotti;Paolo_Manghi			399.0					Stanford	10.0								40.0	0.7			24.0	44.0	32.0	5.7120016					Caucasian						126.0	49.0	101.0	5.9																	175.0		81.0	70.72	0.3	7.2	5.9	4.2	13.1																																											
HMP_2019_t2d	HMP2_J00872_M_ST_T0_B0_0120_ZN0JE53-01_HA986ADXX	ZN0JE53	stool		IGT	IGT	66.0		senior	male	USA	no	IlluminaHiSeq	PowerSoil	31142858	1255618	189598318	151	151				Anna_Pedrotti;Paolo_Manghi			0.0					Stanford	1.0																				African_American																																																																													
HMP_2019_t2d	HMP2_J00873_M_ST_T0_B0_0120_ZN0JE53-02_C8GAAANXX	ZN0JE53	stool		IGT	IGT	67.0		senior	male	USA	no	IlluminaHiSeq	PowerSoil	31142858	90417336	13653017736	151	151				Anna_Pedrotti;Paolo_Manghi			85.0					Stanford	2.0								40.0				20.0	33.0	30.0	5.3550015					African_American						45.0	65.0	114.0	5.7																	188.0		94.0	79.56	0.9	7.0	3.4	4.28	13.5																																											
HMP_2019_t2d	HMP2_J00873_M_ST_T0_B0_0120_ZN0JE53-02_HA986ADXX	ZN0JE53	stool		IGT	IGT	67.0		senior	male	USA	no	IlluminaHiSeq	PowerSoil	31142858	3570406	539131306	151	151				Anna_Pedrotti;Paolo_Manghi			85.0					Stanford	2.0								40.0				20.0	33.0	30.0	5.3550015					African_American						45.0	65.0	114.0	5.7																	188.0		94.0	79.56	0.9	7.0	3.4	4.28	13.5																																											
HMP_2019_t2d	HMP2_J00874_M_ST_T0_B0_0120_ZN0JE53-03_HA986ADXX	ZN0JE53	stool		IGT	IGT	67.0		senior	male	USA	no	IlluminaHiSeq	PowerSoil	31142858	17262804	2606683404	151	151				Anna_Pedrotti;Paolo_Manghi			183.0					Stanford	3.0								40.0	4.9			18.0	30.0	32.0	7.140002					African_American						62.0	54.0	77.0	5.7																	143.0		91.0	88.4	0.8	7.2	2.6	4.28	13.2																																											
HMP_2019_t2d	HMP2_J00875_M_ST_T0_B0_0120_ZMBVNFM-01_C8GAAANXX	ZMBVNFM	stool		IGT	IGT	59.0		adult	male	USA	no	IlluminaHiSeq	PowerSoil	31142858	41864314	6321511414	151	151				Anna_Pedrotti;Paolo_Manghi			0.0					Stanford	1.0								39.0				20.0	32.0	28.0	4.9980014					Asian						80.0	51.0	149.0	5.7																	216.0		90.0	97.24	0.5	6.7	5.3	5.02	15.2																																											
HMP_2019_t2d	HMP2_J00875_M_ST_T0_B0_0120_ZMBVNFM-01_HA986ADXX	ZMBVNFM	stool		IGT	IGT	59.0		adult	male	USA	no	IlluminaHiSeq	PowerSoil	31142858	3076094	464490194	151	151				Anna_Pedrotti;Paolo_Manghi			0.0					Stanford	1.0								39.0				20.0	32.0	28.0	4.9980014					Asian						80.0	51.0	149.0	5.7																	216.0		90.0	97.24	0.5	6.7	5.3	5.02	15.2																																											
HMP_2019_t2d	HMP2_J00876_M_ST_T0_B0_0120_ZMBVNFM-02_C8GAAANXX	ZMBVNFM	stool		IGT	IGT	59.0		adult	male	USA	no	IlluminaHiSeq	PowerSoil	31142858	37518728	5665327928	151	151				Anna_Pedrotti;Paolo_Manghi			53.0					Stanford	2.0								37.0	0.5			19.0	38.0	24.0	3.570001					Asian						168.0	46.0	154.0	5.6																	234.0		93.0	88.4	0.5	6.1	5.5	4.6	14.0																																											
HMP_2019_t2d	HMP2_J00876_M_ST_T0_B0_0120_ZMBVNFM-02_HA986ADXX	ZMBVNFM	stool		IGT	IGT	59.0		adult	male	USA	no	IlluminaHiSeq	PowerSoil	31142858	6362732	960772532	151	151				Anna_Pedrotti;Paolo_Manghi			53.0					Stanford	2.0								37.0	0.5			19.0	38.0	24.0	3.570001					Asian						168.0	46.0	154.0	5.6																	234.0		93.0	88.4	0.5	6.1	5.5	4.6	14.0																																											
HMP_2019_t2d	HMP2_J00877_M_ST_T0_B0_0120_ZMBVNFM-03_C8GAAANXX	ZMBVNFM	stool		IGT	IGT	59.0		adult	male	USA	no	IlluminaHiSeq	PowerSoil	31142858	63903560	9649437560	151	151				Anna_Pedrotti;Paolo_Manghi			147.0					Stanford	3.0								40.0	0.6			27.0	36.0	26.0	3.9270011					Asian						84.0	61.0	142.0	5.9																	220.0		102.0	97.24	0.8	6.6	4.9	5.38	16.4																																											
HMP_2019_t2d	HMP2_J00877_M_ST_T0_B0_0120_ZMBVNFM-03_HA986ADXX	ZMBVNFM	stool		IGT	IGT	59.0		adult	male	USA	no	IlluminaHiSeq	PowerSoil	31142858	4104354	619757454	151	151				Anna_Pedrotti;Paolo_Manghi			147.0					Stanford	3.0								40.0	0.6			27.0	36.0	26.0	3.9270011					Asian						84.0	61.0	142.0	5.9																	220.0		102.0	97.24	0.8	6.6	4.9	5.38	16.4																																											
HMP_2019_t2d	HMP2_J00878_M_ST_T0_B0_0120_ZMBVNFM-04_AC9387ANXX	ZMBVNFM	stool		IGT	IGT	59.0		adult	male	USA	no	IlluminaHiSeq	PowerSoil	31142858	279070654	35162902404	126	126				Anna_Pedrotti;Paolo_Manghi			233.0					Stanford	4.0								39.0	0.5			18.0	35.0	27.0	5.3550015					Asian						85.0	59.0	153.0	5.9																	229.0		88.0	97.24	0.9	6.6	5.1	5.03	15.3																																											
HMP_2019_t2d	HMP2_J00878_M_ST_T0_B0_0120_ZMBVNFM-04_HA986ADXX	ZMBVNFM	stool		IGT	IGT	59.0		adult	male	USA	no	IlluminaHiSeq	PowerSoil	31142858	7396432	1116861232	151	151				Anna_Pedrotti;Paolo_Manghi			233.0					Stanford	4.0								39.0	0.5			18.0	35.0	27.0	5.3550015					Asian						85.0	59.0	153.0	5.9																	229.0		88.0	97.24	0.9	6.6	5.1	5.03	15.3																																											
HMP_2019_t2d	HMP2_J00879_M_ST_T0_B0_0120_ZMBH10Z-01_AC9387ANXX	ZMBH10Z	stool		control	Health	54.0		adult	female	USA	no	IlluminaHiSeq	PowerSoil	31142858	23958684	3018794184	126	126				Anna_Pedrotti;Paolo_Manghi			0.0					Stanford	1.0								38.0				21.0	25.0	32.0	3.9270011					African_American						53.0	53.0	123.0	5.7																	187.0		92.0	53.04	0.7	7.0	5.1	4.2	12.4																																											
HMP_2019_t2d	HMP2_J00879_M_ST_T0_B0_0120_ZMBH10Z-01_C8GAAANXX	ZMBH10Z	stool		control	Health	54.0		adult	female	USA	no	IlluminaHiSeq	PowerSoil	31142858	18348526	2770627426	151	151				Anna_Pedrotti;Paolo_Manghi			0.0					Stanford	1.0								38.0				21.0	25.0	32.0	3.9270011					African_American						53.0	53.0	123.0	5.7																	187.0		92.0	53.04	0.7	7.0	5.1	4.2	12.4																																											
HMP_2019_t2d	HMP2_J00879_M_ST_T0_B0_0120_ZMBH10Z-01_HA986ADXX	ZMBH10Z	stool		control	Health	54.0		adult	female	USA	no	IlluminaHiSeq	PowerSoil	31142858	7146824	1079170424	151	151				Anna_Pedrotti;Paolo_Manghi			0.0					Stanford	1.0								38.0				21.0	25.0	32.0	3.9270011					African_American						53.0	53.0	123.0	5.7																	187.0		92.0	53.04	0.7	7.0	5.1	4.2	12.4																																											
HMP_2019_t2d	HMP2_J00880_M_ST_T0_B0_0120_ZMBH10Z-02_AC9387ANXX	ZMBH10Z	stool		control	Health	54.0		adult	female	USA	no	IlluminaHiSeq	PowerSoil	31142858	48987348	6172405848	126	126				Anna_Pedrotti;Paolo_Manghi			37.0					Stanford	2.0								37.0	2.0			23.0	23.0	37.0	3.9270011					African_American						71.0	55.0	135.0	5.6																	204.0		87.0	53.04	0.9	7.4	5.4	4.37	12.8																																											
HMP_2019_t2d	HMP2_J00880_M_ST_T0_B0_0120_ZMBH10Z-02_C8GAAANXX	ZMBH10Z	stool		control	Health	54.0		adult	female	USA	no	IlluminaHiSeq	PowerSoil	31142858	37900212	5722932012	151	151				Anna_Pedrotti;Paolo_Manghi			37.0					Stanford	2.0								37.0	2.0			23.0	23.0	37.0	3.9270011					African_American						71.0	55.0	135.0	5.6																	204.0		87.0	53.04	0.9	7.4	5.4	4.37	12.8																																											
HMP_2019_t2d	HMP2_J00880_M_ST_T0_B0_0120_ZMBH10Z-02_HA986ADXX	ZMBH10Z	stool		control	Health	54.0		adult	female	USA	no	IlluminaHiSeq	PowerSoil	31142858	3191166	481866066	151	151				Anna_Pedrotti;Paolo_Manghi			37.0					Stanford	2.0								37.0	2.0			23.0	23.0	37.0	3.9270011					African_American						71.0	55.0	135.0	5.6																	204.0		87.0	53.04	0.9	7.4	5.4	4.37	12.8																																											
HMP_2019_t2d	HMP2_J00881_M_ST_T0_B0_0120_ZMBH10Z-03_C8GAAANXX	ZMBH10Z	stool		control	Health	54.0		adult	female	USA	no	IlluminaHiSeq	PowerSoil	31142858	13600868	2053731068	151	151				Anna_Pedrotti;Paolo_Manghi			168.0					Stanford	3.0								39.0	1.3			23.0	31.0	38.0	3.2130009					African_American						43.0	53.0	126.0	6.5																	188.0		84.0	61.88	1.0	7.7	4.6	4.62	13.2																																											
HMP_2019_t2d	HMP2_J00881_M_ST_T0_B0_0120_ZMBH10Z-03_HA986ADXX	ZMBH10Z	stool		control	Health	54.0		adult	female	USA	no	IlluminaHiSeq	PowerSoil	31142858	2690158	406213858	151	151				Anna_Pedrotti;Paolo_Manghi			168.0					Stanford	3.0								39.0	1.3			23.0	31.0	38.0	3.2130009					African_American						43.0	53.0	126.0	6.5																	188.0		84.0	61.88	1.0	7.7	4.6	4.62	13.2																																											
HMP_2019_t2d	HMP2_J00882_M_ST_T0_B0_0120_ZM7JY3G-01_HA986ADXX	ZM7JY3G	stool		control	Health	60.0		adult	male	USA	no	IlluminaHiSeq	PowerSoil	31142858	14039524	2119968124	151	151				Anna_Pedrotti;Paolo_Manghi			0.0					Stanford	1.0								40.0	0.7			16.0	28.0	30.0	3.570001					Asian						162.0	38.0	135.0	5.6																	205.0		95.0	70.72	1.1	7.0	6.8	4.87	15.8																																											
HMP_2019_t2d	HMP2_J00883_M_ST_T0_B0_0120_ZM7JY3G-02_HA986ADXX	ZM7JY3G	stool		control	Health	60.0		adult	male	USA	no	IlluminaHiSeq	PowerSoil	31142858	13959076	2107820476	151	151				Anna_Pedrotti;Paolo_Manghi			35.0					Stanford	2.0								40.0	0.6			20.0	39.0	34.0	4.6410013					Asian						137.0	45.0	152.0	5.6																	224.0		86.0	70.72	1.2	7.4	5.9	4.94	16.1																																											
HMP_2019_t2d	HMP2_J00884_M_ST_T0_B0_0120_ZM7JY3G-04_C8GAAANXX	ZM7JY3G	stool		control	Health	60.0		adult	male	USA	no	IlluminaHiSeq	PowerSoil	31142858	62715648	9470062848	151	151				Anna_Pedrotti;Paolo_Manghi			168.0					Stanford	4.0								38.0	0.6			21.0	32.0	35.0	3.9270011					Asian						75.0	49.0	111.0	5.9																	175.0		94.0	79.56	1.3	7.3	8.6	4.89	15.8																																											
HMP_2019_t2d	HMP2_J00884_M_ST_T0_B0_0120_ZM7JY3G-04_HA986ADXX	ZM7JY3G	stool		control	Health	60.0		adult	male	USA	no	IlluminaHiSeq	PowerSoil	31142858	6803752	1027366552	151	151				Anna_Pedrotti;Paolo_Manghi			168.0					Stanford	4.0								38.0	0.6			21.0	32.0	35.0	3.9270011					Asian						75.0	49.0	111.0	5.9																	175.0		94.0	79.56	1.3	7.3	8.6	4.89	15.8																																											
HMP_2019_t2d	HMP2_J00885_M_ST_T0_B0_0120_ZKFV71L-01_AC9387ANXX	ZKFV71L	stool		IGT	IGT	66.0		senior	female	USA	no	IlluminaHiSeq	PowerSoil	31142858	45075404	5679500904	126	126				Anna_Pedrotti;Paolo_Manghi			0.0					Stanford	1.0								40.0				25.0	24.0	31.0	5.7120016					African_American						46.0	91.0	28.0	6.0																	128.0		110.0	88.4		7.1	4.1	4.45	13.6																																											
HMP_2019_t2d	HMP2_J00885_M_ST_T0_B0_0120_ZKFV71L-01_C8GAAANXX	ZKFV71L	stool		IGT	IGT	66.0		senior	female	USA	no	IlluminaHiSeq	PowerSoil	31142858	36395850	5495773350	151	151				Anna_Pedrotti;Paolo_Manghi			0.0					Stanford	1.0								40.0				25.0	24.0	31.0	5.7120016					African_American						46.0	91.0	28.0	6.0																	128.0		110.0	88.4		7.1	4.1	4.45	13.6																																											
HMP_2019_t2d	HMP2_J00885_M_ST_T0_B0_0120_ZKFV71L-01_HA986ADXX	ZKFV71L	stool		IGT	IGT	66.0		senior	female	USA	no	IlluminaHiSeq	PowerSoil	31142858	4851802	732622102	151	151				Anna_Pedrotti;Paolo_Manghi			0.0					Stanford	1.0								40.0				25.0	24.0	31.0	5.7120016					African_American						46.0	91.0	28.0	6.0																	128.0		110.0	88.4		7.1	4.1	4.45	13.6																																											
HMP_2019_t2d	HMP2_J00886_M_ST_T0_B0_0120_ZKFV71L-02_C8GAAANXX	ZKFV71L	stool		IGT	IGT	66.0		senior	female	USA	no	IlluminaHiSeq	PowerSoil	31142858	22439290	3388332790	151	151				Anna_Pedrotti;Paolo_Manghi			68.0					Stanford	2.0								37.0				21.0	35.0	30.0	6.4260018					African_American						54.0	86.0	47.0	6.2																	144.0		114.0	70.72	0.2	6.7	3.9	4.16	12.7																																											
HMP_2019_t2d	HMP2_J00886_M_ST_T0_B0_0120_ZKFV71L-02_HA986ADXX	ZKFV71L	stool		IGT	IGT	66.0		senior	female	USA	no	IlluminaHiSeq	PowerSoil	31142858	1249056	188607456	151	151				Anna_Pedrotti;Paolo_Manghi			68.0					Stanford	2.0								37.0				21.0	35.0	30.0	6.4260018					African_American						54.0	86.0	47.0	6.2																	144.0		114.0	70.72	0.2	6.7	3.9	4.16	12.7																																											
HMP_2019_t2d	HMP2_J00887_M_ST_T0_B0_0120_ZKFV71L-04_C8GAAANXX	ZKFV71L	stool		IGT	IGT	66.0		senior	female	USA	no	IlluminaHiSeq	PowerSoil	31142858	1698274	256439374	151	151				Anna_Pedrotti;Paolo_Manghi			173.0					Stanford	3.0								42.0				21.0	34.0	30.0	5.3550015					African_American						54.0	69.0	43.0	6.2																	123.0		94.0	79.56	0.4	7.2	4.2	4.42	13.4																																											
HMP_2019_t2d	HMP2_J00887_M_ST_T0_B0_0120_ZKFV71L-04_HA986ADXX	ZKFV71L	stool		IGT	IGT	66.0		senior	female	USA	no	IlluminaHiSeq	PowerSoil	31142858	616656	93115056	151	151				Anna_Pedrotti;Paolo_Manghi			173.0					Stanford	3.0								42.0				21.0	34.0	30.0	5.3550015					African_American						54.0	69.0	43.0	6.2																	123.0		94.0	79.56	0.4	7.2	4.2	4.42	13.4																																											
HMP_2019_t2d	HMP2_J00888_M_ST_T0_B0_0120_ZK4CK8Y-02_AC9387ANXX	ZK4CK8Y	stool		IGT	IGT	50.0		adult	female	USA	no	IlluminaHiSeq	PowerSoil	31142858	35909990	4524658740	126	126				Anna_Pedrotti;Paolo_Manghi			35.0					Stanford	2.0								35.0				24.0	27.0	34.0	4.2840012					Caucasian						101.0	122.0	88.0	5.4																	230.0		77.0	88.4		6.9	7.0	4.0	13.0																																											
HMP_2019_t2d	HMP2_J00888_M_ST_T0_B0_0120_ZK4CK8Y-02_C8GAAANXX	ZK4CK8Y	stool		IGT	IGT	50.0		adult	female	USA	no	IlluminaHiSeq	PowerSoil	31142858	37698218	5692430918	151	151				Anna_Pedrotti;Paolo_Manghi			35.0					Stanford	2.0								35.0				24.0	27.0	34.0	4.2840012					Caucasian						101.0	122.0	88.0	5.4																	230.0		77.0	88.4		6.9	7.0	4.0	13.0																																											
HMP_2019_t2d	HMP2_J00888_M_ST_T0_B0_0120_ZK4CK8Y-02_HA986ADXX	ZK4CK8Y	stool		IGT	IGT	50.0		adult	female	USA	no	IlluminaHiSeq	PowerSoil	31142858	5437122	821005422	151	151				Anna_Pedrotti;Paolo_Manghi			35.0					Stanford	2.0								35.0				24.0	27.0	34.0	4.2840012					Caucasian						101.0	122.0	88.0	5.4																	230.0		77.0	88.4		6.9	7.0	4.0	13.0																																											
HMP_2019_t2d	HMP2_J00889_M_ST_T0_B0_0120_ZK4CK8Y-03_C8GAAANXX	ZK4CK8Y	stool		IGT	IGT	50.0		adult	female	USA	no	IlluminaHiSeq	PowerSoil	31142858	15288498	2308563198	151	151				Anna_Pedrotti;Paolo_Manghi			140.0					Stanford	3.0								39.0				22.0	33.0	34.0	5.7120016					Caucasian						51.0	107.0	101.0	4.8																	218.0		87.0	97.24	0.4	7.3	4.4	4.06	13.1																																											
HMP_2019_t2d	HMP2_J00889_M_ST_T0_B0_0120_ZK4CK8Y-03_HA986ADXX	ZK4CK8Y	stool		IGT	IGT	50.0		adult	female	USA	no	IlluminaHiSeq	PowerSoil	31142858	4630002	699130302	151	151				Anna_Pedrotti;Paolo_Manghi			140.0					Stanford	3.0								39.0				22.0	33.0	34.0	5.7120016					Caucasian						51.0	107.0	101.0	4.8																	218.0		87.0	97.24	0.4	7.3	4.4	4.06	13.1																																											
HMP_2019_t2d	HMP2_J00890_M_ST_T0_B0_0120_ZK4CK8Y-04_C8GAAANXX	ZK4CK8Y	stool		IGT	IGT	50.0		adult	female	USA	no	IlluminaHiSeq	PowerSoil	31142858	2614218	394746918	151	151				Anna_Pedrotti;Paolo_Manghi			222.0					Stanford	4.0								34.0	7.4			24.0	24.0	30.0	7.140002					Caucasian						48.0	95.0	65.0	5.1																	170.0		83.0	70.72	0.2	6.4	4.4	3.6	11.7																																											
HMP_2019_t2d	HMP2_J00890_M_ST_T0_B0_0120_ZK4CK8Y-04_HA986ADXX	ZK4CK8Y	stool		IGT	IGT	50.0		adult	female	USA	no	IlluminaHiSeq	PowerSoil	31142858	1109150	167481650	151	151				Anna_Pedrotti;Paolo_Manghi			222.0					Stanford	4.0								34.0	7.4			24.0	24.0	30.0	7.140002					Caucasian						48.0	95.0	65.0	5.1																	170.0		83.0	70.72	0.2	6.4	4.4	3.6	11.7																																											
HMP_2019_t2d	HMP2_J00891_M_ST_T0_B0_0120_ZJTKAE3-01_C8GAAANXX	ZJTKAE3	stool		control	Health	58.0		adult	female	USA	no	IlluminaHiSeq	PowerSoil	31142858	56691094	8560355194	151	151				Anna_Pedrotti;Paolo_Manghi			0.0					Stanford	1.0																				Caucasian																																																																													
HMP_2019_t2d	HMP2_J00891_M_ST_T0_B0_0120_ZJTKAE3-01_HA986ADXX	ZJTKAE3	stool		control	Health	58.0		adult	female	USA	no	IlluminaHiSeq	PowerSoil	31142858	6554302	989699602	151	151				Anna_Pedrotti;Paolo_Manghi			0.0					Stanford	1.0																				Caucasian																																																																													
HMP_2019_t2d	HMP2_J00892_M_ST_T0_B0_0120_ZJTKAE3-02_HA986ADXX	ZJTKAE3	stool		control	Health	58.0		adult	female	USA	no	IlluminaHiSeq	PowerSoil	31142858	25509138	3851879838	151	151				Anna_Pedrotti;Paolo_Manghi			94.0					Stanford	2.0								39.0	2.4			27.0	39.0	33.0	6.7830019					Caucasian						61.0	78.0	137.0	5.5																	227.0		89.0	70.72	0.3	7.2	5.9	4.69	13.8																																											
HMP_2019_t2d	HMP2_J00893_M_ST_T0_B0_0120_ZJTKAE3-04_HA986ADXX	ZJTKAE3	stool		control	Health	59.0		adult	female	USA	no	IlluminaHiSeq	PowerSoil	31142858	16104712	2431811512	151	151				Anna_Pedrotti;Paolo_Manghi			254.0					Stanford	4.0								41.0	3.2			23.0	27.0	33.0	4.6410013					Caucasian						56.0	82.0	115.0	5.2																	208.0		98.0	70.72	0.4	7.4	5.2	4.89	13.9																																											
HMP_2019_t2d	HMP2_J00895_M_ST_T0_B0_0120_ZL9BTWF-05X_HA986ADXX	ZL9BTWF	stool		IGT	IGT	65.0		adult	male	USA	no	IlluminaHiSeq	PowerSoil	31142858	11257364	1699861964	151	151				Anna_Pedrotti;Paolo_Manghi			278.0					Stanford	4.0																				Caucasian																																																																													
HMP_2019_t2d	HMP2_J00896_M_ST_T0_B0_0120_ZLZQMEV-01X_HA986ADXX	ZLZQMEV	stool		control	Health	61.0		adult	female	USA	no	IlluminaHiSeq	PowerSoil	31142858	13463032	2032917832	151	151				Anna_Pedrotti;Paolo_Manghi			0.0					Stanford	1.0																				Hispanic_Latino																																																																													
HMP_2019_t2d	HMP2_J05403_M_ST_T0_B0_0120_ZN9YTFN-03_HBB8WADXX	ZN9YTFN	stool		IGT	IGT	60.0		adult	female	USA	no	IlluminaHiSeq	PowerSoil	31142858	1644408	248305608	151	151				Anna_Pedrotti;Paolo_Manghi			219.0					Stanford	7.0								35.0	8.9			20.0	27.0	37.0	5.3550015					Hispanic_Latino						175.0	51.0	189.0	6.2																	275.0		89.0	88.4	0.3	7.2	5.1	4.41	12.7																																											
HMP_2019_t2d	HMP2_J05404_M_ST_T0_B0_0120_ZN9YTFN-03_C8GAAANXX	ZN9YTFN	stool		IGT	IGT	60.0		adult	female	USA	no	IlluminaHiSeq	PowerSoil	31142858	44086918	6657124618	151	151				Anna_Pedrotti;Paolo_Manghi			219.0					Stanford	7.0								35.0	8.9			20.0	27.0	37.0	5.3550015					Hispanic_Latino						175.0	51.0	189.0	6.2																	275.0		89.0	88.4	0.3	7.2	5.1	4.41	12.7																																											
HMP_2019_t2d	HMP2_J05409_M_ST_T0_B0_0120_ZMBH10Z-04_C8GAAANXX	ZMBH10Z	stool		control	Health	54.0		adult	female	USA	no	IlluminaHiSeq	PowerSoil	31142858	46661774	7045927874	151	151				Anna_Pedrotti;Paolo_Manghi			282.0					Stanford	4.0								38.0	1.7			16.0	21.0	39.0	4.6410013					African_American						32.0	57.0	136.0	5.8																	199.0		83.0	61.88	0.9	7.7	4.9	4.74	13.5																																											
HMP_2019_t2d	HMP2_J05418_M_ST_T0_B0_0120_ZLZNCLZ-03_C934HANXX	ZLZNCLZ	stool		IGT	IGT	55.0		adult	male	USA	no	IlluminaHiSeq	PowerSoil	31142858	38108672	4801692672	126	126				Anna_Pedrotti;Paolo_Manghi			145.0					Stanford	5.0																				Caucasian																																																																													
HMP_2019_t2d	HMP2_J05418_M_ST_T0_B0_0120_ZLZNCLZ-03_HBB8WADXX	ZLZNCLZ	stool		IGT	IGT	55.0		adult	male	USA	no	IlluminaHiSeq	PowerSoil	31142858	887376	133993776	151	151				Anna_Pedrotti;Paolo_Manghi			145.0					Stanford	5.0																				Caucasian																																																																													
HMP_2019_t2d	HMP2_J05437_M_ST_T0_B0_0120_ZL9BTWF-07_H15WVBG	ZL9BTWF	stool		IGT	IGT	65.0		adult	male	USA	no	IlluminaHiSeq	PowerSoil	31142858	16150810	2420529317	35	151				Anna_Pedrotti;Paolo_Manghi			460.0					Stanford	9.0								41.0	0.8			37.0	40.0	25.0	6.0690017					Caucasian						76.0	52.0	206.0	5.7																	273.0		103.0	97.24	0.8	6.6	6.5	5.07	15.9																																											
HMP_2019_t2d	HMP2_J05437_M_ST_T0_B0_0120_ZL9BTWF-07_HB5LAADX	ZL9BTWF	stool		IGT	IGT	65.0		adult	male	USA	no	IlluminaHiSeq	PowerSoil	31142858	8747224	1320830824	151	151				Anna_Pedrotti;Paolo_Manghi			460.0					Stanford	9.0								41.0	0.8			37.0	40.0	25.0	6.0690017					Caucasian						76.0	52.0	206.0	5.7																	273.0		103.0	97.24	0.8	6.6	6.5	5.07	15.9																																											
HMP_2019_t2d	HMP2_J05446_M_ST_T0_B0_0120_ZKFV71L-05_HBB8WADXX	ZKFV71L	stool		IGT	IGT	67.0		senior	female	USA	no	IlluminaHiSeq	PowerSoil	31142858	717646	108364546	151	151				Anna_Pedrotti;Paolo_Manghi			439.0					Stanford	5.0								41.0	3.5			15.0	20.0	31.0	6.0690017					African_American						39.0	72.0	46.0	5.6																	126.0		96.0	79.56	0.3	7.2	4.1	4.49	13.9																																											
HMP_2019_t2d	HMP2_J05447_M_ST_T0_B0_0120_ZK4CK8Y-01_C8GAAANXX	ZK4CK8Y	stool		IGT	IGT	50.0		adult	female	USA	no	IlluminaHiSeq	PowerSoil	31142858	53882448	8136249648	151	151				Anna_Pedrotti;Paolo_Manghi			0.0					Stanford	1.0								37.0				21.0	37.0	32.0	5.3550015					Caucasian						70.0	110.0	76.0	4.8																	200.0		82.0	88.4		6.9	3.8	3.64	11.9																																											
HMP_2019_t2d	HMP2_J05447_M_ST_T0_B0_0120_ZK4CK8Y-01_HBB8WADXX	ZK4CK8Y	stool		IGT	IGT	50.0		adult	female	USA	no	IlluminaHiSeq	PowerSoil	31142858	1038169	156763519	151	151				Anna_Pedrotti;Paolo_Manghi			0.0					Stanford	1.0								37.0				21.0	37.0	32.0	5.3550015					Caucasian						70.0	110.0	76.0	4.8																	200.0		82.0	88.4		6.9	3.8	3.64	11.9																																											
HMP_2019_t2d	HMP2_J08149_M_ST_T0_B0_0120_ZOZOW1T-83_HCG2MBGXX_S2	ZOZOW1T	stool		IGT	IGT	64.0		adult	male	USA	no	IlluminaHiSeq	PowerSoil	31142858	3675790	552881153	32	151				Anna_Pedrotti;Paolo_Manghi			1680.0					Stanford	84.0								44.0	3.1			26.0	46.0	24.0	7.8540022					Caucasian						95.0	67.0	100.0	6.0																	186.0		134.0	114.92	0.7	6.8	9.1	4.93	14.5																																											
HMP_2019_t2d	HMP2_J08150_M_ST_T0_B0_0120_ZOZOW1T-6011_HCG2MBGXX_S3	ZOZOW1T	stool		IGT	IGT	64.0		adult	male	USA	no	IlluminaHiSeq	PowerSoil	31142858	13587782	2044300593	32	151				Anna_Pedrotti;Paolo_Manghi			1699.0					Stanford	86.0																				Caucasian																																																																													
HMP_2019_t2d	HMP2_J08151_M_ST_T0_B0_0120_ZOZOW1T-6011.1_HCG2MBGXX_S4	ZOZOW1T	stool		IGT	IGT	64.0		adult	male	USA	no	IlluminaHiSeq	PowerSoil	31142858	13805046	2076781850	32	151				Anna_Pedrotti;Paolo_Manghi			1699.0					Stanford	86.0																				Caucasian																																																																													
HMP_2019_t2d	HMP2_J08152_M_ST_T0_B0_0120_ZOZOW1T-6011.2_HCG2MBGXX_S5	ZOZOW1T	stool		IGT	IGT	64.0		adult	male	USA	no	IlluminaHiSeq	PowerSoil	31142858	15933942	2397275892	32	151				Anna_Pedrotti;Paolo_Manghi			1699.0					Stanford	86.0																				Caucasian																																																																													
HMP_2019_t2d	HMP2_J08153_M_ST_T0_B0_0120_ZOZOW1T-6012_HCG2MBGXX_S6	ZOZOW1T	stool		IGT	IGT	64.0		adult	male	USA	no	IlluminaHiSeq	PowerSoil	31142858	11956742	1798696987	32	151				Anna_Pedrotti;Paolo_Manghi			1702.0					Stanford	87.0								40.0	0.2			27.0	49.0	21.0	8.2110023					Caucasian						57.0	60.0	99.0	6.3																	170.0		114.0	97.24	0.4	6.1	4.8	4.4	13.0																																											
HMP_2019_t2d	HMP2_J08154_M_ST_T0_B0_0120_ZOZOW1T-6012.1_HCG2MBGXX_S7	ZOZOW1T	stool		IGT	IGT	64.0		adult	male	USA	no	IlluminaHiSeq	PowerSoil	31142858	13875820	2087969526	32	151				Anna_Pedrotti;Paolo_Manghi			1702.0					Stanford	87.0																				Caucasian																																																																													
HMP_2019_t2d	HMP2_J08155_M_ST_T0_B0_0120_ZOZOW1T-6012.2_HCG2MBGXX_S8	ZOZOW1T	stool		IGT	IGT	64.0		adult	male	USA	no	IlluminaHiSeq	PowerSoil	31142858	14466900	2176716955	32	151				Anna_Pedrotti;Paolo_Manghi			1702.0					Stanford	87.0																				Caucasian																																																																													
HMP_2019_t2d	HMP2_J08156_M_ST_T0_B0_0120_ZOZOW1T-6013_HCG2MBGXX_S9	ZOZOW1T	stool		IGT	IGT	64.0		adult	male	USA	no	IlluminaHiSeq	PowerSoil	31142858	13504510	2031341697	32	151				Anna_Pedrotti;Paolo_Manghi			1709.0					Stanford	88.0								42.0	0.3			30.0	54.0	22.0	7.140002					Caucasian						50.0	68.0	103.0	6.1																	181.0		148.0	97.24	0.6	6.4	4.3	4.68	13.7																																											
HMP_2019_t2d	HMP2_J08157_M_ST_T0_B0_0120_ZOZOW1T-6013A_HCG2MBGXX_S10	ZOZOW1T	stool		IGT	IGT	64.0		adult	male	USA	no	IlluminaHiSeq	PowerSoil	31142858	20598988	3099111936	32	151				Anna_Pedrotti;Paolo_Manghi			1709.0					Stanford	88.0																				Caucasian																																																																													
HMP_2019_t2d	HMP2_J08159_M_ST_T0_B0_0120_ZOZOW1T-6015_HCG2MBGXX_S12	ZOZOW1T	stool		IGT	IGT	64.0		adult	male	USA	no	IlluminaHiSeq	PowerSoil	31142858	14749154	2218797102	32	151				Anna_Pedrotti;Paolo_Manghi			1723.0					Stanford	94.0								42.0	0.9			32.0	57.0	23.0	8.9250025					Caucasian						60.0	56.0	93.0	6.0																	161.0		126.0	97.24	0.3	6.5	6.7	4.46	13.3																																											
HMP_2019_t2d	HMP2_J08160_M_ST_T0_B0_0120_ZOZOW1T-6015.1_HCG2MBGXX_S13	ZOZOW1T	stool		IGT	IGT	64.0		adult	male	USA	no	IlluminaHiSeq	PowerSoil	31142858	13884066	2088749863	32	151				Anna_Pedrotti;Paolo_Manghi			1723.0					Stanford	94.0																				Caucasian																																																																													
HMP_2019_t2d	HMP2_J08161_M_ST_T0_B0_0120_ZOZOW1T-6015.2A_HCG2MBGXX_S14	ZOZOW1T	stool		IGT	IGT	64.0		adult	male	USA	no	IlluminaHiSeq	PowerSoil	31142858	21372014	3216024295	32	151				Anna_Pedrotti;Paolo_Manghi			1723.0					Stanford	94.0																				Caucasian																																																																													
HMP_2019_t2d	HMP2_J08162_M_ST_T0_B0_0120_ZOZOW1T-6015.2B_HCG2MBGXX_S15	ZOZOW1T	stool		IGT	IGT	64.0		adult	male	USA	no	IlluminaHiSeq	PowerSoil	31142858	15223546	2290827285	32	151				Anna_Pedrotti;Paolo_Manghi			1723.0					Stanford	94.0																				Caucasian																																																																													
HMP_2019_t2d	HMP2_J08163_M_ST_T0_B0_0120_ZOZOW1T-6016_HCG2MBGXX_S16	ZOZOW1T	stool		IGT	IGT	64.0		adult	male	USA	no	IlluminaHiSeq	PowerSoil	31142858	14969568	2250530867	32	151				Anna_Pedrotti;Paolo_Manghi			1729.0					Stanford	95.0								42.0	0.2			29.0	46.0	22.0	8.9250025					Caucasian						64.0	67.0	90.0	5.9																	170.0		117.0	88.4	0.4	6.4	5.6	4.23	12.7																																											
HMP_2019_t2d	HMP2_J08164_M_ST_T0_B0_0120_ZOZOW1T-6016.1_HCG2MBGXX_S17	ZOZOW1T	stool		IGT	IGT	64.0		adult	male	USA	no	IlluminaHiSeq	PowerSoil	31142858	16175090	2433825499	32	151				Anna_Pedrotti;Paolo_Manghi			1729.0					Stanford	95.0																				Caucasian																																																																													
HMP_2019_t2d	HMP2_J08165_M_ST_T0_B0_0120_ZOZOW1T-6016.2_HCG2MBGXX_S18	ZOZOW1T	stool		IGT	IGT	64.0		adult	male	USA	no	IlluminaHiSeq	PowerSoil	31142858	15880620	2388711584	32	151				Anna_Pedrotti;Paolo_Manghi			1729.0					Stanford	95.0																				Caucasian																																																																													
HMP_2019_t2d	HMP2_J08166_M_ST_T0_B0_0120_ZOZOW1T-6016.3_HCG2MBGXX_S19	ZOZOW1T	stool		IGT	IGT	64.0		adult	male	USA	no	IlluminaHiSeq	PowerSoil	31142858	15013740	2259250526	32	151				Anna_Pedrotti;Paolo_Manghi			1729.0					Stanford	95.0																				Caucasian																																																																													
HMP_2019_t2d	HMP2_J08167_M_ST_T0_B0_0120_ZVNCGHM-02_HCG2MBGXX_S20	ZVNCGHM	stool		control	Health	44.0		adult	male	USA	no	IlluminaHiSeq	PowerSoil	31142858	12471786	1876699191	32	151				Anna_Pedrotti;Paolo_Manghi			68.0					Stanford	7.0								43.0	0.3			12.0	30.0	28.0	9.2820026					Caucasian						74.0	61.0	104.0																		180.0		160.0	79.56	0.3	7.1																																														
HMP_2019_t2d	HMP2_J08168_M_ST_T0_B0_0120_ZVNCGHM-6012_HCG2MBGXX_S21	ZVNCGHM	stool		control	Health	44.0		adult	male	USA	no	IlluminaHiSeq	PowerSoil	31142858	16177366	2434030732	32	151				Anna_Pedrotti;Paolo_Manghi			75.0					Stanford	8.0																				Caucasian																																																																													
HMP_2019_t2d	HMP2_J08169_M_ST_T0_B0_0120_ZVNCGHM-6013_HCG2MBGXX_S22	ZVNCGHM	stool		control	Health	44.0		adult	male	USA	no	IlluminaHiSeq	PowerSoil	31142858	14059968	2115597109	32	151				Anna_Pedrotti;Paolo_Manghi			85.0					Stanford	9.0																				Caucasian																																																																													
HMP_2019_t2d	HMP2_J08170_M_ST_T0_B0_0120_ZVNCGHM-6014_HCG2MBGXX_S23	ZVNCGHM	stool		control	Health	44.0		adult	male	USA	no	IlluminaHiSeq	PowerSoil	31142858	11832300	1713886506	32	151				Anna_Pedrotti;Paolo_Manghi			96.0					Stanford	10.0																				Caucasian																																																																													
HMP_2019_t2d	HMP2_J08171_M_ST_T0_B0_0120_ZVNCGHM-6015_HCG2MBGXX_S24	ZVNCGHM	stool		control	Health	44.0		adult	male	USA	no	IlluminaHiSeq	PowerSoil	31142858	18822786	2831268270	32	151				Anna_Pedrotti;Paolo_Manghi			106.0					Stanford	11.0																				Caucasian																																																																													
HMP_2019_t2d	HMP2_J08172_M_ST_T0_B0_0120_ZVNCGHM-6016_HCG2MBGXX_S25	ZVNCGHM	stool		control	Health	44.0		adult	male	USA	no	IlluminaHiSeq	PowerSoil	31142858	15095028	2270986019	32	151				Anna_Pedrotti;Paolo_Manghi			117.0					Stanford	12.0																				Caucasian																																																																													
HMP_2019_t2d	HMP2_J09104_M_ST_T0_B0_0120_ZM7JY3G-05_C8GAAANXX	ZM7JY3G	stool		control	Health	60.0		adult	male	USA	no	IlluminaHiSeq	PowerSoil	31142858	29541756	4460805156	151	151				Anna_Pedrotti;Paolo_Manghi			252.0					Stanford	5.0								36.0	0.4			16.0	21.0	33.0	4.6410013					Asian						86.0	49.0	106.0	5.5																	172.0		90.0	79.56	1.6	6.9	5.7	4.76	14.6																																											
HMP_2019_t2d	HMP2_J09104_M_ST_T0_B0_0120_ZM7JY3G-05_H7FHFBGXX_S36	ZM7JY3G	stool		control	Health	60.0		adult	male	USA	no	IlluminaHiSeq	PowerSoil	31142858	3827490	574077780	32	151				Anna_Pedrotti;Paolo_Manghi			252.0					Stanford	5.0								36.0	0.4			16.0	21.0	33.0	4.6410013					Asian						86.0	49.0	106.0	5.5																	172.0		90.0	79.56	1.6	6.9	5.7	4.76	14.6																																											
HMP_2019_t2d	HMP2_J09105_M_ST_T0_B0_0120_ZM7JY3G-07_C8GAAANXX	ZM7JY3G	stool		control	Health	61.0		adult	male	USA	no	IlluminaHiSeq	PowerSoil	31142858	29952870	4522883370	151	151				Anna_Pedrotti;Paolo_Manghi			358.0					Stanford	6.0								39.0	0.2			21.0	30.0	36.0	5.3550015					Asian						81.0	56.0	150.0	5.6																	222.0		86.0	79.56	1.7	7.5	5.4	4.99	16.5																																											
HMP_2019_t2d	HMP2_J09105_M_ST_T0_B0_0120_ZM7JY3G-07_H7FHFBGXX_S37	ZM7JY3G	stool		control	Health	61.0		adult	male	USA	no	IlluminaHiSeq	PowerSoil	31142858	5777918	867863055	32	151				Anna_Pedrotti;Paolo_Manghi			358.0					Stanford	6.0								39.0	0.2			21.0	30.0	36.0	5.3550015					Asian						81.0	56.0	150.0	5.6																	222.0		86.0	79.56	1.7	7.5	5.4	4.99	16.5																																											
HMP_2019_t2d	HMP2_J09110_M_ST_T0_B0_0120_ZKVR426-07-AL1_C8GAAANXX	ZKVR426	stool		IGT	IGT	63.0		adult	female	USA	no	IlluminaHiSeq	PowerSoil	31142858	30487446	4603604346	151	151				Anna_Pedrotti;Paolo_Manghi			490.0					Stanford	11.0																				Caucasian																																																																													
HMP_2019_t2d	HMP2_J09110_M_ST_T0_B0_0120_ZKVR426-07-AL1_H7FHFBGXX_S42	ZKVR426	stool		IGT	IGT	63.0		adult	female	USA	no	IlluminaHiSeq	PowerSoil	31142858	3789882	570260948	32	151				Anna_Pedrotti;Paolo_Manghi			490.0					Stanford	11.0																				Caucasian																																																																													
HMP_2019_t2d	HMP2_J09111_M_ST_T0_B0_0120_ZKFV71L-05X_C8GAAANXX	ZKFV71L	stool		IGT	IGT	67.0		senior	female	USA	no	IlluminaHiSeq	PowerSoil	31142858	30605364	4621409964	151	151				Anna_Pedrotti;Paolo_Manghi			439.0					Stanford	5.0																				African_American																																																																													
HMP_2019_t2d	HMP2_J09111_M_ST_T0_B0_0120_ZKFV71L-05X_H7FHFBGXX_S43	ZKFV71L	stool		IGT	IGT	67.0		senior	female	USA	no	IlluminaHiSeq	PowerSoil	31142858	3206304	482470261	32	151				Anna_Pedrotti;Paolo_Manghi			439.0					Stanford	5.0																				African_American																																																																													
HMP_2019_t2d	HMP2_J09112_M_ST_T0_B0_0120_ZK4CK8Y-05_C8GAAANXX	ZK4CK8Y	stool		IGT	IGT	50.0		adult	female	USA	no	IlluminaHiSeq	PowerSoil	31142858	36501366	5511706266	151	151				Anna_Pedrotti;Paolo_Manghi			329.0					Stanford	5.0								38.0	4.4			23.0	31.0	35.0	4.9980014					Caucasian						68.0	104.0	112.0	5.0																	230.0		79.0	97.24	0.4	7.3	3.8	4.0	13.1																																											
HMP_2019_t2d	HMP2_J09112_M_ST_T0_B0_0120_ZK4CK8Y-05_H7FHFBGXX_S44	ZK4CK8Y	stool		IGT	IGT	50.0		adult	female	USA	no	IlluminaHiSeq	PowerSoil	31142858	3439046	517172963	32	151				Anna_Pedrotti;Paolo_Manghi			329.0					Stanford	5.0								38.0	4.4			23.0	31.0	35.0	4.9980014					Caucasian						68.0	104.0	112.0	5.0																	230.0		79.0	97.24	0.4	7.3	3.8	4.0	13.1																																											
HMP_2019_t2d	HMP2_J09113_M_ST_T0_B0_0120_ZK4CK8Y-06_C8GAAANXX	ZK4CK8Y	stool		IGT	IGT	51.0		adult	female	USA	no	IlluminaHiSeq	PowerSoil	31142858	24879772	3756845572	151	151				Anna_Pedrotti;Paolo_Manghi			433.0					Stanford	6.0								35.0	6.0			25.0	24.0	32.0	3.570001					Caucasian						107.0	100.0	94.0	4.8																	215.0		98.0	88.4	0.3	6.7	3.7	3.99	12.6																																											
HMP_2019_t2d	HMP2_J09113_M_ST_T0_B0_0120_ZK4CK8Y-06_H7FHFBGXX_S45	ZK4CK8Y	stool		IGT	IGT	51.0		adult	female	USA	no	IlluminaHiSeq	PowerSoil	31142858	4632590	696760687	32	151				Anna_Pedrotti;Paolo_Manghi			433.0					Stanford	6.0								35.0	6.0			25.0	24.0	32.0	3.570001					Caucasian						107.0	100.0	94.0	4.8																	215.0		98.0	88.4	0.3	6.7	3.7	3.99	12.6																																											
HMP_2019_t2d	HMP2_J09115_M_ST_T0_B0_0120_ZLGD9M0-08_C93B2ANXX	ZLGD9M0	stool		IGT	IGT	68.0		senior	male	USA	no	IlluminaHiSeq	PowerSoil	31142858	45041880	5675276880	126	126				Anna_Pedrotti;Paolo_Manghi			329.0					Stanford	8.0								37.0	1.8			21.0		36.0	7.8540022					Caucasian						73.0	63.0	132.0	5.6																	210.0		84.0	97.24	0.5	7.3	5.4	4.96	14.4																																											
HMP_2019_t2d	HMP2_J09116_M_ST_T0_B0_0120_ZLGD9M0-09_C93B2ANXX	ZLGD9M0	stool		IGT	IGT	69.0		senior	male	USA	no	IlluminaHiSeq	PowerSoil	31142858	26814934	3378681684	126	126				Anna_Pedrotti;Paolo_Manghi			426.0					Stanford	9.0								39.0	1.1			28.0		33.0	4.9980014					Caucasian						65.0	60.0	122.0	5.4																	195.0		89.0	97.24	0.5	7.2	4.6	4.76	14.4																																											
HMP_2019_t2d	HMP2_J09117_M_ST_T0_B0_0120_ZL9BTWF-09_C93B2ANXX	ZL9BTWF	stool		IGT	IGT	66.0		senior	male	USA	no	IlluminaHiSeq	PowerSoil	31142858	43938734	5536280484	126	126				Anna_Pedrotti;Paolo_Manghi			622.0					Stanford	15.0								42.0	0.6			42.0	60.0	24.0	5.7120016					Caucasian						94.0	57.0	182.0	5.6																	258.0		108.0	123.76	0.8	6.6	6.6	5.06	16.0																																											
HMP_2019_t2d	HMP2_J09130_M_ST_T0_B0_0120_ZMGT937-04_C93B2ANXX	ZMGT937	stool		IGT	IGT	34.0		adult	male	USA	no	IlluminaHiSeq	PowerSoil	31142858	398610974	50224982724	126	126				Anna_Pedrotti;Paolo_Manghi			274.0					Stanford	7.0								40.0	0.8			20.0	40.0	41.0	3.2130009					Asian						98.0	38.0	177.0	5.5																	235.0		85.0	97.24	0.4	8.1	5.7	5.12	13.7																																											
HMP_2019_t2d	HMP2_J09131_M_ST_T0_B0_0120_ZMGT937-05_C93B2ANXX	ZMGT937	stool		IGT	IGT	34.0		adult	male	USA	no	IlluminaHiSeq	PowerSoil	31142858	79131574	9970578324	126	126				Anna_Pedrotti;Paolo_Manghi			370.0					Stanford	8.0								45.0	0.5			22.0	31.0	38.0	2.8560008					Asian						81.0	40.0	158.0	5.3																	214.0		84.0	97.24	0.5	8.3	5.1	5.42	15.0																																											
HMP_2019_t2d	HMP2_J09152_M_ST_T0_B0_0120_ZYHHR4Z-01_C93B2ANXX	ZYHHR4Z	stool		IGT	IGT	43.0		adult	female	USA	no	IlluminaHiSeq	PowerSoil	31142858	67905152	8556049152	126	126				Anna_Pedrotti;Paolo_Manghi			0.0					Stanford	1.0								42.0				14.0	34.0	34.0	6.0690017					Caucasian						34.0	61.0	107.0	6.3																	175.0		171.0	70.72	0.4	7.6	4.8	4.15	13.0																																											
HMP_2019_t2d	HMP2_J15231_M_ST_T0_B0_0120_ZY7IW45-02_BHLVVGADXX	ZY7IW45	stool		IGT	IGT	69.0		senior	female	USA	no	IlluminaHiSeq	PowerSoil	31142858	7532894	1137466994	151	151				Anna_Pedrotti;Paolo_Manghi			0.0					Stanford	1.0																				Caucasian																																																																													
HMP_2019_t2d	HMP2_J15231_M_ST_T0_B0_0120_ZY7IW45-02_C8GAAANXX	ZY7IW45	stool		IGT	IGT	69.0		senior	female	USA	no	IlluminaHiSeq	PowerSoil	31142858	5026352	758979152	151	151				Anna_Pedrotti;Paolo_Manghi			0.0					Stanford	1.0																				Caucasian																																																																													
HMP_2019_t2d	HMP2_J15231_M_ST_T0_B0_0120_ZY7IW45-02_GES15-03627	ZY7IW45	stool		IGT	IGT	69.0		senior	female	USA	no	IlluminaHiSeq	PowerSoil	31142858	7532894	1137466994	151	151				Anna_Pedrotti;Paolo_Manghi			0.0					Stanford	1.0																				Caucasian																																																																													
HMP_2019_t2d	HMP2_J15232_M_ST_T0_B0_0120_ZY7IW45-03_BHLVVGADXX	ZY7IW45	stool		IGT	IGT	69.0		senior	female	USA	no	IlluminaHiSeq	PowerSoil	31142858	12862730	1942272230	151	151				Anna_Pedrotti;Paolo_Manghi			220.0					Stanford	7.0																				Caucasian																																																																													
HMP_2019_t2d	HMP2_J15232_M_ST_T0_B0_0120_ZY7IW45-03_GES15-03628	ZY7IW45	stool		IGT	IGT	69.0		senior	female	USA	no	IlluminaHiSeq	PowerSoil	31142858	12862730	1942272230	151	151				Anna_Pedrotti;Paolo_Manghi			220.0					Stanford	7.0																				Caucasian																																																																													
HMP_2019_t2d	HMP2_J15233_M_ST_T0_B0_0120_ZY7IW45-04_BHLVVGADXX	ZY7IW45	stool		IGT	IGT	69.0		senior	female	USA	no	IlluminaHiSeq	PowerSoil	31142858	11648178	1758874878	151	151				Anna_Pedrotti;Paolo_Manghi			266.0					Stanford	8.0								36.0	0.8			16.0	31.0	31.0	6.4260018					Caucasian						120.0	56.0	77.0	5.9																	157.0		100.0	70.72	0.4	6.7	7.2	4.57	13.2																																											
HMP_2019_t2d	HMP2_J15233_M_ST_T0_B0_0120_ZY7IW45-04_GES15-03629	ZY7IW45	stool		IGT	IGT	69.0		senior	female	USA	no	IlluminaHiSeq	PowerSoil	31142858	11648178	1758874878	151	151				Anna_Pedrotti;Paolo_Manghi			266.0					Stanford	8.0								36.0	0.8			16.0	31.0	31.0	6.4260018					Caucasian						120.0	56.0	77.0	5.9																	157.0		100.0	70.72	0.4	6.7	7.2	4.57	13.2																																											
HMP_2019_t2d	HMP2_J15234_M_ST_T0_B0_0120_ZWCZHHY-01_BHLVVGADXX	ZWCZHHY	stool		IGT	IGT	67.0		senior	male	USA	no	IlluminaHiSeq	PowerSoil	31142858	16003120	2416471120	151	151				Anna_Pedrotti;Paolo_Manghi			0.0					Stanford	1.0								39.0	0.3			17.0	20.0	31.0	4.2840012					Asian						135.0	60.0	89.0	5.8																	176.0		69.0	70.72	0.5	7.0	6.7	4.14	13.6																																											
HMP_2019_t2d	HMP2_J15234_M_ST_T0_B0_0120_ZWCZHHY-01_GES15-03630	ZWCZHHY	stool		IGT	IGT	67.0		senior	male	USA	no	IlluminaHiSeq	PowerSoil	31142858	16003120	2416471120	151	151				Anna_Pedrotti;Paolo_Manghi			0.0					Stanford	1.0								39.0	0.3			17.0	20.0	31.0	4.2840012					Asian						135.0	60.0	89.0	5.8																	176.0		69.0	70.72	0.5	7.0	6.7	4.14	13.6																																											
HMP_2019_t2d	HMP2_J15235_M_ST_T0_B0_0120_ZWCZHHY-02_BHLVVGADXX	ZWCZHHY	stool		IGT	IGT	67.0		senior	male	USA	no	IlluminaHiSeq	PowerSoil	31142858	13882780	2096299780	151	151				Anna_Pedrotti;Paolo_Manghi			52.0					Stanford	2.0								40.0	0.4			14.0	25.0	32.0	5.3550015					Asian						172.0	67.0	89.0	5.4																	190.0		82.0	61.88	0.6	7.2	5.9	4.13	13.4																																											
HMP_2019_t2d	HMP2_J15235_M_ST_T0_B0_0120_ZWCZHHY-02_GES15-03631	ZWCZHHY	stool		IGT	IGT	67.0		senior	male	USA	no	IlluminaHiSeq	PowerSoil	31142858	13882780	2096299780	151	151				Anna_Pedrotti;Paolo_Manghi			52.0					Stanford	2.0								40.0	0.4			14.0	25.0	32.0	5.3550015					Asian						172.0	67.0	89.0	5.4																	190.0		82.0	61.88	0.6	7.2	5.9	4.13	13.4																																											
HMP_2019_t2d	HMP2_J15236_M_ST_T0_B0_0120_ZWCZHHY-03_BHLVVGADXX	ZWCZHHY	stool		IGT	IGT	67.0		senior	male	USA	no	IlluminaHiSeq	PowerSoil	31142858	15973692	2412027492	151	151				Anna_Pedrotti;Paolo_Manghi			73.0					Stanford	3.0								38.0	0.5			15.0	27.0	32.0	6.4260018					Asian						133.0	68.0	88.0	5.4																	183.0		87.0	88.4	0.6	7.0	5.5	4.11	13.6																																											
HMP_2019_t2d	HMP2_J15236_M_ST_T0_B0_0120_ZWCZHHY-03_GES15-03632	ZWCZHHY	stool		IGT	IGT	67.0		senior	male	USA	no	IlluminaHiSeq	PowerSoil	31142858	15973692	2412027492	151	151				Anna_Pedrotti;Paolo_Manghi			73.0					Stanford	3.0								38.0	0.5			15.0	27.0	32.0	6.4260018					Asian						133.0	68.0	88.0	5.4																	183.0		87.0	88.4	0.6	7.0	5.5	4.11	13.6																																											
HMP_2019_t2d	HMP2_J15237_M_ST_T0_B0_0120_ZW61YGW-01_BHLVVGADXX	ZW61YGW	stool		IGT	IGT	55.0		adult	male	USA	no	IlluminaHiSeq	PowerSoil	31142858	9124112	1377740912	151	151				Anna_Pedrotti;Paolo_Manghi			0.0					Stanford	1.0																				Caucasian																																																																													
HMP_2019_t2d	HMP2_J15237_M_ST_T0_B0_0120_ZW61YGW-01_C8GAAANXX	ZW61YGW	stool		IGT	IGT	55.0		adult	male	USA	no	IlluminaHiSeq	PowerSoil	31142858	18821918	2842109618	151	151				Anna_Pedrotti;Paolo_Manghi			0.0					Stanford	1.0																				Caucasian																																																																													
HMP_2019_t2d	HMP2_J15237_M_ST_T0_B0_0120_ZW61YGW-01_GES15-03633	ZW61YGW	stool		IGT	IGT	55.0		adult	male	USA	no	IlluminaHiSeq	PowerSoil	31142858	9124112	1377740912	151	151				Anna_Pedrotti;Paolo_Manghi			0.0					Stanford	1.0																				Caucasian																																																																													
HMP_2019_t2d	HMP2_J15238_M_ST_T0_B0_0120_ZW61YGW-02_BHLVVGADXX	ZW61YGW	stool		IGT	IGT	55.0		adult	male	USA	no	IlluminaHiSeq	PowerSoil	31142858	9791076	1478452476	151	151				Anna_Pedrotti;Paolo_Manghi			14.0					Stanford	2.0								40.0	1.6			20.0	26.0	33.0	5.3550015					Caucasian						72.0	46.0	105.0	5.2																	165.0		92.0	79.56	0.8	7.3	5.2	5.19	14.9																																											
HMP_2019_t2d	HMP2_J15238_M_ST_T0_B0_0120_ZW61YGW-02_C8GAAANXX	ZW61YGW	stool		IGT	IGT	55.0		adult	male	USA	no	IlluminaHiSeq	PowerSoil	31142858	29150012	4401651812	151	151				Anna_Pedrotti;Paolo_Manghi			14.0					Stanford	2.0								40.0	1.6			20.0	26.0	33.0	5.3550015					Caucasian						72.0	46.0	105.0	5.2																	165.0		92.0	79.56	0.8	7.3	5.2	5.19	14.9																																											
HMP_2019_t2d	HMP2_J15238_M_ST_T0_B0_0120_ZW61YGW-02_GES15-03634	ZW61YGW	stool		IGT	IGT	55.0		adult	male	USA	no	IlluminaHiSeq	PowerSoil	31142858	9791076	1478452476	151	151				Anna_Pedrotti;Paolo_Manghi			14.0					Stanford	2.0								40.0	1.6			20.0	26.0	33.0	5.3550015					Caucasian						72.0	46.0	105.0	5.2																	165.0		92.0	79.56	0.8	7.3	5.2	5.19	14.9																																											
HMP_2019_t2d	HMP2_J15239_M_ST_T0_B0_0120_ZW61YGW-03_BHLVVGADXX	ZW61YGW	stool		IGT	IGT	56.0		adult	male	USA	no	IlluminaHiSeq	PowerSoil	31142858	11399052	1721256852	151	151				Anna_Pedrotti;Paolo_Manghi			175.0					Stanford	3.0								42.0	0.7			31.0	26.0	32.0	3.570001					Caucasian						71.0	49.0	100.0	5.5																	163.0		95.0	88.4	0.6	7.4	4.7	5.19	14.8																																											
HMP_2019_t2d	HMP2_J15239_M_ST_T0_B0_0120_ZW61YGW-03_GES15-03635	ZW61YGW	stool		IGT	IGT	56.0		adult	male	USA	no	IlluminaHiSeq	PowerSoil	31142858	11399052	1721256852	151	151				Anna_Pedrotti;Paolo_Manghi			175.0					Stanford	3.0								42.0	0.7			31.0	26.0	32.0	3.570001					Caucasian						71.0	49.0	100.0	5.5																	163.0		95.0	88.4	0.6	7.4	4.7	5.19	14.8																																											
HMP_2019_t2d	HMP2_J15240_M_ST_T0_B0_0120_ZYXQKWY-01_BHLVVGADXX	ZYXQKWY	stool		IGT	IGT	50.0		adult	female	USA	no	IlluminaHiSeq	PowerSoil	31142858	16809474	2538230574	151	151				Anna_Pedrotti;Paolo_Manghi			0.0					Stanford	1.0																				Caucasian																																																																													
HMP_2019_t2d	HMP2_J15240_M_ST_T0_B0_0120_ZYXQKWY-01_GES15-03636	ZYXQKWY	stool		IGT	IGT	50.0		adult	female	USA	no	IlluminaHiSeq	PowerSoil	31142858	16809474	2538230574	151	151				Anna_Pedrotti;Paolo_Manghi			0.0					Stanford	1.0																				Caucasian																																																																													
HMP_2019_t2d	HMP2_J15241_M_ST_T0_B0_0120_ZYXQKWY-02_BHLVVGADXX	ZYXQKWY	stool		IGT	IGT	50.0		adult	female	USA	no	IlluminaHiSeq	PowerSoil	31142858	13249480	2000671480	151	151				Anna_Pedrotti;Paolo_Manghi			27.0					Stanford	2.0								37.0	2.1			16.0	22.0	25.0	2.8560008					Caucasian						100.0	65.0	114.0	4.7																	199.0		93.0	53.04	0.4	6.2	6.3	4.26	13.6																																											
HMP_2019_t2d	HMP2_J15241_M_ST_T0_B0_0120_ZYXQKWY-02_GES15-03637	ZYXQKWY	stool		IGT	IGT	50.0		adult	female	USA	no	IlluminaHiSeq	PowerSoil	31142858	13249480	2000671480	151	151				Anna_Pedrotti;Paolo_Manghi			27.0					Stanford	2.0								37.0	2.1			16.0	22.0	25.0	2.8560008					Caucasian						100.0	65.0	114.0	4.7																	199.0		93.0	53.04	0.4	6.2	6.3	4.26	13.6																																											
HMP_2019_t2d	HMP2_J15242_M_ST_T0_B0_0120_ZYXQKWY-03_BHLVVGADXX	ZYXQKWY	stool		IGT	IGT	50.0		adult	female	USA	no	IlluminaHiSeq	PowerSoil	31142858	14832106	2239648006	151	151				Anna_Pedrotti;Paolo_Manghi			105.0					Stanford	3.0								38.0	2.3			16.0	14.0	31.0	4.2840012					Caucasian						71.0	58.0	119.0	5.3																	191.0		94.0	53.04	0.3	6.9	7.2	4.67	14.5																																											
HMP_2019_t2d	HMP2_J15242_M_ST_T0_B0_0120_ZYXQKWY-03_GES15-03638	ZYXQKWY	stool		IGT	IGT	50.0		adult	female	USA	no	IlluminaHiSeq	PowerSoil	31142858	14832106	2239648006	151	151				Anna_Pedrotti;Paolo_Manghi			105.0					Stanford	3.0								38.0	2.3			16.0	14.0	31.0	4.2840012					Caucasian						71.0	58.0	119.0	5.3																	191.0		94.0	53.04	0.3	6.9	7.2	4.67	14.5																																											
HMP_2019_t2d	HMP2_J15243_M_ST_T0_B0_0120_ZVM4N7A-01_HMNVCBGXX_S19	ZVM4N7A	stool		IGT	IGT	51.0		adult	female	USA	no	IlluminaHiSeq	PowerSoil	31142858	59103506	8257010728	35	151				Anna_Pedrotti;Paolo_Manghi			0.0					Stanford	1.0								37.0	0.9			24.0	34.0	34.0	3.2130009					Caucasian						146.0	38.0	153.0	5.3																	220.0		91.0	53.04	0.3	7.1	5.9	4.35	9.2																																											
HMP_2019_t2d	HMP2_J15244_M_ST_T0_B0_0120_ZVM4N7A-02_BHLVVGADXX	ZVM4N7A	stool		IGT	IGT	51.0		adult	female	USA	no	IlluminaHiSeq	PowerSoil	31142858	13888778	2097205478	151	151				Anna_Pedrotti;Paolo_Manghi			45.0					Stanford	2.0								36.0	1.1			24.0	34.0	35.0	4.6410013					Caucasian						125.0	41.0	165.0	5.3																	231.0		103.0	61.88	0.3	7.1	6.2	3.81	8.2																																											
HMP_2019_t2d	HMP2_J15244_M_ST_T0_B0_0120_ZVM4N7A-02_GES15-03639	ZVM4N7A	stool		IGT	IGT	51.0		adult	female	USA	no	IlluminaHiSeq	PowerSoil	31142858	13888778	2097205478	151	151				Anna_Pedrotti;Paolo_Manghi			45.0					Stanford	2.0								36.0	1.1			24.0	34.0	35.0	4.6410013					Caucasian						125.0	41.0	165.0	5.3																	231.0		103.0	61.88	0.3	7.1	6.2	3.81	8.2																																											
HMP_2019_t2d	HMP2_J15245_M_ST_T0_B0_0120_ZVGW5FI-01_BHLVVGADXX	ZVGW5FI	stool		control	Health	50.0		adult	female	USA	no	IlluminaHiSeq	PowerSoil	31142858	12927718	1952085418	151	151				Anna_Pedrotti;Paolo_Manghi			0.0					Stanford	1.0								39.0	4.0			19.0	31.0	34.0	4.9980014					Asian						76.0	57.0	134.0	5.0																	206.0		85.0	70.72	0.3	7.3	4.4	4.43	12.4																																											
HMP_2019_t2d	HMP2_J15245_M_ST_T0_B0_0120_ZVGW5FI-01_GES15-03640	ZVGW5FI	stool		control	Health	50.0		adult	female	USA	no	IlluminaHiSeq	PowerSoil	31142858	12927718	1952085418	151	151				Anna_Pedrotti;Paolo_Manghi			0.0					Stanford	1.0								39.0	4.0			19.0	31.0	34.0	4.9980014					Asian						76.0	57.0	134.0	5.0																	206.0		85.0	70.72	0.3	7.3	4.4	4.43	12.4																																											
HMP_2019_t2d	HMP2_J15246_M_ST_T0_B0_0120_ZVGW5FI-02_BHLVVGADXX	ZVGW5FI	stool		control	Health	51.0		adult	female	USA	no	IlluminaHiSeq	PowerSoil	31142858	11192202	1690022502	151	151				Anna_Pedrotti;Paolo_Manghi			41.0					Stanford	2.0								38.0	5.8			22.0	31.0	34.0	4.6410013					Asian						86.0	55.0	113.0	5.2																	185.0		78.0	61.88	0.5	7.2	5.0	4.22	11.3																																											
HMP_2019_t2d	HMP2_J15246_M_ST_T0_B0_0120_ZVGW5FI-02_GES15-03641	ZVGW5FI	stool		control	Health	51.0		adult	female	USA	no	IlluminaHiSeq	PowerSoil	31142858	11192202	1690022502	151	151				Anna_Pedrotti;Paolo_Manghi			41.0					Stanford	2.0								38.0	5.8			22.0	31.0	34.0	4.6410013					Asian						86.0	55.0	113.0	5.2																	185.0		78.0	61.88	0.5	7.2	5.0	4.22	11.3																																											
HMP_2019_t2d	HMP2_J16506_M_ST_T0_B0_0120_ZOZOW1T-61_C93B2ANXX	ZOZOW1T	stool		IGT	IGT	62.0		adult	male	USA	no	IlluminaHiSeq	PowerSoil	31142858	24538198	3091812948	126	126				Anna_Pedrotti;Paolo_Manghi			1164.0					Stanford	61.0								40.0				21.0	41.0	23.0	6.7830019					Caucasian						121.0	63.0	163.0	6.3																	250.0		137.0	106.08		6.3	7.5	4.93	14.3																																											
HMP_2019_t2d	HMP2_J16506_M_ST_T0_B0_0120_ZOZOW1T-61_HLH73BGXX_S1	ZOZOW1T	stool		IGT	IGT	62.0		adult	male	USA	no	IlluminaHiSeq	PowerSoil	31142858	9082882	1366478774	35	151				Anna_Pedrotti;Paolo_Manghi			1164.0					Stanford	61.0								40.0				21.0	41.0	23.0	6.7830019					Caucasian						121.0	63.0	163.0	6.3																	250.0		137.0	106.08		6.3	7.5	4.93	14.3																																											
HMP_2019_t2d	HMP2_J16507_M_ST_T0_B0_0120_ZOZOW1T-62_C93B2ANXX	ZOZOW1T	stool		IGT	IGT	62.0		adult	male	USA	no	IlluminaHiSeq	PowerSoil	31142858	849918	107089668	126	126				Anna_Pedrotti;Paolo_Manghi			1200.0					Stanford	62.0								43.0				33.0	52.0	23.0	7.140002					Caucasian						68.0	57.0	166.0	6.5																	237.0		109.0	97.24	0.4	6.6	5.9	4.81	14.1																																											
HMP_2019_t2d	HMP2_J16507_M_ST_T0_B0_0120_ZOZOW1T-62_HLH73BGXX_S2	ZOZOW1T	stool		IGT	IGT	62.0		adult	male	USA	no	IlluminaHiSeq	PowerSoil	31142858	6292770	945349035	35	151				Anna_Pedrotti;Paolo_Manghi			1200.0					Stanford	62.0								43.0				33.0	52.0	23.0	7.140002					Caucasian						68.0	57.0	166.0	6.5																	237.0		109.0	97.24	0.4	6.6	5.9	4.81	14.1																																											
HMP_2019_t2d	HMP2_J16508_M_ST_T0_B0_0120_ZOZOW1T-63_C93B2ANXX	ZOZOW1T	stool		IGT	IGT	62.0		adult	male	USA	no	IlluminaHiSeq	PowerSoil	31142858	24902036	3137656536	126	126				Anna_Pedrotti;Paolo_Manghi			1227.0					Stanford	63.0								49.0				38.0	57.0	27.0	5.7120016					Caucasian						149.0	74.0	147.0	6.4																	251.0		108.0	88.4	0.5	7.6	6.4	5.1	15.3																																											
HMP_2019_t2d	HMP2_J16508_M_ST_T0_B0_0120_ZOZOW1T-63_HLH73BGXX_S3	ZOZOW1T	stool		IGT	IGT	62.0		adult	male	USA	no	IlluminaHiSeq	PowerSoil	31142858	8618520	1295111005	35	151				Anna_Pedrotti;Paolo_Manghi			1227.0					Stanford	63.0								49.0				38.0	57.0	27.0	5.7120016					Caucasian						149.0	74.0	147.0	6.4																	251.0		108.0	88.4	0.5	7.6	6.4	5.1	15.3																																											
HMP_2019_t2d	HMP2_J16509_M_ST_T0_B0_0120_ZOZOW1T-64_C93B2ANXX	ZOZOW1T	stool		IGT	IGT	62.0		adult	male	USA	no	IlluminaHiSeq	PowerSoil	31142858	28344086	3571354836	126	126				Anna_Pedrotti;Paolo_Manghi			1284.0					Stanford	64.0																				Caucasian						111.0	57.0	166.0	6.0																	245.0																																																			
HMP_2019_t2d	HMP2_J16509_M_ST_T0_B0_0120_ZOZOW1T-64_HLH73BGXX_S4	ZOZOW1T	stool		IGT	IGT	62.0		adult	male	USA	no	IlluminaHiSeq	PowerSoil	31142858	10937180	1642819659	35	151				Anna_Pedrotti;Paolo_Manghi			1284.0					Stanford	64.0																				Caucasian						111.0	57.0	166.0	6.0																	245.0																																																			
HMP_2019_t2d	HMP2_J16513_M_ST_T0_B0_0120_ZOZOW1T-70_HLH73BGXX_S8	ZOZOW1T	stool		IGT	IGT	63.0		adult	male	USA	no	IlluminaHiSeq	PowerSoil	31142858	9109478	1370049470	35	151				Anna_Pedrotti;Paolo_Manghi			1360.0					Stanford	70.0								44.0	0.3			23.0	43.0	24.0	9.2820026					Caucasian						98.0	60.0	116.0	5.9																	196.0		140.0	106.08	0.5	6.8	6.9	4.74	14.1																																											
HMP_2019_t2d	HMP2_J16514_M_ST_T0_B0_0120_ZOZOW1T-71_HLH73BGXX_S9	ZOZOW1T	stool		IGT	IGT	63.0		adult	male	USA	no	IlluminaHiSeq	PowerSoil	31142858	7416232	1114345473	35	151				Anna_Pedrotti;Paolo_Manghi			1381.0					Stanford	71.0								42.0	0.3			28.0	49.0	24.0	7.4970021					Caucasian						72.0	51.0	119.0	6.0																	184.0		126.0	88.4	0.4	6.6	6.5	4.69	14.1																																											
HMP_2019_t2d	HMP2_J16515_M_ST_T0_B0_0120_ZOZOW1T-80_HLH73BGXX_S10	ZOZOW1T	stool		IGT	IGT	63.0		adult	male	USA	no	IlluminaHiSeq	PowerSoil	31142858	8903478	1337931436	35	151				Anna_Pedrotti;Paolo_Manghi			1612.0					Stanford	80.0								41.0				33.0	48.0	22.0	5.7120016					Caucasian						42.0	58.0	103.0	6.0																	169.0		136.0	106.08	0.4	6.3	5.2	4.51	13.3																																											
HMP_2019_t2d	HMP2_J16516_M_ST_T0_B0_0120_ZOZOW1T-83_HLH73BGXX_S11	ZOZOW1T	stool		IGT	IGT	64.0		adult	male	USA	no	IlluminaHiSeq	PowerSoil	31142858	10146228	1522608675	35	151				Anna_Pedrotti;Paolo_Manghi			1680.0					Stanford	84.0								44.0	3.1			26.0	46.0	24.0	7.8540022					Caucasian						95.0	67.0	100.0	6.0																	186.0		134.0	114.92	0.7	6.8	9.1	4.93	14.5																																											
HMP_2019_t2d	HMP2_J16517_M_ST_T0_B0_0120_ZOZOW1T-84_HLH73BGXX_S12	ZOZOW1T	stool		IGT	IGT	64.0		adult	male	USA	no	IlluminaHiSeq	PowerSoil	31142858	6800428	1023041498	35	151				Anna_Pedrotti;Paolo_Manghi			1695.0					Stanford	85.0								43.0	0.2			28.0	46.0	24.0	8.2110023					Caucasian						79.0	64.0	102.0	6.0																	182.0		113.0	97.24	0.4	6.7	6.0	4.79	14.0																																											
HMP_2019_t2d	HMP2_J16518_M_ST_T0_B0_0120_ZOZOW1T-84b_HLH73BGXX_S13	ZOZOW1T	stool		IGT	IGT	64.0		adult	male	USA	no	IlluminaHiSeq	PowerSoil	31142858	3537566	532267163	35	151				Anna_Pedrotti;Paolo_Manghi			1695.0					Stanford	85.0																				Caucasian																																																																													
HMP_2019_t2d	HMP2_J16523_M_ST_T0_B0_0120_ZOZOW1T-6021_HLH73BGXX_S18	ZOZOW1T	stool		IGT	IGT	64.0		adult	male	USA	no	IlluminaHiSeq	PowerSoil	31142858	3784400	569284260	35	151				Anna_Pedrotti;Paolo_Manghi			1750.0					Stanford	97.0								42.0				38.0	58.0	23.0	8.5680024					Caucasian						55.0	66.0	100.0	5.7																	177.0		131.0	88.4	0.4	6.5	6.0	4.41	12.9																																											
HMP_2019_t2d	HMP2_J16524_M_ST_T0_B0_0120_ZOZOW1T-6022_HLH73BGXX_S19	ZOZOW1T	stool		IGT	IGT	64.0		adult	male	USA	no	IlluminaHiSeq	PowerSoil	31142858	3841440	577888457	35	151				Anna_Pedrotti;Paolo_Manghi			1757.0					Stanford	98.0								42.0				35.0	47.0	22.0	6.7830019					Caucasian						58.0	70.0	71.0	5.8																	153.0		114.0	79.56	0.4	6.4	4.8	4.46	12.5																																											
HMP_2019_t2d	HMP2_J16525_M_ST_T0_B0_0120_ZOZOW1T-6023_HLH73BGXX_S20	ZOZOW1T	stool		IGT	IGT	64.0		adult	male	USA	no	IlluminaHiSeq	PowerSoil	31142858	3817300	574255224	35	151				Anna_Pedrotti;Paolo_Manghi			1764.0					Stanford	99.0								42.0				33.0	46.0	22.0	7.4970021					Caucasian						35.0	66.0	65.0	5.8																	138.0		118.0	88.4	0.5	6.4	5.0	4.52	12.7																																											
HMP_2019_t2d	HMP2_J16526_M_ST_T0_B0_0120_ZOZOW1T-6023b_HLH73BGXX_S21	ZOZOW1T	stool		IGT	IGT	64.0		adult	male	USA	no	IlluminaHiSeq	PowerSoil	31142858	3948136	593995650	35	151				Anna_Pedrotti;Paolo_Manghi			1764.0					Stanford	99.0																				Caucasian																																																																													
HMP_2019_t2d	HMP2_J16527_M_ST_T0_B0_0120_ZOZOW1T-2001_HLH73BGXX_S22	ZOZOW1T	stool		IGT	IGT	63.0		adult	male	USA	no	IlluminaHiSeq	PowerSoil	31142858	5231808	786397340	35	151				Anna_Pedrotti;Paolo_Manghi			1331.0					Stanford	68.0								41.0	0.4			78.0	37.0	24.0	7.140002					Caucasian						115.0	55.0	173.0	6.3																	251.0		132.0	70.72	0.5	6.5	6.2	4.55	13.6																																											
HMP_2019_t2d	HMP2_J16528_M_ST_T0_B0_0120_ZOZOW1T-2002_HLH73BGXX_S23	ZOZOW1T	stool		IGT	IGT	63.0		adult	male	USA	no	IlluminaHiSeq	PowerSoil	31142858	3964332	596411457	35	151				Anna_Pedrotti;Paolo_Manghi			1338.0					Stanford	69.0								44.0	0.2			24.0	38.0	23.0	6.4260018					Caucasian						111.0	58.0	181.0	6.3																	261.0		120.0	97.24	0.5	6.7	6.2	4.51	13.7																																											
HMP_2019_t2d	HMP2_J16530_M_ST_T0_B0_0120_ZWCZHHY-04_HK3LNBGXX_S1	ZWCZHHY	stool		IGT	IGT	67.0		senior	male	USA	no	IlluminaHiSeq	PowerSoil	31142858	34246340	5149482506	35	151				Anna_Pedrotti;Paolo_Manghi			252.0					Stanford	4.0								39.0	0.2			14.0	16.0	30.0	4.6410013					Asian						74.0	76.0	80.0	5.4																	171.0		86.0	70.72	0.6	6.9	5.7	4.26	13.7																																											
HMP_2019_t2d	HMP2_J16531_M_ST_T0_B0_0120_ZVGW5FI-03_HK3LNBGXX_S2	ZVGW5FI	stool		control	Health	51.0		adult	female	USA	no	IlluminaHiSeq	PowerSoil	31142858	32092530	4829327655	35	151				Anna_Pedrotti;Paolo_Manghi			155.0					Stanford	3.0								39.0	3.1			22.0	25.0	38.0	4.6410013					Asian						72.0	59.0	118.0	5.4																	191.0		80.0	53.04	0.5	7.7	5.3	4.62	12.5																																											
HMP_2019_t2d	HMP2_J28634_M_ST_T0_B0_0120_ZLZNCLZ-2015_C93B2ANXX	ZLZNCLZ	stool		IGT	IGT	55.0		adult	male	USA	no	IlluminaHiSeq	PowerSoil	31142858	43396340	5467938840	126	126				Anna_Pedrotti;Paolo_Manghi			353.0					Stanford	13.0								42.0	0.5			23.0	32.0	28.0	4.9980014					Caucasian						119.0	46.0	142.0	5.7																	212.0		116.0	97.24	0.6	7.0	5.9	5.01	15.7																																											
HMP_2019_t2d	HMP2_J35165_M_ST_T0_B0_0120_ZMBH10Z-04_HBB8WADXX	ZMBH10Z	stool		control	Health	54.0		adult	female	USA	no	IlluminaHiSeq	PowerSoil	31142858	1349872	203830672	151	151				Anna_Pedrotti;Paolo_Manghi			282.0					Stanford	4.0								38.0	1.7			16.0	21.0	39.0	4.6410013					African_American						32.0	57.0	136.0	5.8																	199.0		83.0	61.88	0.9	7.7	4.9	4.74	13.5																																											
HMP_2019_t2d	HMP2_J43802_M_ST_T0_B0_0120_ZMGT937-06_C93B2ANXX	ZMGT937	stool		IGT	IGT	35.0		adult	male	USA	no	IlluminaHiSeq	PowerSoil	31142858	24692410	3111243660	126	126				Anna_Pedrotti;Paolo_Manghi			471.0					Stanford	9.0								40.0	1.3			31.0	51.0	43.0	3.2130009					Asian						123.0	45.0	180.0	5.5																	250.0		84.0	79.56	0.4	8.3	5.8	5.25	14.2																																											
HMP_2019_t2d	HMP2_J43804_M_ST_T0_B0_0120_ZLZNCLZ-06_C93B2ANXX	ZLZNCLZ	stool		IGT	IGT	55.0		adult	male	USA	no	IlluminaHiSeq	PowerSoil	31142858	40682464	5125990464	126	126				Anna_Pedrotti;Paolo_Manghi			431.0					Stanford	14.0								38.0	0.8			23.0	27.0	29.0	4.9980014					Caucasian						90.0	44.0	106.0	5.6																	168.0		105.0	88.4	0.6	6.7	5.0	4.76	15.0																																											
HMP_2019_t2d	HMP2_J43805_M_ST_T0_B0_0120_ZLZNCLZ-08_C93B2ANXX	ZLZNCLZ	stool		IGT	IGT	56.0		adult	male	USA	no	IlluminaHiSeq	PowerSoil	31142858	33342810	4201194060	126	126				Anna_Pedrotti;Paolo_Manghi			553.0					Stanford	19.0								40.0	0.6			23.0	32.0	31.0	6.7830019					Caucasian						116.0	48.0	130.0	5.8																	201.0		114.0	88.4	0.6	7.1	6.1	5.16	16.4																																											
HMP_2019_t2d	HMP2_J43806_M_ST_T0_B0_0120_ZLZNCLZ-10_C93B2ANXX	ZLZNCLZ	stool		IGT	IGT	56.0		adult	male	USA	no	IlluminaHiSeq	PowerSoil	31142858	30009606	3781210356	126	126				Anna_Pedrotti;Paolo_Manghi			678.0					Stanford	20.0								41.0	0.6			24.0	40.0	29.0	4.2840012					Caucasian						150.0	47.0	127.0	5.6																	204.0		109.0	106.08	0.7	7.0	5.2	5.03	15.7																																											
HMP_2019_t2d	HMP2_J43812_M_ST_T0_B0_0120_ZYLJ7R7-01_C93B2ANXX	ZYLJ7R7	stool		control	Health	40.0		adult	female	USA	no	IlluminaHiSeq	PowerSoil	31142858	35727114	4501616364	126	126				Anna_Pedrotti;Paolo_Manghi			0.0					Stanford	1.0								44.0	1.5			18.0	29.0	33.0	6.0690017					Asian						82.0	87.0	112.0	5.2																	215.0		72.0	70.72	0.4	7.7	5.6	4.59	14.8																																											
HMP_2019_t2d	HMP2_J43813_M_ST_T0_B0_0120_ZYLJ7R7-02_C93B2ANXX	ZYLJ7R7	stool		control	Health	41.0		adult	female	USA	no	IlluminaHiSeq	PowerSoil	31142858	34619196	4362018696	126	126				Anna_Pedrotti;Paolo_Manghi			86.0					Stanford	2.0								43.0	0.8			18.0	26.0	31.0	4.9980014					Asian						73.0	87.0	107.0	4.9																	209.0		81.0	70.72	0.3	7.4	5.1	4.41	13.9																																											
HMP_2019_t2d	HMP2_J43814_M_ST_T0_B0_0120_ZYLJ7R7-03_C93B2ANXX	ZYLJ7R7	stool		control	Health	41.0		adult	female	USA	no	IlluminaHiSeq	PowerSoil	31142858	34662010	4367413260	126	126				Anna_Pedrotti;Paolo_Manghi			198.0					Stanford	7.0								41.0				24.0	34.0	33.0	5.7120016					Asian						58.0	81.0	122.0	5.0																	215.0		84.0	79.56	0.4	7.4	4.8	4.19	13.3																																											
HMP_2019_t2d	HMP2_J43815_M_ST_T0_B0_0120_ZYLJ7R7-06_C93B2ANXX	ZYLJ7R7	stool		control	Health	42.0		adult	female	USA	no	IlluminaHiSeq	PowerSoil	31142858	41030882	5169891132	126	126				Anna_Pedrotti;Paolo_Manghi			532.0					Stanford	10.0								39.0	1.0			28.0	33.0	32.0	6.0690017					Asian						82.0	91.0	109.0	4.9																	216.0		85.0	79.56	0.6	7.1	4.7	4.18	13.1																																											
HMP_2019_t2d	HMP2_J43817_M_ST_T0_B0_0120_ZYLJ7R7-4012_C93B2ANXX	ZYLJ7R7	stool	yes	control	Health	41.0		adult	female	USA	no	IlluminaHiSeq	PowerSoil	31142858	16018866	2018377116	126	126				Anna_Pedrotti;Paolo_Manghi			102.0					Stanford	4.0				cephalosporins				41.0	1.1			24.0	25.0	34.0	6.0690017					Asian						95.0	88.0	108.0	4.8																	215.0		87.0	70.72	0.3	7.5	5.1	4.28	13.6																																											
HMP_2019_t2d	HMP2_J43818_M_ST_T0_B0_0120_ZYLJ7R7-4013_C93B2ANXX	ZYLJ7R7	stool	yes	control	Health	41.0		adult	female	USA	no	IlluminaHiSeq	PowerSoil	31142858	34608140	4360625640	126	126				Anna_Pedrotti;Paolo_Manghi			106.0					Stanford	5.0				cephalosporins				44.0	1.0			25.0	30.0	34.0	5.3550015					Asian						56.0	98.0	125.0	4.8																	234.0		89.0	79.56	0.5	7.8	4.1	4.12	13.5																																											
HMP_2019_t2d	HMP2_J43819_M_ST_T0_B0_0120_ZYHHR4Z-05_C93B2ANXX	ZYHHR4Z	stool		IGT	IGT	44.0		adult	female	USA	no	IlluminaHiSeq	PowerSoil	31142858	41600738	5241692988	126	126				Anna_Pedrotti;Paolo_Manghi			336.0					Stanford	11.0								39.0				11.0	26.0	31.0	5.3550015					Caucasian						29.0	69.0	88.0	6.4																	163.0		119.0	53.04	0.4	7.0	4.5	4.24	12.5																																											
HMP_2019_t2d	HMP2_J43820_M_ST_T0_B0_0120_ZYHHR4Z-06_C93B2ANXX	ZYHHR4Z	stool		IGT	IGT	45.0		adult	female	USA	no	IlluminaHiSeq	PowerSoil	31142858	33013590	4159712340	126	126				Anna_Pedrotti;Paolo_Manghi			420.0					Stanford	12.0								37.0				16.0	30.0	29.0	4.6410013					Caucasian						50.0	70.0	73.0	6.3																	153.0		198.0	61.88	0.3	6.6	5.3	4.0	11.8																																											
HMP_2019_t2d	HMP2_J43821_M_ST_T0_B0_0120_ZX52KVK-04_C93B2ANXX	ZX52KVK	stool		IGT	IGT	61.0		adult	female	USA	no	IlluminaHiSeq	PowerSoil	31142858	38165932	4808907432	126	126				Anna_Pedrotti;Paolo_Manghi			294.0					Stanford	15.0								37.0	0.7			17.0	23.0	31.0	5.7120016					Caucasian						108.0	53.0	134.0	5.3																	209.0		93.0	70.72	0.5	6.8	4.2	4.1	12.9																																											
HMP_2019_t2d	HMP2_J43827_M_ST_T0_B0_0120_ZVBQY1N-01_C93B2ANXX	ZVBQY1N	stool		IGT	IGT	57.0		adult	male	USA	no	IlluminaHiSeq	PowerSoil	31142858	67843686	8548304436	126	126				Anna_Pedrotti;Paolo_Manghi			0.0					Stanford	1.0																				Caucasian																																																																													
HMP_2019_t2d	HMP2_J43835_M_ST_T0_B0_0120_ZVBQY1N-6011_C93B2ANXX	ZVBQY1N	stool		IGT	IGT	57.0		adult	male	USA	no	IlluminaHiSeq	PowerSoil	31142858	34901224	4397554224	126	126				Anna_Pedrotti;Paolo_Manghi			244.0					Stanford	12.0								42.0	1.1			26.0	48.0	30.0	5.3550015					Caucasian						118.0	48.0	131.0	5.2																	203.0		70.0	70.72	0.7	7.2	6.5	5.25	15.0																																											
HMP_2019_t2d	HMP2_J43836_M_ST_T0_B0_0120_ZVBQY1N-6012_C93B2ANXX	ZVBQY1N	stool		IGT	IGT	57.0		adult	male	USA	no	IlluminaHiSeq	PowerSoil	31142858	26443974	3331940724	126	126				Anna_Pedrotti;Paolo_Manghi			274.0					Stanford	13.0																				Caucasian																																																																													
HMP_2019_t2d	HMP2_J43837_M_ST_T0_B0_0120_ZVBQY1N-6013_C93B2ANXX	ZVBQY1N	stool		IGT	IGT	57.0		adult	male	USA	no	IlluminaHiSeq	PowerSoil	31142858	39200246	4939230996	126	126				Anna_Pedrotti;Paolo_Manghi			304.0					Stanford	14.0																				Caucasian																																																																													
HMP_2019_t2d	HMP2_J43838_M_ST_T0_B0_0120_ZVBQY1N-6014_C93B2ANXX	ZVBQY1N	stool		IGT	IGT	57.0		adult	male	USA	no	IlluminaHiSeq	PowerSoil	31142858	22667670	2856126420	126	126				Anna_Pedrotti;Paolo_Manghi			334.0					Stanford	15.0																				Caucasian																																																																													
HMP_2019_t2d	HMP2_J43839_M_ST_T0_B0_0120_ZVBQY1N-6015_C93B2ANXX	ZVBQY1N	stool		IGT	IGT	57.0		adult	male	USA	no	IlluminaHiSeq	PowerSoil	31142858	30559778	3850532028	126	126				Anna_Pedrotti;Paolo_Manghi			365.0					Stanford	16.0																				Caucasian																																																																													
HMP_2019_t2d	HMP2_J43840_M_ST_T0_B0_0120_ZVBQY1N-6016_C93B2ANXX	ZVBQY1N	stool		IGT	IGT	57.0		adult	male	USA	no	IlluminaHiSeq	PowerSoil	31142858	34665506	4367853756	126	126				Anna_Pedrotti;Paolo_Manghi			395.0					Stanford	17.0																				Caucasian																																																																													
HMP_2019_t2d	HMP2_J45659_M_ST_T0_B0_0120_ZMGT937-07_C93B2ANXX	ZMGT937	stool		IGT	IGT	35.0		adult	male	USA	no	IlluminaHiSeq	PowerSoil	31142858	30763162	3876158412	126	126				Anna_Pedrotti;Paolo_Manghi			559.0					Stanford	10.0								39.0	0.9			31.0	49.0	39.0	2.8560008					Asian						152.0	39.0	151.0	5.3																	220.0		91.0	88.4	0.3	7.8	5.6	5.45	14.6																																											
